case_id,method,run,env,checkpoint,front_index,timestep,reward_dim,foil_action,foil_label,original_action,original_label,valid_action_count,desired_return,remaining_command,original_prob_foil,original_prob_greedy,success,duration_sec,scaled_l2,l2,objective,hinge,target_margin,prob_foil,prob_original_action,greedy_action,greedy_label,command,delta,ray_queries,zoo_queries,binary_queries,total_queries,ray_success,zoo_success,zoo_improved_seed,binary_improved_selected,failure_reason,cw_binary_search_steps,cw_max_iter,cw_nominal_steps
0,ray_zoo,bp,branch-path,model_10.pt,0,0,2,1,up,3,down,2,"[1.0, 3.0]","[1.0, 3.0]",0.057212259620428085,0.942787766456604,true,38.058783999993466,0.23475593328475952,0.7042677998542786,0.07852059602737427,0.0,0.05000114440917969,0.5124976634979248,0.4875023365020752,1,up,"[1.410552978515625, 2.42777681350708]","[0.410552978515625, -0.5722231864929199]",20983,20998,16,41997,true,true,false,false,,,,
0,art_cw,bp,branch-path,model_10.pt,0,0,2,1,up,3,down,2,"[1.0, 3.0]","[1.0, 3.0]",0.057212259620428085,0.942787766456604,false,9.745788699990953,0.25161656737327576,0.7548496723175049,0.10160264000296593,0.03829174116253853,0.011708259582519531,0.5029270052909851,0.4970729649066925,1,up,"[1.7548496723175049, 2.9999032020568848]","[0.7548496723175049, -9.679794311523438e-05]",,,,,,,,,,3,250,750
1,ray_zoo,bp,branch-path,model_10.pt,0,1,2,1,up,3,down,2,"[1.0, 3.0]","[1.0, 3.0]",0.012675740756094456,0.9873242378234863,true,45.28732640000817,0.637790322303772,1.9133708477020264,0.47969967126846313,0.0,0.050018310546875,0.5125019550323486,0.48749804496765137,1,up,"[1.7246013879776, 1.2291412353515625]","[0.7246013879776001, -1.7708587646484375]",20983,20998,16,41997,true,true,false,false,,,,
1,art_cw,bp,branch-path,model_10.pt,0,1,2,1,up,3,down,2,"[1.0, 3.0]","[1.0, 3.0]",0.012675740756094456,0.9873242378234863,false,9.350975399996969,0.0,0.0,4.405308723449707,4.405308723449707,-4.355308532714844,0.012675740756094456,0.9873242378234863,3,down,"[1.0, 3.0]","[0.0, 0.0]",,,,,,,,,,3,250,750
2,ray_zoo,bp,branch-path,model_10.pt,0,2,2,0,right,2,left,3,"[1.0, 3.0]","[1.0, 3.0]",0.06703535467386246,0.9299866557121277,true,48.8123515000043,0.4307161271572113,1.292148470878601,0.2157849371433258,0.0,0.05009591579437256,0.5106461048126221,0.4856950044631958,0,right,"[1.4668335914611816, 1.7951290607452393]","[0.46683359146118164, -1.2048709392547607]",20983,20998,16,41997,true,true,true,false,,,,
2,art_cw,bp,branch-path,model_10.pt,0,2,2,0,right,2,left,3,"[1.0, 3.0]","[1.0, 3.0]",0.06703535467386246,0.9299866557121277,false,10.36085009999806,0.18981027603149414,0.5694308280944824,0.08466168493032455,0.048633743077516556,0.001366257667541504,0.4969229996204376,0.4962445795536041,0,right,"[0.4305691719055176, 3.0]","[-0.5694308280944824, 0.0]",,,,,,,,,,3,250,750
3,ray_zoo,bp,branch-path,model_10.pt,0,2,2,1,up,2,left,3,"[1.0, 3.0]","[1.0, 3.0]",0.002977934665977955,0.9299866557121277,true,52.722190399988904,0.8112439513206482,2.4337317943573,0.6894912719726562,0.0,0.050008952617645264,0.5000568628311157,0.024278653785586357,1,up,"[1.4752858877182007, 0.6131289005279541]","[0.4752858877182007, -2.386871099472046]",20983,20998,16,41997,true,true,false,false,,,,
3,art_cw,bp,branch-path,model_10.pt,0,2,2,1,up,2,left,3,"[1.0, 3.0]","[1.0, 3.0]",0.002977934665977955,0.9299866557121277,false,7.848607899999479,0.0,0.0,5.793940544128418,5.793940544128418,-5.743940353393555,0.002977934665977955,0.9299866557121277,2,left,"[1.0, 3.0]","[0.0, 0.0]",,,,,,,,,,3,250,750
4,ray_zoo,bp,branch-path,model_10.pt,0,3,2,0,right,2,left,2,"[1.0, 3.0]","[1.0, 2.0]",0.019704626873135567,0.9802953600883484,true,53.867344199999934,0.23731207847595215,0.7119362354278564,0.12671330571174622,0.0,0.0500178337097168,0.5125018954277039,0.4874981641769409,0,right,"[1.3908841609954834, 1.40496826171875]","[0.3908841609954834, -0.59503173828125]",20983,20998,16,41997,true,true,false,false,,,,
4,art_cw,bp,branch-path,model_10.pt,0,3,2,0,right,2,left,2,"[1.0, 3.0]","[1.0, 2.0]",0.019704626873135567,0.9802953600883484,false,8.809774800000014,0.2367739975452423,0.7103219628334045,0.06949614360928535,0.013434220105409622,0.03656578063964844,0.5091404318809509,0.4908595681190491,0,right,"[1.4188005924224854, 1.4262723922729492]","[0.41880059242248535, -0.5737276077270508]",,,,,,,,,,3,250,750
5,ray_zoo,bp,branch-path,model_10.pt,0,4,2,0,right,2,left,2,"[1.0, 3.0]","[1.0, 2.0]",0.01756814867258072,0.9824318289756775,true,57.318514700004016,0.31926658749580383,0.9577997922897339,0.22934509813785553,0.0,0.050037384033203125,0.5125067234039307,0.48749327659606934,0,right,"[1.5004185438156128, 1.183322787284851]","[0.5004185438156128, -0.8166772127151489]",20983,20998,16,41997,true,true,true,false,,,,
5,art_cw,bp,branch-path,model_10.pt,0,4,2,0,right,2,left,2,"[1.0, 3.0]","[1.0, 2.0]",0.01756814867258072,0.9824318289756775,true,11.61174249999749,0.35202905535697937,1.0560871362686157,0.12392445653676987,0.0,0.5821762084960938,0.6415680050849915,0.35843199491500854,0,right,"[1.498315453529358, 1.0688706636428833]","[0.4983154535293579, -0.9311293363571167]",,,,,,,,,,3,250,750
6,ray_zoo,bp,branch-path,model_10.pt,0,6,2,2,left,0,right,2,"[1.0, 3.0]","[1.0, 1.0]",0.01816009357571602,0.9818398356437683,true,58.36591609999596,0.19222280383110046,0.576668381690979,0.036949604749679565,0.0,0.050011634826660156,0.5125002861022949,0.4874997138977051,2,left,"[0.6058714389801025, 1.4209620952606201]","[-0.39412856101989746, 0.4209620952606201]",20884,20998,16,41898,false,true,false,false,,,,
6,art_cw,bp,branch-path,model_10.pt,0,6,2,2,left,0,right,2,"[1.0, 3.0]","[1.0, 1.0]",0.01816009357571602,0.9818398356437683,true,12.374999799998477,0.19543778896331787,0.5863134264945984,0.038195930421352386,0.0,0.0543975830078125,0.5135959982872009,0.4864039421081543,2,left,"[0.6559610962867737, 1.4747637510299683]","[-0.3440389037132263, 0.47476375102996826]",,,,,,,,,,3,250,750
7,ray_zoo,bp,branch-path,model_10.pt,0,7,2,2,left,0,right,2,"[1.0, 3.0]","[1.0, 1.0]",0.0055731553584337234,0.9944268465042114,false,57.93926489999285,0.0,0.0,5.23420524597168,5.23420524597168,-5.184205055236816,0.0055731553584337234,0.9944268465042114,0,right,"[1.0, 1.0]","[0.0, 0.0]",20884,20998,0,41882,false,false,false,false,no_successful_seed_or_zoo_point,,,
7,art_cw,bp,branch-path,model_10.pt,0,7,2,2,left,0,right,2,"[1.0, 3.0]","[1.0, 1.0]",0.0055731553584337234,0.9944268465042114,false,11.304245200008154,0.0,0.0,5.23420524597168,5.23420524597168,-5.184205055236816,0.0055731553584337234,0.9944268465042114,0,right,"[1.0, 1.0]","[0.0, 0.0]",,,,,,,,,,3,250,750
8,ray_zoo,bp,branch-path,model_10.pt,0,8,2,2,left,0,right,3,"[1.0, 3.0]","[1.0, 1.0]",0.005715253762900829,0.994017481803894,false,50.78678310000396,0.6672797203063965,2.0018391609191895,4.240207314491272,3.2328474521636963,-3.182847499847412,0.020317591726779938,0.4899652600288391,0,right,"[3.0, 0.9142103791236877]","[2.0, -0.08578962087631226]",20884,20998,0,41882,false,false,false,false,no_successful_seed_or_zoo_point,,,
8,art_cw,bp,branch-path,model_10.pt,0,8,2,2,left,0,right,3,"[1.0, 3.0]","[1.0, 1.0]",0.005715253762900829,0.994017481803894,false,8.724866600008681,0.0,0.0,5.208616256713867,5.208616256713867,-5.158616065979004,0.005715253762900829,0.994017481803894,0,right,"[1.0, 1.0]","[0.0, 0.0]",,,,,,,,,,3,250,750
9,ray_zoo,bp,branch-path,model_10.pt,0,8,2,1,up,0,right,3,"[1.0, 3.0]","[1.0, 1.0]",0.00026722162147052586,0.994017481803894,true,56.31908250000561,0.28548040986061096,0.8564411997795105,0.36661723256111145,0.0,0.05002140998840332,0.5101873874664307,0.4852948784828186,1,up,"[1.6994038820266724, 0.505706787109375]","[0.6994038820266724, -0.494293212890625]",20983,20998,16,41997,true,true,false,false,,,,
9,art_cw,bp,branch-path,model_10.pt,0,8,2,1,up,0,right,3,"[1.0, 3.0]","[1.0, 1.0]",0.00026722162147052586,0.994017481803894,true,10.535439799990854,0.2493409365415573,0.7480227947235107,0.06217090040445328,0.0,0.21358364820480347,0.5519965291023254,0.4458391070365906,1,up,"[1.3817265033721924, 0.35670924186706543]","[0.3817265033721924, -0.6432907581329346]",,,,,,,,,,3,250,750
10,ray_zoo,bp,branch-path,model_10.pt,0,9,2,2,left,0,right,2,"[1.0, 3.0]","[1.0, 0.0]",0.01152303721755743,0.9884769916534424,false,42.382135300009395,0.7345068454742432,2.2035202980041504,2.499528646469116,1.404472827911377,-1.3544728755950928,0.20514008402824402,0.7948598861694336,0,right,"[3.0, 0.924933671951294]","[2.0, 0.924933671951294]",10473,20998,0,31471,false,false,false,false,no_successful_seed_or_zoo_point,,,
10,art_cw,bp,branch-path,model_10.pt,0,9,2,2,left,0,right,2,"[1.0, 3.0]","[1.0, 0.0]",0.01152303721755743,0.9884769916534424,false,9.032280700004776,0.0,0.0,4.501817226409912,4.501817226409912,-4.451817035675049,0.01152303721755743,0.9884769916534424,0,right,"[1.0, 0.0]","[0.0, 0.0]",,,,,,,,,,3,250,750
11,ray_zoo,bp,branch-path,model_10.pt,1,0,2,3,down,1,up,2,"[2.0, 2.0]","[2.0, 2.0]",0.037349920719861984,0.9626501202583313,true,56.76585780001187,0.27045875787734985,0.8113763332366943,0.17592617869377136,0.0,0.050008296966552734,0.5124995112419128,0.48750054836273193,3,down,"[1.197998046875, 2.122981309890747]","[-0.802001953125, 0.12298130989074707]",20983,20998,16,41997,true,true,false,false,,,,
11,art_cw,bp,branch-path,model_10.pt,1,0,2,3,down,1,up,2,"[2.0, 2.0]","[2.0, 2.0]",0.037349920719861984,0.9626501202583313,false,8.607403100002557,0.24780507385730743,0.7434152364730835,0.09441669285297394,0.03300933912396431,0.01699066162109375,0.5042475461959839,0.4957524538040161,3,down,"[1.3411146402359009, 2.3442909717559814]","[-0.6588853597640991, 0.34429097175598145]",,,,,,,,,,3,250,750
12,ray_zoo,bp,branch-path,model_10.pt,1,1,2,3,down,1,up,2,"[2.0, 2.0]","[2.0, 2.0]",0.0018697503255680203,0.9981302618980408,true,57.24115739999979,0.47363999485969543,1.4209201335906982,0.5228276252746582,0.0,0.05001211166381836,0.5125004053115845,0.48749956488609314,3,down,"[0.58758544921875, 2.155238151550293]","[-1.41241455078125, 0.15523815155029297]",20983,20998,16,41997,true,true,false,false,,,,
12,art_cw,bp,branch-path,model_10.pt,1,1,2,3,down,1,up,2,"[2.0, 2.0]","[2.0, 2.0]",0.0018697503255680203,0.9981302618980408,false,10.637792499997886,0.4506228566169739,1.3518686294555664,0.2334991879761219,0.03043823316693306,0.019561767578125,0.5048903226852417,0.4951097369194031,3,down,"[0.7475180625915527, 2.508760929107666]","[-1.2524819374084473, 0.508760929107666]",,,,,,,,,,3,250,750
13,ray_zoo,bp,branch-path,model_10.pt,1,2,2,2,left,0,right,3,"[2.0, 2.0]","[2.0, 2.0]",0.2382495105266571,0.7613793611526489,true,56.4588531999907,0.1928900182247162,0.578670084476471,0.09468761086463928,0.0,0.050006866455078125,0.5114566087722778,0.48650923371315,2,left,"[1.434112548828125, 2.1209564208984375]","[-0.565887451171875, 0.1209564208984375]",20983,20998,16,41997,true,true,false,false,,,,
13,art_cw,bp,branch-path,model_10.pt,1,2,2,2,left,0,right,3,"[2.0, 2.0]","[2.0, 2.0]",0.2382495105266571,0.7613793611526489,false,10.622584500000812,0.0,0.0,1.21181321144104,1.21181321144104,-1.1618132591247559,0.2382495105266571,0.7613793611526489,0,right,"[2.0, 2.0]","[0.0, 0.0]",,,,,,,,,,3,250,750
14,ray_zoo,bp,branch-path,model_10.pt,1,2,2,3,down,0,right,3,"[2.0, 2.0]","[2.0, 2.0]",0.0003710880409926176,0.7613793611526489,false,57.05225680000149,0.7453415989875793,2.236024856567383,5.059123158454895,3.0593159198760986,-3.0093159675598145,0.04700325056910515,7.507208647439256e-05,2,left,"[1.1920928955078125e-07, 2.999903678894043]","[-1.9999998807907104, 0.999903678894043]",20883,20998,0,41881,false,false,false,false,no_successful_seed_or_zoo_point,,,
14,art_cw,bp,branch-path,model_10.pt,1,2,2,3,down,0,right,3,"[2.0, 2.0]","[2.0, 2.0]",0.0003710880409926176,0.7613793611526489,false,10.231867900001816,0.0,0.0,7.676447868347168,7.676447868347168,-7.626447677612305,0.0003710880409926176,0.7613793611526489,0,right,"[2.0, 2.0]","[0.0, 0.0]",,,,,,,,,,3,250,750
15,ray_zoo,bp,branch-path,model_10.pt,1,3,2,0,right,2,left,2,"[2.0, 2.0]","[1.0, 2.0]",0.0037201568484306335,0.9962798953056335,true,55.929279300005874,0.3921777904033661,1.1765333414077759,0.3460576832294464,0.0,0.05000734329223633,0.512499213218689,0.48750075697898865,0,right,"[2.0069351196289062, 1.3914669752120972]","[1.0069351196289062, -0.6085330247879028]",20983,20998,16,41997,true,true,true,false,,,,
15,art_cw,bp,branch-path,model_10.pt,1,3,2,0,right,2,left,2,"[2.0, 2.0]","[1.0, 2.0]",0.0037201568484306335,0.9962798953056335,false,9.425325999996858,0.3774796724319458,1.1324390172958374,0.19248660281300545,0.04999570921063423,4.291534423828125e-06,0.500001072883606,0.49999892711639404,0,right,"[1.9501904249191284, 1.3839186429977417]","[0.9501904249191284, -0.6160813570022583]",,,,,,,,,,3,250,750
16,ray_zoo,bp,branch-path,model_10.pt,1,4,2,0,right,2,left,3,"[2.0, 2.0]","[1.0, 2.0]",0.0003455792320892215,0.9994919300079346,false,58.13813140000275,0.942808985710144,2.8284270763397217,4.740680575370789,2.740680694580078,-2.690680742263794,0.06122709810733795,0.9025920033454895,2,left,"[3.0, 1.1920928955078125e-07]","[2.0, -1.9999998807907104]",20883,20998,0,41881,false,false,false,false,no_successful_seed_or_zoo_point,,,
16,art_cw,bp,branch-path,model_10.pt,1,4,2,0,right,2,left,3,"[2.0, 2.0]","[1.0, 2.0]",0.0003455792320892215,0.9994919300079346,false,10.168988799996441,0.0,0.0,8.019780158996582,8.019780158996582,-7.969780445098877,0.0003455792320892215,0.9994919300079346,2,left,"[1.0, 2.0]","[0.0, 0.0]",,,,,,,,,,3,250,750
17,ray_zoo,bp,branch-path,model_10.pt,1,4,2,3,down,2,left,3,"[2.0, 2.0]","[1.0, 2.0]",0.00016250730550382286,0.9994919300079346,false,54.30178980001074,0.4714045524597168,1.4142135381698608,5.657076746225357,5.434854507446289,-5.384854316711426,0.004564005881547928,0.9953108429908752,2,left,"[0.0, 3.0]","[-1.0, 1.0]",20883,20998,0,41881,false,false,false,false,no_successful_seed_or_zoo_point,,,
17,art_cw,bp,branch-path,model_10.pt,1,4,2,3,down,2,left,3,"[2.0, 2.0]","[1.0, 2.0]",0.00016250730550382286,0.9994919300079346,false,10.412925600001472,0.0,0.0,8.774279594421387,8.774279594421387,-8.724279403686523,0.00016250730550382286,0.9994919300079346,2,left,"[1.0, 2.0]","[0.0, 0.0]",,,,,,,,,,3,250,750
18,ray_zoo,bp,branch-path,model_10.pt,1,5,2,2,left,0,right,2,"[2.0, 2.0]","[0.0, 2.0]",0.0007793951081112027,0.999220609664917,true,54.546421699997154,0.2697541415691376,0.8092624545097351,0.07394283264875412,0.0,0.05004143714904785,0.5125077366828918,0.48749223351478577,2,left,"[0.80401611328125, 1.9080009460449219]","[0.80401611328125, -0.09199905395507812]",20983,20998,16,41997,true,true,false,false,,,,
18,art_cw,bp,branch-path,model_10.pt,1,5,2,2,left,0,right,2,"[2.0, 2.0]","[0.0, 2.0]",0.0007793951081112027,0.999220609664917,true,12.475357500006794,0.27033957839012146,0.8110187649726868,0.07308349013328552,0.0,0.11198878288269043,0.5279679298400879,0.4720320403575897,2,left,"[0.7831540703773499, 1.7892367839813232]","[0.7831540703773499, -0.21076321601867676]",,,,,,,,,,3,250,750
19,ray_zoo,bp,branch-path,model_10.pt,1,6,2,2,left,3,down,3,"[2.0, 2.0]","[0.0, 2.0]",0.0003669317520689219,0.9996323585510254,true,56.85676799999783,0.5499570369720459,1.6498711109161377,0.32248759269714355,0.0,0.05000162124633789,0.4915789067745209,0.46760350465774536,2,left,"[1.6055601835250854, 1.620195984840393]","[1.6055601835250854, -0.37980401515960693]",20983,20998,16,41997,true,true,false,false,,,,
19,art_cw,bp,branch-path,model_10.pt,1,6,2,2,left,3,down,3,"[2.0, 2.0]","[0.0, 2.0]",0.0003669317520689219,0.9996323585510254,false,7.795626999999513,0.5354752540588379,1.6064257621765137,0.33575575426220894,0.04902200773358345,0.0009779930114746094,0.4822863042354584,0.4818148612976074,2,left,"[1.5005346536636353, 1.426415205001831]","[1.5005346536636353, -0.573584794998169]",,,,,,,,,,3,250,750
20,ray_zoo,bp,branch-path,model_10.pt,1,6,2,0,right,3,down,3,"[2.0, 2.0]","[0.0, 2.0]",6.958393896638881e-07,0.9996323585510254,false,56.409736300003715,0.7009026408195496,2.102707862854004,2.462191343307495,1.415371298789978,-1.3653713464736938,0.11323278397321701,0.4435528814792633,3,down,"[0.6491379737854004, 0.0]","[0.6491379737854004, -2.0]",20883,20998,0,41881,false,false,false,false,no_successful_seed_or_zoo_point,,,
20,art_cw,bp,branch-path,model_10.pt,1,6,2,0,right,3,down,3,"[2.0, 2.0]","[0.0, 2.0]",6.958393896638881e-07,0.9996323585510254,false,9.438075700003537,0.0,0.0,14.227779388427734,14.227779388427734,-14.177779197692871,6.958393896638881e-07,0.9996323585510254,3,down,"[0.0, 2.0]","[0.0, 0.0]",,,,,,,,,,3,250,750
21,ray_zoo,bp,branch-path,model_10.pt,1,7,2,1,up,3,down,2,"[2.0, 2.0]","[0.0, 2.0]",0.00015402684221044183,0.9998459815979004,true,58.4546260000061,0.6186339855194092,1.855902075767517,0.4451359808444977,0.0,0.05001711845397949,0.5125016570091248,0.48749834299087524,1,up,"[1.730575442314148, 1.329566478729248]","[1.730575442314148, -0.670433521270752]",20983,20998,16,41997,true,true,false,false,,,,
21,art_cw,bp,branch-path,model_10.pt,1,7,2,1,up,3,down,2,"[2.0, 2.0]","[0.0, 2.0]",0.00015402684221044183,0.9998459815979004,false,7.860472300002584,0.0,0.0,8.828229904174805,8.828229904174805,-8.778229713439941,0.00015402684221044183,0.9998459815979004,3,down,"[0.0, 2.0]","[0.0, 0.0]",,,,,,,,,,3,250,750
22,ray_zoo,bp,branch-path,model_10.pt,1,8,2,1,up,3,down,2,"[2.0, 2.0]","[0.0, 2.0]",5.723320282413624e-05,0.9999427795410156,true,56.63744299999962,0.7126920223236084,2.138076066970825,0.7165182828903198,0.0,0.0500645637512207,0.5125135183334351,0.48748648166656494,1,up,"[1.752008318901062, 0.7745057344436646]","[1.752008318901062, -1.2254942655563354]",20983,20998,16,41997,true,true,false,false,,,,
22,art_cw,bp,branch-path,model_10.pt,1,8,2,1,up,3,down,2,"[2.0, 2.0]","[0.0, 2.0]",5.723320282413624e-05,0.9999427795410156,false,8.607023499993375,0.0,0.0,9.818319320678711,9.818319320678711,-9.768319129943848,5.723320282413624e-05,0.9999427795410156,3,down,"[0.0, 2.0]","[0.0, 0.0]",,,,,,,,,,3,250,750
23,ray_zoo,bp,branch-path,model_10.pt,1,9,2,1,up,3,down,2,"[2.0, 2.0]","[0.0, 2.0]",3.9779079088475555e-05,0.99996018409729,true,53.01197600000887,0.7062591910362244,2.1187775135040283,0.7122701406478882,0.0,0.05001598596572876,0.5125014185905457,0.48749861121177673,1,up,"[1.7182105779647827, 0.76025390625]","[1.7182105779647827, -1.23974609375]",20983,20998,16,41997,true,true,false,false,,,,
23,art_cw,bp,branch-path,model_10.pt,1,9,2,1,up,3,down,2,"[2.0, 2.0]","[0.0, 2.0]",3.9779079088475555e-05,0.99996018409729,false,7.683556799995131,0.0,0.0,10.182129859924316,10.182129859924316,-10.132129669189453,3.9779079088475555e-05,0.99996018409729,3,down,"[0.0, 2.0]","[0.0, 0.0]",,,,,,,,,,3,250,750
24,ray_zoo,bp,branch-path,model_10.pt,2,0,2,3,down,1,up,2,"[3.0, 1.0]","[3.0, 1.0]",0.008621882647275925,0.9913780689239502,true,52.76213100001041,0.7346116900444031,2.2038350105285645,0.5819578170776367,0.0,0.05012083053588867,0.512527585029602,0.48747241497039795,3,down,"[0.866387128829956, 1.5518922805786133]","[-2.133612871170044, 0.5518922805786133]",20983,20998,16,41997,true,true,true,false,,,,
24,art_cw,bp,branch-path,model_10.pt,2,0,2,3,down,1,up,2,"[3.0, 1.0]","[3.0, 1.0]",0.008621882647275925,0.9913780689239502,false,9.545928599996842,0.0,0.0,4.794792652130127,4.794792652130127,-4.744792461395264,0.008621882647275925,0.9913780689239502,1,up,"[3.0, 1.0]","[0.0, 0.0]",,,,,,,,,,3,250,750
25,ray_zoo,bp,branch-path,model_10.pt,2,1,2,3,down,1,up,2,"[3.0, 1.0]","[3.0, 1.0]",0.004894371144473553,0.9951056241989136,true,53.47241889999714,0.9151973128318787,2.745591878890991,0.8666511178016663,0.0,0.050104618072509766,0.5125235319137573,0.4874764680862427,3,down,"[0.2927858829498291, 1.457457423210144]","[-2.707214117050171, 0.45745742321014404]",20983,20998,16,41997,true,true,false,false,,,,
25,art_cw,bp,branch-path,model_10.pt,2,1,2,3,down,1,up,2,"[3.0, 1.0]","[3.0, 1.0]",0.004894371144473553,0.9951056241989136,false,7.96104799999739,0.0,0.0,5.364763259887695,5.364763259887695,-5.314763069152832,0.004894371144473553,0.9951056241989136,1,up,"[3.0, 1.0]","[0.0, 0.0]",,,,,,,,,,3,250,750
26,ray_zoo,bp,branch-path,model_10.pt,2,2,2,0,right,2,left,3,"[3.0, 1.0]","[3.0, 1.0]",0.2700809836387634,0.7282189726829529,true,54.93892980000237,0.11121678352355957,0.3336503505706787,0.021763106808066368,0.0,0.05000138282775879,0.5120219588279724,0.4870496690273285,0,right,"[2.790987491607666, 1.2600698471069336]","[-0.20901250839233398, 0.2600698471069336]",20983,20998,16,41997,true,true,true,false,,,,
26,art_cw,bp,branch-path,model_10.pt,2,2,2,0,right,2,left,3,"[3.0, 1.0]","[3.0, 1.0]",0.2700809836387634,0.7282189726829529,false,9.658178500001668,0.09992345422506332,0.2997703552246094,0.05997754447162151,0.04999284818768501,7.152557373046875e-06,0.49948668479919434,0.4994831383228302,0,right,"[2.999945878982544, 1.2997703552246094]","[-5.412101745605469e-05, 0.2997703552246094]",,,,,,,,,,3,250,750
27,ray_zoo,bp,branch-path,model_10.pt,2,2,2,3,down,2,left,3,"[3.0, 1.0]","[3.0, 1.0]",0.0017000434454530478,0.7282189726829529,false,51.75262230000226,1.2018147706985474,3.6054444313049316,5.059174418449402,3.0593669414520264,-3.009366989135742,0.04700096324086189,0.9529240131378174,2,left,"[2.384185791015625e-07, 2.999807596206665]","[-2.999999761581421, 1.999807596206665]",20883,20998,0,41881,false,false,false,false,no_successful_seed_or_zoo_point,,,
27,art_cw,bp,branch-path,model_10.pt,2,2,2,3,down,2,left,3,"[3.0, 1.0]","[3.0, 1.0]",0.0017000434454530478,0.7282189726829529,false,8.124317199995858,0.0,0.0,6.10994815826416,6.10994815826416,-6.059947967529297,0.0017000434454530478,0.7282189726829529,2,left,"[3.0, 1.0]","[0.0, 0.0]",,,,,,,,,,3,250,750
28,ray_zoo,bp,branch-path,model_10.pt,2,3,2,0,right,2,left,2,"[3.0, 1.0]","[2.0, 1.0]",0.06441271305084229,0.9355873465538025,true,52.441686000005575,0.1851893663406372,0.5555680990219116,0.07716397941112518,0.0,0.05001497268676758,0.5125011205673218,0.48749884963035583,0,right,"[1.56304931640625, 1.3431180715560913]","[-0.43695068359375, 0.3431180715560913]",20983,20998,16,41997,true,true,false,false,,,,
28,art_cw,bp,branch-path,model_10.pt,2,3,2,0,right,2,left,2,"[3.0, 1.0]","[2.0, 1.0]",0.06441271305084229,0.9355873465538025,true,9.234364999996615,0.25753334164619446,0.7726000547409058,0.0663234293460846,0.0,0.3073770999908447,0.5762448906898499,0.42375504970550537,0,right,"[2.18601655960083, 0.25012755393981934]","[0.18601655960083008, -0.7498724460601807]",,,,,,,,,,3,250,750
29,ray_zoo,bp,branch-path,model_10.pt,2,4,2,0,right,2,left,2,"[3.0, 1.0]","[2.0, 1.0]",0.01852085441350937,0.9814791679382324,true,43.39255210000556,0.2657909095287323,0.7973726987838745,0.1589508056640625,0.0,0.05012702941894531,0.5125291347503662,0.4874708652496338,0,right,"[1.349517822265625, 1.4611682891845703]","[-0.650482177734375, 0.4611682891845703]",20983,20998,16,41997,true,true,false,false,,,,
29,art_cw,bp,branch-path,model_10.pt,2,4,2,0,right,2,left,2,"[3.0, 1.0]","[2.0, 1.0]",0.01852085441350937,0.9814791679382324,true,9.404326600008062,0.32512953877449036,0.9753885865211487,0.10570921003818512,0.0,0.13026714324951172,0.5325208306312561,0.4674791991710663,0,right,"[2.475710391998291, 0.14848220348358154]","[0.475710391998291, -0.8515177965164185]",,,,,,,,,,3,250,750
30,ray_zoo,bp,branch-path,model_10.pt,2,6,2,2,left,0,right,2,"[3.0, 1.0]","[1.0, 1.0]",0.006474798545241356,0.9935251474380493,true,51.4478259000025,0.3285435438156128,0.9856306314468384,0.10794086009263992,0.0,0.05001544952392578,0.5125012993812561,0.4874987304210663,2,left,"[1.9705355167388916, 1.1718387603759766]","[0.9705355167388916, 0.17183876037597656]",20884,20998,16,41898,false,true,false,true,,,,
30,art_cw,bp,branch-path,model_10.pt,2,6,2,2,left,0,right,2,"[3.0, 1.0]","[1.0, 1.0]",0.006474798545241356,0.9935251474380493,false,10.473473600010038,0.32593220472335815,0.9777965545654297,0.12163535133004189,0.015403557568788528,0.03459644317626953,0.5086482763290405,0.49135175347328186,2,left,"[1.9585752487182617, 1.1929237842559814]","[0.9585752487182617, 0.19292378425598145]",,,,,,,,,,3,250,750
31,ray_zoo,bp,branch-path,model_10.pt,2,7,2,2,left,0,right,2,"[3.0, 1.0]","[1.0, 1.0]",0.002528946613892913,0.9974710941314697,false,52.32682860000932,0.0,0.0,6.027420520782471,6.027420520782471,-5.977420330047607,0.002528946613892913,0.9974710941314697,0,right,"[1.0, 1.0]","[0.0, 0.0]",20884,20998,0,41882,false,false,false,false,no_successful_seed_or_zoo_point,,,
31,art_cw,bp,branch-path,model_10.pt,2,7,2,2,left,0,right,2,"[3.0, 1.0]","[1.0, 1.0]",0.002528946613892913,0.9974710941314697,false,9.23576999999932,0.0,0.0,6.027420520782471,6.027420520782471,-5.977420330047607,0.002528946613892913,0.9974710941314697,0,right,"[1.0, 1.0]","[0.0, 0.0]",,,,,,,,,,3,250,750
32,ray_zoo,bp,branch-path,model_10.pt,2,8,2,2,left,0,right,3,"[3.0, 1.0]","[1.0, 1.0]",0.005653794389218092,0.9932736158370972,false,53.219427099989844,0.6666666865348816,2.0,4.33770751953125,3.33770751953125,-3.287707567214966,0.03068132884800434,0.14762979745864868,3,down,"[1.0, 3.0]","[0.0, 2.0]",20884,20998,0,41882,false,false,false,false,no_successful_seed_or_zoo_point,,,
32,art_cw,bp,branch-path,model_10.pt,2,8,2,2,left,0,right,3,"[3.0, 1.0]","[1.0, 1.0]",0.005653794389218092,0.9932736158370972,false,7.97155910001311,0.0,0.0,5.218679428100586,5.218679428100586,-5.168679237365723,0.005653794389218092,0.9932736158370972,0,right,"[1.0, 1.0]","[0.0, 0.0]",,,,,,,,,,3,250,750
33,ray_zoo,bp,branch-path,model_10.pt,2,8,2,3,down,0,right,3,"[3.0, 1.0]","[1.0, 1.0]",0.0010725266765803099,0.9932736158370972,true,52.555029499999364,0.2851755619049072,0.8555266857147217,0.3139570355415344,0.0,0.05011951923370361,0.5018705725669861,0.4773370027542114,3,down,"[0.5821075439453125, 1.7465198040008545]","[-0.4178924560546875, 0.7465198040008545]",20983,20998,16,41997,true,true,false,false,,,,
33,art_cw,bp,branch-path,model_10.pt,2,8,2,3,down,0,right,3,"[3.0, 1.0]","[1.0, 1.0]",0.0010725266765803099,0.9932736158370972,true,6.834493400005158,0.23992066085338593,0.7197619676589966,0.057561926543712616,0.0,0.3712998032569885,0.5807581543922424,0.4006285071372986,3,down,"[0.32808899879455566, 1.2580560445785522]","[-0.6719110012054443, 0.25805604457855225]",,,,,,,,,,3,250,750
34,ray_zoo,bp,branch-path,model_10.pt,2,9,2,2,left,0,right,2,"[3.0, 1.0]","[0.0, 1.0]",0.023772934451699257,0.9762271046638489,true,50.30762110000069,0.2333189994096756,0.699957013130188,0.12248495221138,0.0,0.05000650882720947,0.5124990344047546,0.48750099539756775,2,left,"[0.0, 1.699957013130188]","[0.0, 0.699957013130188]",20983,20998,16,41997,true,true,true,false,,,,
34,art_cw,bp,branch-path,model_10.pt,2,9,2,2,left,0,right,2,"[3.0, 1.0]","[0.0, 1.0]",0.023772934451699257,0.9762271046638489,false,8.139189699999406,0.22571344673633575,0.6771403551101685,0.10081489384174347,0.04986833408474922,0.0001316666603088379,0.500032901763916,0.4999670684337616,2,left,"[0.0, 1.6771403551101685]","[0.0, 0.6771403551101685]",,,,,,,,,,3,250,750
35,ray_zoo,c2,collect_two,model_10.pt,0,0,4,3,down,2,left,4,"[0.0, 1.0, 0.0, 0.800000011920929]","[0.0, 1.0, 0.0, 0.800000011920929]",0.13655033707618713,0.6326315402984619,true,52.59638820000691,0.20227400958538055,0.20227400958538055,0.04485784471035004,0.0,0.05002391338348389,0.3493662178516388,0.3323194980621338,3,down,"[0.019300250336527824, 0.8001109957695007, 0.020551584661006927, 0.8128177523612976]","[0.019300250336527824, -0.19988900423049927, 0.020551584661006927, 0.012817740440368652]",20983,20998,16,41997,true,true,true,true,,,,
35,art_cw,c2,collect_two,model_10.pt,0,0,4,3,down,2,left,4,"[0.0, 1.0, 0.0, 0.800000011920929]","[0.0, 1.0, 0.0, 0.800000011920929]",0.13655033707618713,0.6326315402984619,false,10.209010899998248,0.19031715393066406,0.19031715393066406,0.06277429684996605,0.026553679257631302,0.023446321487426758,0.3731862008571625,0.36453816294670105,3,down,"[0.00016740337014198303, 0.9984116554260254, 0.00011174380779266357, 0.9903104305267334]","[0.00016740337014198303, -0.0015883445739746094, 0.00011174380779266357, 0.19031041860580444]",,,,,,,,,,3,250,750
36,ray_zoo,c2,collect_two,model_10.pt,0,0,4,0,right,2,left,4,"[0.0, 1.0, 0.0, 0.800000011920929]","[0.0, 1.0, 0.0, 0.800000011920929]",0.1218736469745636,0.6326315402984619,true,52.77887660000124,0.6583420634269714,0.6583420634269714,0.4334142804145813,0.0,0.05001258850097656,0.2912229299545288,0.2770163416862488,0,right,"[0.12846772372722626, 0.5168130397796631, 0.4175574481487274, 0.7046770453453064]","[0.12846772372722626, -0.4831869602203369, 0.4175574481487274, -0.09532296657562256]",20983,20998,16,41997,true,true,true,true,,,,
36,art_cw,c2,collect_two,model_10.pt,0,0,4,0,right,2,left,4,"[0.0, 1.0, 0.0, 0.800000011920929]","[0.0, 1.0, 0.0, 0.800000011920929]",0.1218736469745636,0.6326315402984619,false,10.452364400000079,0.0,0.0,1.6969032287597656,1.6969032287597656,-1.6469032764434814,0.1218736469745636,0.6326315402984619,2,left,"[0.0, 1.0, 0.0, 0.800000011920929]","[0.0, 0.0, 0.0, 0.0]",,,,,,,,,,3,250,750
37,ray_zoo,c2,collect_two,model_10.pt,0,1,4,0,right,2,left,2,"[0.0, 1.0, 0.0, 0.800000011920929]","[0.0, 1.0, 0.0, 0.800000011920929]",0.23458120226860046,0.7654187679290771,true,51.89655089999724,0.15378880500793457,0.15378880500793457,0.023650996387004852,0.0,0.050026655197143555,0.5125040411949158,0.48749589920043945,0,right,"[0.037325505167245865, 0.88614422082901, 0.008387474343180656, 0.8960433006286621]","[0.037325505167245865, -0.11385577917098999, 0.008387474343180656, 0.09604328870773315]",20983,20998,16,41997,true,true,true,true,,,,
37,art_cw,c2,collect_two,model_10.pt,0,1,4,0,right,2,left,2,"[0.0, 1.0, 0.0, 0.800000011920929]","[0.0, 1.0, 0.0, 0.800000011920929]",0.23458120226860046,0.7654187679290771,true,8.215414899997995,0.214003786444664,0.214003786444664,0.045797623693943024,0.0,0.2251894474029541,0.5560606718063354,0.44393935799598694,0,right,"[0.007579497992992401, 0.9242507815361023, 0.0014947177842259407, 1.0]","[0.007579497992992401, -0.0757492184638977, 0.0014947177842259407, 0.19999998807907104]",,,,,,,,,,3,250,750
38,ray_zoo,c2,collect_two,model_10.pt,0,2,4,0,right,2,left,2,"[0.0, 1.0, 0.0, 0.800000011920929]","[0.0, 1.0, 0.0, 0.800000011920929]",0.29500851035118103,0.7049915194511414,true,52.221719799999846,0.12694375216960907,0.12694375216960907,0.016362152993679047,0.0,0.05000114440917969,0.5124976634979248,0.4875023365020752,0,right,"[0.04141125828027725, 0.880185604095459, 0.005832971539348364, 0.8032109141349792]","[0.04141125828027725, -0.11981439590454102, 0.005832971539348364, 0.003210902214050293]",20983,20998,16,41997,true,true,true,true,,,,
38,art_cw,c2,collect_two,model_10.pt,0,2,4,0,right,2,left,2,"[0.0, 1.0, 0.0, 0.800000011920929]","[0.0, 1.0, 0.0, 0.800000011920929]",0.29500851035118103,0.7049915194511414,false,9.371328900000663,0.16299410164356232,0.16299410164356232,0.055771734565496445,0.029204655438661575,0.020795345306396484,0.5051986575126648,0.4948013424873352,0,right,"[0.0005750451236963272, 0.998137354850769, 0.00011560413986444473, 0.9629824161529541]","[0.0005750451236963272, -0.001862645149230957, 0.00011560413986444473, 0.16298240423202515]",,,,,,,,,,3,250,750
39,ray_zoo,c2,collect_two,model_10.pt,0,3,4,0,right,3,down,3,"[0.0, 1.0, 0.0, 0.800000011920929]","[0.0, 0.0, 0.0, 0.800000011920929]",0.2689443528652191,0.5589876770973206,true,51.41710160000366,0.5275476574897766,0.5275476574897766,0.31625834107398987,0.0,0.05002087354660034,0.3904385566711426,0.37138888239860535,0,right,"[0.0, 0.015749352052807808, 0.45889928936958313, 0.540250301361084]","[0.0, 0.015749352052807808, 0.45889928936958313, -0.25974971055984497]",20983,20998,16,41997,true,true,true,true,,,,
39,art_cw,c2,collect_two,model_10.pt,0,3,4,0,right,3,down,3,"[0.0, 1.0, 0.0, 0.800000011920929]","[0.0, 0.0, 0.0, 0.800000011920929]",0.2689443528652191,0.5589876770973206,false,6.934859300003154,0.5100271105766296,0.5100271105766296,0.30593492463231087,0.04580729082226753,0.004192709922790527,0.373414009809494,0.37185168266296387,0,right,"[0.0032781902700662613, 0.0, 0.31746357679367065, 0.4008336663246155]","[0.0032781902700662613, 0.0, 0.31746357679367065, -0.3991663455963135]",,,,,,,,,,3,250,750
40,ray_zoo,c2,collect_two,model_10.pt,0,3,4,1,up,3,down,3,"[0.0, 1.0, 0.0, 0.800000011920929]","[0.0, 0.0, 0.0, 0.800000011920929]",0.17206799983978271,0.5589876770973206,true,52.041107199998805,0.6902616620063782,0.6902616620063782,0.5534884333610535,0.0,0.05001187324523926,0.3655136227607727,0.34768322110176086,1,up,"[0.5825653672218323, 0.01189039833843708, 0.0, 0.4299495220184326]","[0.5825653672218323, 0.01189039833843708, 0.0, -0.37005048990249634]",20983,20998,16,41997,true,true,true,false,,,,
40,art_cw,c2,collect_two,model_10.pt,0,3,4,1,up,3,down,3,"[0.0, 1.0, 0.0, 0.800000011920929]","[0.0, 0.0, 0.0, 0.800000011920929]",0.17206799983978271,0.5589876770973206,false,9.364161300007254,0.6486651301383972,0.6486651301383972,0.46631352975964546,0.04554705694317818,0.004452943801879883,0.3456971049308777,0.34416118264198303,1,up,"[0.38588747382164, 0.05429312586784363, 0.025981759652495384, 0.2820863723754883]","[0.38588747382164, 0.05429312586784363, 0.025981759652495384, -0.5179136395454407]",,,,,,,,,,3,250,750
41,ray_zoo,c2,collect_two,model_10.pt,0,4,4,1,up,3,down,2,"[0.0, 1.0, 0.0, 0.800000011920929]","[0.0, 0.0, 0.0, 0.800000011920929]",0.28236261010169983,0.7176373600959778,true,51.169731600006344,0.5148735642433167,0.5148735642433167,0.3187638819217682,0.0,0.050008296966552734,0.5124995112419128,0.48750054836273193,1,up,"[0.0, 0.34623196721076965, 0.22317397594451904, 0.49111229181289673]","[0.0, 0.34623196721076965, 0.22317397594451904, -0.3088877201080322]",20983,20998,16,41997,true,true,true,false,,,,
41,art_cw,c2,collect_two,model_10.pt,0,4,4,1,up,3,down,2,"[0.0, 1.0, 0.0, 0.800000011920929]","[0.0, 0.0, 0.0, 0.800000011920929]",0.28236261010169983,0.7176373600959778,false,9.35572520000278,0.5779138803482056,0.5779138803482056,0.3839837498962879,0.049999285489320755,7.152557373046875e-07,0.5000001788139343,0.4999997913837433,1,up,"[0.0005770521238446236, 0.0015991060063242912, 0.0012266645208001137, 0.222089946269989]","[0.0005770521238446236, 0.0015991060063242912, 0.0012266645208001137, -0.5779100656509399]",,,,,,,,,,3,250,750
42,ray_zoo,c2,collect_two,model_10.pt,0,5,4,1,up,3,down,2,"[0.0, 1.0, 0.0, 0.800000011920929]","[0.0, 0.0, 0.0, 0.800000011920929]",0.3400658965110779,0.6599340438842773,true,51.73190909999539,0.25901973247528076,0.25901973247528076,0.0837312787771225,0.0,0.050011634826660156,0.5125002861022949,0.4874997138977051,1,up,"[0.0, 0.1374978870153427, 0.1363936960697174, 0.6280049085617065]","[0.0, 0.1374978870153427, 0.1363936960697174, -0.1719951033592224]",20983,20998,16,41997,true,true,true,false,,,,
42,art_cw,c2,collect_two,model_10.pt,0,5,4,1,up,3,down,2,"[0.0, 1.0, 0.0, 0.800000011920929]","[0.0, 0.0, 0.0, 0.800000011920929]",0.3400658965110779,0.6599340438842773,true,8.327155999999377,0.28091686964035034,0.28091686964035034,0.07891428470611572,0.0,0.05450582504272461,0.513623058795929,0.48637694120407104,1,up,"[0.0, 0.04998807609081268, 0.03682446479797363, 0.5260302424430847]","[0.0, 0.04998807609081268, 0.03682446479797363, -0.27396976947784424]",,,,,,,,,,3,250,750
43,ray_zoo,c2,collect_two,model_10.pt,0,6,4,1,up,0,right,2,"[0.0, 1.0, 0.0, 0.800000011920929]","[0.0, 0.0, 0.0, 0.800000011920929]",0.33044201135635376,0.6695579886436462,true,51.61882699999842,0.3431324362754822,0.3431324362754822,0.15214911103248596,0.0,0.050003767013549805,0.5124983191490173,0.48750168085098267,1,up,"[0.0, 0.2378399819135666, 0.0, 0.5526702404022217]","[0.0, 0.2378399819135666, 0.0, -0.24732977151870728]",20983,20998,16,41997,true,true,true,false,,,,
43,art_cw,c2,collect_two,model_10.pt,0,6,4,1,up,0,right,2,"[0.0, 1.0, 0.0, 0.800000011920929]","[0.0, 0.0, 0.0, 0.800000011920929]",0.33044201135635376,0.6695579886436462,false,8.062287499997183,0.371498703956604,0.371498703956604,0.17378437891602516,0.03577308729290962,0.014226913452148438,0.5035566687583923,0.49644333124160767,1,up,"[2.8330832719802856e-05, 0.0007101353257894516, 0.0002872338518500328, 0.4285021126270294]","[2.8330832719802856e-05, 0.0007101353257894516, 0.0002872338518500328, -0.37149789929389954]",,,,,,,,,,3,250,750
44,ray_zoo,c2,collect_two,model_10.pt,0,7,4,2,left,0,right,2,"[0.0, 1.0, 0.0, 0.800000011920929]","[0.0, 0.0, 0.0, 0.800000011920929]",0.23251047730445862,0.767489492893219,true,51.17175479998696,0.572256326675415,0.572256326675415,0.37668082118034363,0.0,0.05002307891845703,0.5125031471252441,0.48749685287475586,2,left,"[0.0, 0.4889160394668579, 0.031072381883859634, 0.5042418241500854]","[0.0, 0.4889160394668579, 0.031072381883859634, -0.2957581877708435]",20983,20998,16,41997,true,true,true,false,,,,
44,art_cw,c2,collect_two,model_10.pt,0,7,4,2,left,0,right,2,"[0.0, 1.0, 0.0, 0.800000011920929]","[0.0, 0.0, 0.0, 0.800000011920929]",0.23251047730445862,0.767489492893219,true,9.652280199996312,0.5845722556114197,0.5845722556114197,0.341724693775177,0.0,0.07631111145019531,0.5190684795379639,0.48093146085739136,2,left,"[0.0, 0.33439090847969055, 0.004698006436228752, 0.32053643465042114]","[0.0, 0.33439090847969055, 0.004698006436228752, -0.4794635772705078]",,,,,,,,,,3,250,750
45,ray_zoo,c2,collect_two,model_10.pt,0,8,4,2,left,0,right,2,"[0.0, 1.0, 0.0, 0.800000011920929]","[0.0, 0.0, 0.0, 0.800000011920929]",0.30599477887153625,0.6940052509307861,true,46.97591259999899,0.5109506249427795,0.5109506249427795,0.3016242980957031,0.0,0.05000591278076172,0.5124988555908203,0.4875011444091797,2,left,"[0.0, 0.43471238017082214, 0.0, 0.5314936637878418]","[0.0, 0.43471238017082214, 0.0, -0.26850634813308716]",20983,20998,16,41997,true,true,true,false,,,,
45,art_cw,c2,collect_two,model_10.pt,0,8,4,2,left,0,right,2,"[0.0, 1.0, 0.0, 0.800000011920929]","[0.0, 0.0, 0.0, 0.800000011920929]",0.30599477887153625,0.6940052509307861,false,6.988591600005748,0.4786798059940338,0.4786798059940338,0.2831331230700016,0.053998757153749466,-0.003998756408691406,0.49900031089782715,0.5009996891021729,0,right,"[0.0, 0.28710174560546875, 0.0032041696831583977, 0.4169899821281433]","[0.0, 0.28710174560546875, 0.0032041696831583977, -0.38301002979278564]",,,,,,,,,,3,250,750
46,ray_zoo,c2,collect_two,model_10.pt,1,0,4,0,right,2,left,4,"[0.0, 1.0, 0.800000011920929, 0.0]","[0.0, 1.0, 0.800000011920929, 0.0]",0.1854134500026703,0.5995833873748779,true,44.23339829999895,0.21892616152763367,0.21892616152763367,0.05059191212058067,0.0,0.05000948905944824,0.38044166564941406,0.36188387870788574,0,right,"[0.0, 0.7813274264335632, 0.8105341792106628, 0.0]","[0.0, -0.21867257356643677, 0.010534167289733887, 0.0]",20983,20998,16,41997,true,true,true,true,,,,
46,art_cw,c2,collect_two,model_10.pt,1,0,4,0,right,2,left,4,"[0.0, 1.0, 0.800000011920929, 0.0]","[0.0, 1.0, 0.800000011920929, 0.0]",0.1854134500026703,0.5995833873748779,false,6.705097300000489,0.20016779005527496,0.20016779005527496,0.11240344494581223,0.07233630120754242,-0.022336304187774658,0.37081900238990784,0.3791949450969696,2,left,"[0.0, 0.9918056726455688, 1.0, 0.0]","[0.0, -0.008194327354431152, 0.19999998807907104, 0.0]",,,,,,,,,,3,250,750
47,ray_zoo,c2,collect_two,model_10.pt,1,0,4,3,down,2,left,4,"[0.0, 1.0, 0.800000011920929, 0.0]","[0.0, 1.0, 0.800000011920929, 0.0]",0.1102156937122345,0.5995833873748779,true,44.014174800002365,0.8674930930137634,0.8674930930137634,0.7615002393722534,0.0,0.050017595291137695,0.2904796302318573,0.2761971950531006,3,down,"[0.17562086880207062, 0.7494474649429321, 0.6738190650939941, 0.8018749356269836]","[0.17562086880207062, -0.25055253505706787, -0.12618094682693481, 0.8018749356269836]",20983,20998,16,41997,true,true,true,true,,,,
47,art_cw,c2,collect_two,model_10.pt,1,0,4,3,down,2,left,4,"[0.0, 1.0, 0.800000011920929, 0.0]","[0.0, 1.0, 0.800000011920929, 0.0]",0.1102156937122345,0.5995833873748779,false,7.73462840000866,0.0,0.0,1.7437957525253296,1.7437957525253296,-1.6937958002090454,0.1102156937122345,0.5995833873748779,2,left,"[0.0, 1.0, 0.800000011920929, 0.0]","[0.0, 0.0, 0.0, 0.0]",,,,,,,,,,3,250,750
48,ray_zoo,c2,collect_two,model_10.pt,1,1,4,0,right,2,left,2,"[0.0, 1.0, 0.800000011920929, 0.0]","[0.0, 1.0, 0.800000011920929, 0.0]",0.23961901664733887,0.7603809833526611,true,43.912430600001244,0.21768735349178314,0.21768735349178314,0.049644168466329575,0.0,0.05003213882446289,0.5125054121017456,0.4874945878982544,0,right,"[0.0, 0.7825286984443665, 0.8096961975097656, 0.0]","[0.0, -0.21747130155563354, 0.00969618558883667, 0.0]",20983,20998,16,41997,true,true,true,true,,,,
48,art_cw,c2,collect_two,model_10.pt,1,1,4,0,right,2,left,2,"[0.0, 1.0, 0.800000011920929, 0.0]","[0.0, 1.0, 0.800000011920929, 0.0]",0.23961901664733887,0.7603809833526611,false,5.937327699997695,0.20108245313167572,0.20108245313167572,0.09949143975973129,0.05905728414654732,-0.009057283401489258,0.4977356791496277,0.5022643208503723,2,left,"[0.0, 0.9791635274887085, 1.0, 0.0]","[0.0, -0.020836472511291504, 0.19999998807907104, 0.0]",,,,,,,,,,3,250,750
49,ray_zoo,c2,collect_two,model_10.pt,1,2,4,0,right,2,left,2,"[0.0, 1.0, 0.800000011920929, 0.0]","[0.0, 1.0, 0.800000011920929, 0.0]",0.25846022367477417,0.7415397763252258,true,44.3109664000076,0.2124689519405365,0.2124689519405365,0.04514305666089058,0.0,0.05002117156982422,0.5125026702880859,0.4874972999095917,0,right,"[0.0, 0.7881090044975281, 0.800000011920929, 0.01566089689731598]","[0.0, -0.21189099550247192, 0.0, 0.01566089689731598]",20983,20998,16,41997,true,true,true,true,,,,
49,art_cw,c2,collect_two,model_10.pt,1,2,4,0,right,2,left,2,"[0.0, 1.0, 0.800000011920929, 0.0]","[0.0, 1.0, 0.800000011920929, 0.0]",0.25846022367477417,0.7415397763252258,false,7.107313799991971,0.20094291865825653,0.20094291865825653,0.10113264247775078,0.06075458601117134,-0.010754585266113281,0.4973113536834717,0.5026885867118835,2,left,"[0.0, 0.9805561900138855, 1.0, 0.0]","[0.0, -0.019443809986114502, 0.19999998807907104, 0.0]",,,,,,,,,,3,250,750
50,ray_zoo,c2,collect_two,model_10.pt,1,3,4,3,down,0,right,3,"[0.0, 1.0, 0.800000011920929, 0.0]","[0.0, 0.0, 0.800000011920929, 0.0]",0.22681176662445068,0.5722797513008118,true,43.340477899997495,0.5380135178565979,0.5380135178565979,0.35300880670547485,0.0,0.05000424385070801,0.35492339730262756,0.337612122297287,3,down,"[0.1137467697262764, 0.4044032394886017, 0.4638776481151581, 0.0]","[0.1137467697262764, 0.4044032394886017, -0.3361223638057709, 0.0]",20983,20998,16,41997,true,true,true,true,,,,
50,art_cw,c2,collect_two,model_10.pt,1,3,4,3,down,0,right,3,"[0.0, 1.0, 0.800000011920929, 0.0]","[0.0, 0.0, 0.800000011920929, 0.0]",0.22681176662445068,0.5722797513008118,true,7.9785045000026,0.6245266795158386,0.6245266795158386,0.3900335431098938,0.0,0.14512789249420166,0.3725772202014923,0.30517640709877014,3,down,"[0.036814309656620026, 0.40652701258659363, 0.3273330628871918, 0.0]","[0.036814309656620026, 0.40652701258659363, -0.4726669490337372, 0.0]",,,,,,,,,,3,250,750
51,ray_zoo,c2,collect_two,model_10.pt,1,3,4,1,up,0,right,3,"[0.0, 1.0, 0.800000011920929, 0.0]","[0.0, 0.0, 0.800000011920929, 0.0]",0.20090848207473755,0.5722797513008118,true,44.43149849999463,0.579518735408783,0.579518735408783,0.3914664089679718,0.0,0.05001497268676758,0.35442858934402466,0.3371378481388092,1,up,"[0.4862951934337616, 0.02170337364077568, 0.48553550243377686, 0.0]","[0.4862951934337616, 0.02170337364077568, -0.3144645094871521, 0.0]",20983,20998,16,41997,true,true,true,false,,,,
51,art_cw,c2,collect_two,model_10.pt,1,3,4,1,up,0,right,3,"[0.0, 1.0, 0.800000011920929, 0.0]","[0.0, 0.0, 0.800000011920929, 0.0]",0.20090848207473755,0.5722797513008118,false,8.88011519999418,0.6484522223472595,0.6484522223472595,0.4511476047337055,0.030657339841127396,0.019342660903930664,0.3388859033584595,0.3287201225757599,1,up,"[0.1389794796705246, 0.04281500726938248, 0.16806501150131226, 0.0]","[0.1389794796705246, 0.04281500726938248, -0.6319350004196167, 0.0]",,,,,,,,,,3,250,750
52,ray_zoo,c2,collect_two,model_10.pt,1,4,4,2,left,0,right,2,"[0.0, 1.0, 0.800000011920929, 0.0]","[0.0, 0.0, 0.800000011920929, 0.0]",0.23716281354427338,0.7628372311592102,true,43.268372300008195,0.42064809799194336,0.42064809799194336,0.20302878320217133,0.0,0.05001068115234375,0.5125001072883606,0.4874999225139618,2,left,"[0.0, 0.36134934425354004, 0.5846596360206604, 0.0]","[0.0, 0.36134934425354004, -0.21534037590026855, 0.0]",20983,20998,16,41997,true,true,true,false,,,,
52,art_cw,c2,collect_two,model_10.pt,1,4,4,2,left,0,right,2,"[0.0, 1.0, 0.800000011920929, 0.0]","[0.0, 0.0, 0.800000011920929, 0.0]",0.23716281354427338,0.7628372311592102,false,8.356784099989454,0.39136046171188354,0.39136046171188354,0.2046269066631794,0.05146389082074165,-0.0014638900756835938,0.4996340274810791,0.5003659725189209,0,right,"[0.0, 0.28153982758522034, 0.5281575322151184, 0.0]","[0.0, 0.28153982758522034, -0.27184247970581055, 0.0]",,,,,,,,,,3,250,750
53,ray_zoo,c2,collect_two,model_10.pt,1,5,4,2,left,0,right,2,"[0.0, 1.0, 0.800000011920929, 0.0]","[0.0, 0.0, 0.800000011920929, 0.0]",0.1648619920015335,0.8351380228996277,true,44.202942999996594,0.5082912445068359,0.5082912445068359,0.30017128586769104,0.0,0.05002021789550781,0.5125024318695068,0.4874975383281708,2,left,"[0.0, 0.42898571491241455, 0.5273624658584595, 0.0]","[0.0, 0.42898571491241455, -0.2726375460624695, 0.0]",20983,20998,16,41997,true,true,true,false,,,,
53,art_cw,c2,collect_two,model_10.pt,1,5,4,2,left,0,right,2,"[0.0, 1.0, 0.800000011920929, 0.0]","[0.0, 0.0, 0.800000011920929, 0.0]",0.1648619920015335,0.8351380228996277,true,7.885404900007416,0.5311902165412903,0.5311902165412903,0.28216302394866943,0.0,0.16211295127868652,0.5404397249221802,0.45956024527549744,2,left,"[0.0, 0.38408979773521423, 0.4330694377422333, 0.0]","[0.0, 0.38408979773521423, -0.3669305741786957, 0.0]",,,,,,,,,,3,250,750
54,ray_zoo,c2,collect_two,model_10.pt,1,6,4,2,left,0,right,4,"[0.0, 1.0, 0.800000011920929, 0.0]","[0.0, 0.0, 0.800000011920929, 0.0]",0.1453614979982376,0.6761844754219055,true,43.36039030000393,0.4626310467720032,0.4626310467720032,0.26748231053352356,0.0,0.05001413822174072,0.3821503221988678,0.363507479429245,2,left,"[0.03499573469161987, 0.34315940737724304, 0.49172934889793396, 0.003689856268465519]","[0.03499573469161987, 0.34315940737724304, -0.308270663022995, 0.003689856268465519]",20983,20998,16,41997,true,true,true,false,,,,
54,art_cw,c2,collect_two,model_10.pt,1,6,4,2,left,0,right,4,"[0.0, 1.0, 0.800000011920929, 0.0]","[0.0, 0.0, 0.800000011920929, 0.0]",0.1453614979982376,0.6761844754219055,false,8.2636971000029,0.49790629744529724,0.49790629744529724,0.2978978790342808,0.04998718574643135,1.2814998626708984e-05,0.3751007616519928,0.37509599328041077,2,left,"[0.00030200742185115814, 0.0005009034648537636, 0.30209410190582275, 0.00024838466197252274]","[0.00030200742185115814, 0.0005009034648537636, -0.4979059100151062, 0.00024838466197252274]",,,,,,,,,,3,250,750
55,ray_zoo,c2,collect_two,model_10.pt,1,6,4,3,down,0,right,4,"[0.0, 1.0, 0.800000011920929, 0.0]","[0.0, 0.0, 0.800000011920929, 0.0]",0.0943928062915802,0.6761844754219055,true,45.26079839999147,0.6994762420654297,0.6994762420654297,0.5289341807365417,0.0,0.0500030517578125,0.3003017008304596,0.2856549620628357,3,down,"[0.012514698319137096, 0.0, 0.5344451665878296, 0.6469861268997192]","[0.012514698319137096, 0.0, -0.26555484533309937, 0.6469861268997192]",20983,20998,16,41997,true,true,true,false,,,,
55,art_cw,c2,collect_two,model_10.pt,1,6,4,3,down,0,right,4,"[0.0, 1.0, 0.800000011920929, 0.0]","[0.0, 0.0, 0.800000011920929, 0.0]",0.0943928062915802,0.6761844754219055,false,7.747834599998896,0.0,0.0,2.019001007080078,2.019001007080078,-1.969001054763794,0.0943928062915802,0.6761844754219055,0,right,"[0.0, 0.0, 0.800000011920929, 0.0]","[0.0, 0.0, 0.0, 0.0]",,,,,,,,,,3,250,750
56,ray_zoo,c2,collect_two,model_10.pt,1,7,4,2,left,0,right,2,"[0.0, 1.0, 0.800000011920929, 0.0]","[0.0, 0.0, 0.800000011920929, 0.0]",0.15363356471061707,0.8463664650917053,true,44.60907089999819,0.467205673456192,0.467205673456192,0.280043363571167,0.0,0.05001378059387207,0.5125008821487427,0.4874991774559021,2,left,"[0.12754981219768524, 0.29795241355895996, 0.46863991022109985, 0.05862616002559662]","[0.12754981219768524, 0.29795241355895996, -0.3313601016998291, 0.05862616002559662]",20983,20998,16,41997,true,true,true,false,,,,
56,art_cw,c2,collect_two,model_10.pt,1,7,4,2,left,0,right,2,"[0.0, 1.0, 0.800000011920929, 0.0]","[0.0, 0.0, 0.800000011920929, 0.0]",0.15363356471061707,0.8463664650917053,true,7.868726100001368,0.49053362011909485,0.49053362011909485,0.24062322080135345,0.0,0.05394124984741211,0.5134820342063904,0.48651793599128723,2,left,"[0.00033289194107055664, 0.00029690004885196686, 0.30946671962738037, 0.0003482736647129059]","[0.00033289194107055664, 0.00029690004885196686, -0.4905332922935486, 0.0003482736647129059]",,,,,,,,,,3,250,750
57,ray_zoo,c2,collect_two,model_10.pt,1,8,4,2,left,0,right,2,"[0.0, 1.0, 0.800000011920929, 0.0]","[0.0, 0.0, 0.800000011920929, 0.0]",0.24017199873924255,0.7598279714584351,true,44.037595900008455,0.297590970993042,0.297590970993042,0.12281658500432968,0.0,0.05001640319824219,0.5125014781951904,0.4874984920024872,2,left,"[0.07680784165859222, 0.11955884099006653, 0.5532209277153015, 0.08641009777784348]","[0.07680784165859222, 0.11955884099006653, -0.24677908420562744, 0.08641009777784348]",20983,20998,16,41997,true,true,true,true,,,,
57,art_cw,c2,collect_two,model_10.pt,1,8,4,2,left,0,right,2,"[0.0, 1.0, 0.800000011920929, 0.0]","[0.0, 0.0, 0.800000011920929, 0.0]",0.24017199873924255,0.7598279714584351,false,9.072711700006039,0.3040851354598999,0.3040851354598999,0.14123990759253502,0.04877214506268501,0.0012278556823730469,0.5003069639205933,0.49969303607940674,2,left,"[0.00018150825053453445, 0.00021628383547067642, 0.49591511487960815, 0.0002539167180657387]","[0.00018150825053453445, 0.00021628383547067642, -0.3040848970413208, 0.0002539167180657387]",,,,,,,,,,3,250,750
58,ray_zoo,c2,collect_two,model_10.pt,2,0,4,1,up,3,down,4,"[0.0, 0.800000011920929, 0.0, 1.0]","[0.0, 0.800000011920929, 0.0, 1.0]",0.13308587670326233,0.6399222612380981,true,43.799256800004514,0.7788729667663574,0.7788729667663574,0.615574836730957,0.0,0.05004012584686279,0.2771752178668976,0.2636466324329376,1,up,"[0.6810488104820251, 0.6739893555641174, 0.0, 0.6437180042266846]","[0.6810488104820251, -0.12601065635681152, 0.0, -0.35628199577331543]",20983,20998,16,41997,true,true,true,false,,,,
58,art_cw,c2,collect_two,model_10.pt,2,0,4,1,up,3,down,4,"[0.0, 0.800000011920929, 0.0, 1.0]","[0.0, 0.800000011920929, 0.0, 1.0]",0.13308587670326233,0.6399222612380981,false,8.64678080000158,0.0,0.0,1.620352029800415,1.620352029800415,-1.5703520774841309,0.13308587670326233,0.6399222612380981,3,down,"[0.0, 0.800000011920929, 0.0, 1.0]","[0.0, 0.0, 0.0, 0.0]",,,,,,,,,,3,250,750
59,ray_zoo,c2,collect_two,model_10.pt,2,0,4,2,left,3,down,4,"[0.0, 0.800000011920929, 0.0, 1.0]","[0.0, 0.800000011920929, 0.0, 1.0]",0.13084633648395538,0.6399222612380981,true,43.87214839999797,0.19137060642242432,0.19137060642242432,0.03779900074005127,0.0,0.05000424385070801,0.35310855507850647,0.33588582277297974,2,left,"[0.0004498037451412529, 0.8070008754730225, 0.0, 0.808758020401001]","[0.0004498037451412529, 0.007000863552093506, 0.0, -0.19124197959899902]",20983,20998,16,41997,true,true,false,true,,,,
59,art_cw,c2,collect_two,model_10.pt,2,0,4,2,left,3,down,4,"[0.0, 0.800000011920929, 0.0, 1.0]","[0.0, 0.800000011920929, 0.0, 1.0]",0.13084633648395538,0.6399222612380981,false,7.796636099999887,0.20058204233646393,0.20058204233646393,0.05607021972537041,0.015837062150239944,0.034162938594818115,0.37522080540657043,0.36261865496635437,2,left,"[0.0, 1.0, 0.0, 0.9847303032875061]","[0.0, 0.19999998807907104, 0.0, -0.015269696712493896]",,,,,,,,,,3,250,750
60,ray_zoo,c2,collect_two,model_10.pt,2,1,4,1,up,3,down,2,"[0.0, 0.800000011920929, 0.0, 1.0]","[0.0, 0.800000011920929, 0.0, 1.0]",0.18726259469985962,0.8127374053001404,true,43.488778900005855,0.21482153236865997,0.21482153236865997,0.04614828899502754,0.0,0.05002427101135254,0.512503445148468,0.4874965250492096,1,up,"[0.0, 0.9343277215957642, 0.01672837696969509, 0.8331931829452515]","[0.0, 0.1343277096748352, 0.01672837696969509, -0.16680681705474854]",20983,20998,16,41997,true,true,true,true,,,,
60,art_cw,c2,collect_two,model_10.pt,2,1,4,1,up,3,down,2,"[0.0, 0.800000011920929, 0.0, 1.0]","[0.0, 0.800000011920929, 0.0, 1.0]",0.18726259469985962,0.8127374053001404,true,9.243686300003901,0.2703787684440613,0.2703787684440613,0.07310467958450317,0.0,0.3783738613128662,0.5934808254241943,0.4065191447734833,1,up,"[0.0, 1.0, 0.0033318130299448967, 0.8180835843086243]","[0.0, 0.19999998807907104, 0.0033318130299448967, -0.18191641569137573]",,,,,,,,,,3,250,750
61,ray_zoo,c2,collect_two,model_10.pt,2,2,4,1,up,3,down,2,"[0.0, 0.800000011920929, 0.0, 1.0]","[0.0, 0.800000011920929, 0.0, 1.0]",0.29546719789505005,0.70453280210495,true,43.32441609998932,0.13266706466674805,0.13266706466674805,0.01760054938495159,0.0,0.05002570152282715,0.5125038027763367,0.48749619722366333,1,up,"[0.0, 0.800000011920929, 0.01717148907482624, 0.8684489130973816]","[0.0, 0.0, 0.01717148907482624, -0.1315510869026184]",20983,20998,16,41997,true,true,true,true,,,,
61,art_cw,c2,collect_two,model_10.pt,2,2,4,1,up,3,down,2,"[0.0, 0.800000011920929, 0.0, 1.0]","[0.0, 0.800000011920929, 0.0, 1.0]",0.29546719789505005,0.70453280210495,false,7.1053535000100965,0.15770120918750763,0.15770120918750763,0.03404597193002701,0.009176302701234818,0.04082369804382324,0.5102044939994812,0.4897955060005188,1,up,"[0.0, 0.9576884508132935, 0.00026473868638277054, 0.9980113506317139]","[0.0, 0.1576884388923645, 0.00026473868638277054, -0.001988649368286133]",,,,,,,,,,3,250,750
62,ray_zoo,c2,collect_two,model_10.pt,2,3,4,1,up,2,left,3,"[0.0, 0.800000011920929, 0.0, 1.0]","[0.0, 0.800000011920929, 0.0, 0.0]",0.31718406081199646,0.5185368657112122,true,44.902634700003546,0.3980233073234558,0.3980233073234558,0.203532874584198,0.0,0.05003190040588379,0.40372008085250854,0.3840181529521942,1,up,"[0.27968984842300415, 0.5168107748031616, 0.0, 0.0]","[0.27968984842300415, -0.28318923711776733, 0.0, 0.0]",20983,20998,16,41997,true,true,true,false,,,,
62,art_cw,c2,collect_two,model_10.pt,2,3,4,1,up,2,left,3,"[0.0, 0.800000011920929, 0.0, 1.0]","[0.0, 0.800000011920929, 0.0, 0.0]",0.31718406081199646,0.5185368657112122,false,8.318205000003218,0.4944770336151123,0.4944770336151123,0.28886476531624794,0.04435722902417183,0.0056427717208862305,0.38869309425354004,0.38650596141815186,1,up,"[0.0005586603656411171, 0.3055233359336853, 0.00019649416208267212, 0.0]","[0.0005586603656411171, -0.49447667598724365, 0.00019649416208267212, 0.0]",,,,,,,,,,3,250,750
63,ray_zoo,c2,collect_two,model_10.pt,2,3,4,0,right,2,left,3,"[0.0, 0.800000011920929, 0.0, 1.0]","[0.0, 0.800000011920929, 0.0, 0.0]",0.16427911818027496,0.5185368657112122,true,43.84090450000076,0.7553846836090088,0.7553846836090088,0.6341903209686279,0.0,0.05002152919769287,0.3446383774280548,0.32782310247421265,0,right,"[0.09683537483215332, 0.4637877643108368, 0.6371563673019409, 0.20547999441623688]","[0.09683537483215332, -0.33621224761009216, 0.6371563673019409, 0.20547999441623688]",20983,20998,16,41997,true,true,true,true,,,,
63,art_cw,c2,collect_two,model_10.pt,2,3,4,0,right,2,left,3,"[0.0, 0.800000011920929, 0.0, 1.0]","[0.0, 0.800000011920929, 0.0, 0.0]",0.16427911818027496,0.5185368657112122,true,9.3110738999967,0.8910491466522217,0.8910491466522217,0.7939686179161072,0.0,0.056273698806762695,0.36647194623947144,0.34641873836517334,0,right,"[0.0, 0.0778082013130188, 0.2606710195541382, 0.45217055082321167]","[0.0, -0.7221918106079102, 0.2606710195541382, 0.45217055082321167]",,,,,,,,,,3,250,750
64,ray_zoo,c2,collect_two,model_10.pt,2,4,4,0,right,2,left,2,"[0.0, 0.800000011920929, 0.0, 1.0]","[0.0, 0.800000011920929, 0.0, 0.0]",0.2789430022239685,0.7210569381713867,true,46.026103299998795,0.49727165699005127,0.49727165699005127,0.2880851626396179,0.0,0.05003690719604492,0.5125066041946411,0.4874933958053589,0,right,"[0.2605234384536743, 0.5306599140167236, 0.0, 0.32689839601516724]","[0.2605234384536743, -0.2693400979042053, 0.0, 0.32689839601516724]",20983,20998,16,41997,true,true,true,true,,,,
64,art_cw,c2,collect_two,model_10.pt,2,4,4,0,right,2,left,2,"[0.0, 0.800000011920929, 0.0, 1.0]","[0.0, 0.800000011920929, 0.0, 0.0]",0.2789430022239685,0.7210569381713867,false,7.729173200001242,0.48086366057395935,0.48086366057395935,0.2740582264959812,0.04282836988568306,0.007171630859375,0.501792848110199,0.49820709228515625,0,right,"[0.13301856815814972, 0.39104241132736206, 0.025167720392346382, 0.21367309987545013]","[0.13301856815814972, -0.4089576005935669, 0.025167720392346382, 0.21367309987545013]",,,,,,,,,,3,250,750
65,ray_zoo,c2,collect_two,model_10.pt,2,5,4,0,right,2,left,2,"[0.0, 0.800000011920929, 0.0, 1.0]","[0.0, 0.800000011920929, 0.0, 0.0]",0.2652468681335449,0.7347531914710999,true,45.12824049999472,0.43284228444099426,0.43284228444099426,0.22343428432941437,0.0,0.05000114440917969,0.5124976634979248,0.4875023365020752,0,right,"[0.21237032115459442, 0.5467303991317749, 0.02543593943119049, 0.2783142328262329]","[0.21237032115459442, -0.25326961278915405, 0.02543593943119049, 0.2783142328262329]",20983,20998,16,41997,true,true,true,true,,,,
65,art_cw,c2,collect_two,model_10.pt,2,5,4,0,right,2,left,2,"[0.0, 0.800000011920929, 0.0, 1.0]","[0.0, 0.800000011920929, 0.0, 0.0]",0.2652468681335449,0.7347531914710999,false,8.053902800005744,0.4074268937110901,0.4074268937110901,0.2147035039961338,0.048706818372011185,0.001293182373046875,0.5003232955932617,0.4996767044067383,0,right,"[0.15688350796699524, 0.4735046327114105, 0.013690846040844917, 0.18600426614284515]","[0.15688350796699524, -0.32649537920951843, 0.013690846040844917, 0.18600426614284515]",,,,,,,,,,3,250,750
66,ray_zoo,c2,collect_two,model_10.pt,2,6,4,0,right,1,up,2,"[0.0, 0.800000011920929, 0.0, 1.0]","[0.0, 0.800000011920929, 0.0, 0.0]",0.19736041128635406,0.8026396036148071,true,45.2551184999902,0.4147639870643616,0.4147639870643616,0.17911656200885773,0.0,0.05000901222229004,0.5124996900558472,0.4875003695487976,0,right,"[0.14825934171676636, 0.6877511143684387, 0.07364512234926224, 0.36335232853889465]","[0.14825934171676636, -0.11224889755249023, 0.07364512234926224, 0.36335232853889465]",20983,20998,16,41997,true,true,true,true,,,,
66,art_cw,c2,collect_two,model_10.pt,2,6,4,0,right,1,up,2,"[0.0, 0.800000011920929, 0.0, 1.0]","[0.0, 0.800000011920929, 0.0, 0.0]",0.19736041128635406,0.8026396036148071,false,8.222537399997236,0.4186543822288513,0.4186543822288513,0.2242601104080677,0.04898862913250923,0.0010113716125488281,0.5002528429031372,0.4997471570968628,0,right,"[0.014243518933653831, 0.5864359140396118, 0.020534947514533997, 0.3592176139354706]","[0.014243518933653831, -0.21356409788131714, 0.020534947514533997, 0.3592176139354706]",,,,,,,,,,3,250,750
67,ray_zoo,c2,collect_two,model_10.pt,2,7,4,3,down,1,up,2,"[0.0, 0.800000011920929, 0.0, 1.0]","[0.0, 0.800000011920929, 0.0, 0.0]",0.2020481675863266,0.7979518175125122,true,43.231557199993404,0.7196640372276306,0.7196640372276306,0.5654329657554626,0.0,0.050009965896606445,0.5124998688697815,0.4875001013278961,3,down,"[0.03665255382657051, 0.5093557238578796, 0.0, 0.6573421955108643]","[0.03665255382657051, -0.2906442880630493, 0.0, 0.6573421955108643]",20983,20998,16,41997,true,true,true,true,,,,
67,art_cw,c2,collect_two,model_10.pt,2,7,4,3,down,1,up,2,"[0.0, 0.800000011920929, 0.0, 1.0]","[0.0, 0.800000011920929, 0.0, 0.0]",0.2020481675863266,0.7979518175125122,true,7.93257609999273,0.7715285420417786,0.7715285420417786,0.5952562689781189,0.0,0.0900576114654541,0.5224992036819458,0.4775007963180542,3,down,"[0.011842627078294754, 0.19460242986679077, 0.0, 0.47813156247138977]","[0.011842627078294754, -0.6053975820541382, 0.0, 0.47813156247138977]",,,,,,,,,,3,250,750
68,ray_zoo,c2,collect_two,model_10.pt,2,8,4,3,down,1,up,2,"[0.0, 0.800000011920929, 0.0, 1.0]","[0.0, 0.800000011920929, 0.0, 0.0]",0.3527584671974182,0.6472415924072266,true,45.743771100009326,0.48382455110549927,0.48382455110549927,0.26314496994018555,0.0,0.050018310546875,0.5125019550323486,0.48749804496765137,3,down,"[0.04460885748267174, 0.5727116465568542, 0.0, 0.42477789521217346]","[0.04460885748267174, -0.2272883653640747, 0.0, 0.42477789521217346]",20983,20998,16,41997,true,true,true,false,,,,
68,art_cw,c2,collect_two,model_10.pt,2,8,4,3,down,1,up,2,"[0.0, 0.800000011920929, 0.0, 1.0]","[0.0, 0.800000011920929, 0.0, 0.0]",0.3527584671974182,0.6472415924072266,false,7.902137800003402,0.4483650028705597,0.4483650028705597,0.24743152037262917,0.04640035703778267,0.0035996437072753906,0.5008999109268188,0.49910011887550354,3,down,"[0.009913850575685501, 0.45642656087875366, 0.0006294893100857735, 0.28790584206581116]","[0.009913850575685501, -0.3435734510421753, 0.0006294893100857735, 0.28790584206581116]",,,,,,,,,,3,250,750
69,ray_zoo,c2,collect_two,model_10.pt,3,0,4,0,right,3,down,4,"[0.0, 0.0, 0.800000011920929, 1.0]","[0.0, 0.0, 0.800000011920929, 1.0]",0.14504139125347137,0.5947070121765137,true,45.30856600000698,0.14388731122016907,0.14388731122016907,0.020836465060710907,0.0,0.050040364265441895,0.34488049149513245,0.3280472457408905,0,right,"[0.0, 0.01627691276371479, 0.8023532629013062, 0.8570556640625]","[0.0, 0.01627691276371479, 0.0023532509803771973, -0.1429443359375]",20983,20998,16,41997,true,true,false,false,,,,
69,art_cw,c2,collect_two,model_10.pt,3,0,4,0,right,3,down,4,"[0.0, 0.0, 0.800000011920929, 1.0]","[0.0, 0.0, 0.800000011920929, 1.0]",0.14504139125347137,0.5947070121765137,true,6.624535199996899,0.20546944439411163,0.20546944439411163,0.042217690497636795,0.0,0.21651148796081543,0.3842935860157013,0.30948057770729065,0,right,"[0.0, 0.0005321837961673737, 1.0, 0.9529106020927429]","[0.0, 0.0005321837961673737, 0.19999998807907104, -0.04708939790725708]",,,,,,,,,,3,250,750
70,ray_zoo,c2,collect_two,model_10.pt,3,0,4,2,left,3,down,4,"[0.0, 0.0, 0.800000011920929, 1.0]","[0.0, 0.0, 0.800000011920929, 1.0]",0.13198184967041016,0.5947070121765137,true,46.37397050000436,0.7305048108100891,0.7305048108100891,0.5975505709648132,0.0,0.050031185150146484,0.2930179536342621,0.27815404534339905,2,left,"[0.0, 0.5949172973632812, 0.4629189968109131, 0.7429258823394775]","[0.0, 0.5949172973632812, -0.33708101511001587, -0.25707411766052246]",20983,20998,16,41997,true,true,true,true,,,,
70,art_cw,c2,collect_two,model_10.pt,3,0,4,2,left,3,down,4,"[0.0, 0.0, 0.800000011920929, 1.0]","[0.0, 0.0, 0.800000011920929, 1.0]",0.13198184967041016,0.5947070121765137,false,7.607627799996408,0.0,0.0,1.5554044246673584,1.5554044246673584,-1.5054044723510742,0.13198184967041016,0.5947070121765137,3,down,"[0.0, 0.0, 0.800000011920929, 1.0]","[0.0, 0.0, 0.0, 0.0]",,,,,,,,,,3,250,750
71,ray_zoo,c2,collect_two,model_10.pt,3,1,4,1,up,3,down,2,"[0.0, 0.0, 0.800000011920929, 1.0]","[0.0, 0.0, 0.800000011920929, 1.0]",0.18526744842529297,0.8147324919700623,true,45.325771900010295,0.2509179413318634,0.2509179413318634,0.06295981258153915,0.0,0.050002336502075195,0.5124979615211487,0.4875020384788513,1,up,"[0.0, 0.046230923384428024, 0.800000011920929, 0.7533777952194214]","[0.0, 0.046230923384428024, 0.0, -0.2466222047805786]",20983,20998,16,41997,true,true,true,true,,,,
71,art_cw,c2,collect_two,model_10.pt,3,1,4,1,up,3,down,2,"[0.0, 0.0, 0.800000011920929, 1.0]","[0.0, 0.0, 0.800000011920929, 1.0]",0.18526744842529297,0.8147324919700623,false,8.16881239999202,0.22064638137817383,0.22064638137817383,0.11763576045632362,0.06895093619823456,-0.018950939178466797,0.49526241421699524,0.5047376155853271,3,down,"[0.0, 0.003468635492026806, 1.0, 0.9068721532821655]","[0.0, 0.003468635492026806, 0.19999998807907104, -0.09312784671783447]",,,,,,,,,,3,250,750
72,ray_zoo,c2,collect_two,model_10.pt,3,2,4,1,up,3,down,2,"[0.0, 0.0, 0.800000011920929, 1.0]","[0.0, 0.0, 0.800000011920929, 1.0]",0.3367707431316376,0.6632292866706848,true,46.60439920000499,0.0753694400191307,0.0753694400191307,0.005680552683770657,0.0,0.050000667572021484,0.5124975442886353,0.48750245571136475,1,up,"[0.0, 0.008844646625220776, 0.8485641479492188, 0.9430451989173889]","[0.0, 0.008844646625220776, 0.048564136028289795, -0.056954801082611084]",20983,20998,16,41997,true,true,true,true,,,,
72,art_cw,c2,collect_two,model_10.pt,3,2,4,1,up,3,down,2,"[0.0, 0.0, 0.800000011920929, 1.0]","[0.0, 0.0, 0.800000011920929, 1.0]",0.3367707431316376,0.6632292866706848,false,7.928214600004139,0.11911720037460327,0.11911720037460327,0.06247086450457573,0.0482819564640522,0.0017180442810058594,0.5004295110702515,0.4995705187320709,1,up,"[0.0, 0.00010639335960149765, 0.9191139936447144, 0.9991302490234375]","[0.0, 0.00010639335960149765, 0.1191139817237854, -0.0008697509765625]",,,,,,,,,,3,250,750
73,ray_zoo,c2,collect_two,model_10.pt,3,3,4,1,up,0,right,3,"[0.0, 0.0, 0.800000011920929, 1.0]","[0.0, 0.0, 0.800000011920929, 0.0]",0.31076517701148987,0.4844682216644287,true,44.469822200000635,0.2938266396522522,0.2938266396522522,0.08633408695459366,0.0,0.050008535385131836,0.3780094385147095,0.35957062244415283,1,up,"[0.14701685309410095, 0.15433402359485626, 0.5977597236633301, 0.0]","[0.14701685309410095, 0.15433402359485626, -0.20224028825759888, 0.0]",20983,20998,16,41997,true,true,true,true,,,,
73,art_cw,c2,collect_two,model_10.pt,3,3,4,1,up,0,right,3,"[0.0, 0.0, 0.800000011920929, 1.0]","[0.0, 0.0, 0.800000011920929, 0.0]",0.31076517701148987,0.4844682216644287,false,6.091630499999155,0.305727481842041,0.305727481842041,0.14321407303214073,0.04974477365612984,0.00025522708892822266,0.3591606914997101,0.3590690493583679,1,up,"[0.03738561272621155, 0.09496006369590759, 0.5118087530136108, 0.0]","[0.03738561272621155, 0.09496006369590759, -0.2881912589073181, 0.0]",,,,,,,,,,3,250,750
74,ray_zoo,c2,collect_two,model_10.pt,3,3,4,2,left,0,right,3,"[0.0, 0.0, 0.800000011920929, 1.0]","[0.0, 0.0, 0.800000011920929, 0.0]",0.20476655662059784,0.4844682216644287,true,44.83377689999179,0.5427584052085876,0.5427584052085876,0.3091905117034912,0.0,0.0500180721282959,0.3446298837661743,0.327553927898407,2,left,"[0.0, 0.49936044216156006, 0.6388714909553528, 0.13879261910915375]","[0.0, 0.49936044216156006, -0.16112852096557617, 0.13879261910915375]",20983,20998,16,41997,true,true,true,false,,,,
74,art_cw,c2,collect_two,model_10.pt,3,3,4,2,left,0,right,3,"[0.0, 0.0, 0.800000011920929, 1.0]","[0.0, 0.0, 0.800000011920929, 0.0]",0.20476655662059784,0.4844682216644287,false,8.128817699995125,0.6451348066329956,0.6451348066329956,0.46811797097325325,0.051919031888246536,-0.0019190311431884766,0.3347523808479309,0.3353953957557678,0,right,"[0.0, 0.0074934400618076324, 0.19154298305511475, 0.2142961472272873]","[0.0, 0.0074934400618076324, -0.6084570288658142, 0.2142961472272873]",,,,,,,,,,3,250,750
75,ray_zoo,c2,collect_two,model_10.pt,3,4,4,2,left,0,right,2,"[0.0, 0.0, 0.800000011920929, 1.0]","[0.0, 0.0, 0.800000011920929, 0.0]",0.3195748031139374,0.6804251670837402,true,44.2995796000032,0.3712809979915619,0.3712809979915619,0.18390551209449768,0.0,0.050019145011901855,0.5125021934509277,0.48749780654907227,2,left,"[0.08356299996376038, 0.21073022484779358, 0.5138580799102783, 0.06769328564405441]","[0.08356299996376038, 0.21073022484779358, -0.28614193201065063, 0.06769328564405441]",20983,20998,16,41997,true,true,true,false,,,,
75,art_cw,c2,collect_two,model_10.pt,3,4,4,2,left,0,right,2,"[0.0, 0.0, 0.800000011920929, 1.0]","[0.0, 0.0, 0.800000011920929, 0.0]",0.3195748031139374,0.6804251670837402,false,9.34867029999441,0.3744615912437439,0.3744615912437439,0.17542331293225288,0.03520183637738228,0.014798164367675781,0.5036994814872742,0.49630051851272583,2,left,"[0.0011631324887275696, 0.002340066246688366, 0.4255484342575073, 0.0008122138679027557]","[0.0011631324887275696, 0.002340066246688366, -0.37445157766342163, 0.0008122138679027557]",,,,,,,,,,3,250,750
76,ray_zoo,c2,collect_two,model_10.pt,3,5,4,2,left,0,right,2,"[0.0, 0.0, 0.800000011920929, 1.0]","[0.0, 0.0, 0.800000011920929, 0.0]",0.34839513897895813,0.6516048312187195,true,44.98129290000361,0.24760694801807404,0.24760694801807404,0.08589860796928406,0.0,0.05000448226928711,0.5124984979629517,0.48750147223472595,2,left,"[0.09938760101795197, 0.06111253798007965, 0.5909199118614197, 0.06310367584228516]","[0.09938760101795197, 0.06111253798007965, -0.20908010005950928, 0.06310367584228516]",20983,20998,16,41997,true,true,true,true,,,,
76,art_cw,c2,collect_two,model_10.pt,3,5,4,2,left,0,right,2,"[0.0, 0.0, 0.800000011920929, 1.0]","[0.0, 0.0, 0.800000011920929, 0.0]",0.34839513897895813,0.6516048312187195,false,9.216139600001043,0.24559533596038818,0.24559533596038818,0.11031706631183624,0.05000000074505806,0.0,0.5,0.5,0,right,"[0.00030428729951381683, 0.00020147953182458878, 0.554405152797699, 0.00031249504536390305]","[0.00030428729951381683, 0.00020147953182458878, -0.24559485912322998, 0.00031249504536390305]",,,,,,,,,,3,250,750
77,ray_zoo,c2,collect_two,model_10.pt,3,6,4,2,left,1,up,2,"[0.0, 0.0, 0.800000011920929, 1.0]","[0.0, 0.0, 0.800000011920929, 0.0]",0.3385757803916931,0.6614242196083069,true,44.84501479999744,0.28427860140800476,0.28427860140800476,0.0885736495256424,0.0,0.050000548362731934,0.5124975442886353,0.48750248551368713,2,left,"[0.09933176636695862, 0.0, 0.6825506091117859, 0.23906725645065308]","[0.09933176636695862, 0.0, -0.11744940280914307, 0.23906725645065308]",20983,20998,16,41997,true,true,true,true,,,,
77,art_cw,c2,collect_two,model_10.pt,3,6,4,2,left,1,up,2,"[0.0, 0.0, 0.800000011920929, 1.0]","[0.0, 0.0, 0.800000011920929, 0.0]",0.3385757803916931,0.6614242196083069,false,9.15436580000096,0.2544238269329071,0.2544238269329071,0.11556559428572655,0.050834108144044876,-0.0008341073989868164,0.4997914731502533,0.5002084970474243,1,up,"[0.01005961000919342, 0.0, 0.5806329250335693, 0.12848490476608276]","[0.01005961000919342, 0.0, -0.21936708688735962, 0.12848490476608276]",,,,,,,,,,3,250,750
78,ray_zoo,c2,collect_two,model_10.pt,3,7,4,3,down,1,up,2,"[0.0, 0.0, 0.800000011920929, 1.0]","[0.0, 0.0, 0.800000011920929, 0.0]",0.23126710951328278,0.7687328457832336,true,45.68649139998888,0.7801700830459595,0.7801700830459595,0.6572693586349487,0.0,0.050017595291137695,0.5125017762184143,0.4874981641769409,3,down,"[0.0, 0.0, 0.5060490369796753, 0.7226743102073669]","[0.0, 0.0, -0.29395097494125366, 0.7226743102073669]",20983,20998,16,41997,true,true,true,false,,,,
78,art_cw,c2,collect_two,model_10.pt,3,7,4,3,down,1,up,2,"[0.0, 0.0, 0.800000011920929, 1.0]","[0.0, 0.0, 0.800000011920929, 0.0]",0.23126710951328278,0.7687328457832336,true,8.577186499998788,0.9766561388969421,0.9766561388969421,0.9538571834564209,0.0,0.31538844108581543,0.5781999826431274,0.42180001735687256,3,down,"[0.0, 0.0, 0.0, 0.5602295398712158]","[0.0, 0.0, -0.800000011920929, 0.5602295398712158]",,,,,,,,,,3,250,750
79,ray_zoo,c2,collect_two,model_10.pt,3,8,4,3,down,1,up,2,"[0.0, 0.0, 0.800000011920929, 1.0]","[0.0, 0.0, 0.800000011920929, 0.0]",0.3289308249950409,0.6710692048072815,true,44.5392334000062,0.6949126720428467,0.6949126720428467,0.528037428855896,0.0,0.05000126361846924,0.5124977231025696,0.4875023066997528,3,down,"[0.0, 0.0, 0.5167371034622192, 0.6345595121383667]","[0.0, 0.0, -0.2832629084587097, 0.6345595121383667]",20983,20998,16,41997,true,true,true,false,,,,
79,art_cw,c2,collect_two,model_10.pt,3,8,4,3,down,1,up,2,"[0.0, 0.0, 0.800000011920929, 1.0]","[0.0, 0.0, 0.800000011920929, 0.0]",0.3289308249950409,0.6710692048072815,false,9.139321499998914,0.984896719455719,0.984896719455719,1.0334582775831223,0.06343667209148407,-0.013436675071716309,0.4966408908367157,0.5033591389656067,1,up,"[0.5052748322486877, 0.8214127421379089, 1.0, 0.0]","[0.5052748322486877, 0.8214127421379089, 0.19999998807907104, 0.0]",,,,,,,,,,3,250,750
80,ray_zoo,c2,collect_two,model_10.pt,4,0,4,2,left,0,right,4,"[0.0, 0.800000011920929, 1.0, 0.0]","[0.0, 0.800000011920929, 1.0, 0.0]",0.1936463862657547,0.5749849081039429,true,45.40200719999848,0.18213889002799988,0.18213889002799988,0.03396419435739517,0.0,0.0500338077545166,0.3818648159503937,0.36322879791259766,2,left,"[0.021782608702778816, 0.8057359457015991, 0.8205316066741943, 0.02140757441520691]","[0.021782608702778816, 0.005735933780670166, -0.17946839332580566, 0.02140757441520691]",20983,20998,16,41997,true,true,false,true,,,,
80,art_cw,c2,collect_two,model_10.pt,4,0,4,2,left,0,right,4,"[0.0, 0.800000011920929, 1.0, 0.0]","[0.0, 0.800000011920929, 1.0, 0.0]",0.1936463862657547,0.5749849081039429,false,8.59282499999972,0.19058077037334442,0.19058077037334442,0.040751609951257706,0.004430580884218216,0.045569419860839844,0.38359716534614563,0.3665091395378113,2,left,"[0.0005658958107233047, 0.9905127286911011, 0.9949510097503662, 0.00034860800951719284]","[0.0005658958107233047, 0.19051271677017212, -0.005048990249633789, 0.00034860800951719284]",,,,,,,,,,3,250,750
81,ray_zoo,c2,collect_two,model_10.pt,4,0,4,3,down,0,right,4,"[0.0, 0.800000011920929, 1.0, 0.0]","[0.0, 0.800000011920929, 1.0, 0.0]",0.11714600026607513,0.5749849081039429,true,45.64564390000305,0.8844690918922424,0.8844690918922424,0.7822855710983276,0.0,0.05006229877471924,0.2905557453632355,0.2763679325580597,3,down,"[0.17091672122478485, 0.7523608207702637, 0.6820461750030518, 0.8060452342033386]","[0.17091672122478485, -0.04763919115066528, -0.31795382499694824, 0.8060452342033386]",20983,20998,16,41997,true,true,true,true,,,,
81,art_cw,c2,collect_two,model_10.pt,4,0,4,3,down,0,right,4,"[0.0, 0.800000011920929, 1.0, 0.0]","[0.0, 0.800000011920929, 1.0, 0.0]",0.11714600026607513,0.5749849081039429,false,7.621798000007402,0.0,0.0,1.6409226655960083,1.6409226655960083,-1.5909227132797241,0.11714600026607513,0.5749849081039429,0,right,"[0.0, 0.800000011920929, 1.0, 0.0]","[0.0, 0.0, 0.0, 0.0]",,,,,,,,,,3,250,750
82,ray_zoo,c2,collect_two,model_10.pt,4,1,4,2,left,0,right,2,"[0.0, 0.800000011920929, 1.0, 0.0]","[0.0, 0.800000011920929, 1.0, 0.0]",0.20592235028743744,0.7940776944160461,true,44.85506329999771,0.2174375057220459,0.2174375057220459,0.04793044924736023,0.0,0.05002760887145996,0.5125042796134949,0.4874957203865051,2,left,"[0.026088029146194458, 0.8052096962928772, 0.7843540906906128, 0.008257530629634857]","[0.026088029146194458, 0.005209684371948242, -0.2156459093093872, 0.008257530629634857]",20983,20998,16,41997,true,true,false,true,,,,
82,art_cw,c2,collect_two,model_10.pt,4,1,4,2,left,0,right,2,"[0.0, 0.800000011920929, 1.0, 0.0]","[0.0, 0.800000011920929, 1.0, 0.0]",0.20592235028743744,0.7940776944160461,false,7.171735100011574,0.20196940004825592,0.20196940004825592,0.13407247513532639,0.0932808369398117,-0.043280839920043945,0.4891814887523651,0.5108185410499573,0,right,"[0.002217894420027733, 1.0, 0.9719954133033752, 0.0015707742422819138]","[0.002217894420027733, 0.19999998807907104, -0.028004586696624756, 0.0015707742422819138]",,,,,,,,,,3,250,750
83,ray_zoo,c2,collect_two,model_10.pt,4,2,4,2,left,0,right,2,"[0.0, 0.800000011920929, 1.0, 0.0]","[0.0, 0.800000011920929, 1.0, 0.0]",0.3695785403251648,0.6304214000701904,true,44.28470940000261,0.08904093503952026,0.08904093503952026,0.00819078367203474,0.0,0.050002336502075195,0.5124979615211487,0.4875020384788513,2,left,"[0.014715795405209064, 0.8033071756362915, 0.9123893976211548, 0.005017831455916166]","[0.014715795405209064, 0.003307163715362549, -0.08761060237884521, 0.005017831455916166]",20983,20998,16,41997,true,true,false,true,,,,
83,art_cw,c2,collect_two,model_10.pt,4,2,4,2,left,0,right,2,"[0.0, 0.800000011920929, 1.0, 0.0]","[0.0, 0.800000011920929, 1.0, 0.0]",0.3695785403251648,0.6304214000701904,false,6.9123888000031,0.09282330423593521,0.09282330423593521,0.02744412887841463,0.01882796362042427,0.03117203712463379,0.5077923536300659,0.4922076165676117,2,left,"[6.663240492343903e-05, 0.8928219676017761, 0.9995080232620239, 5.690474063158035e-05]","[6.663240492343903e-05, 0.09282195568084717, -0.0004919767379760742, 5.690474063158035e-05]",,,,,,,,,,3,250,750
84,ray_zoo,c2,collect_two,model_10.pt,4,3,4,3,down,2,left,3,"[0.0, 0.800000011920929, 1.0, 0.0]","[0.0, 0.800000011920929, 0.0, 0.0]",0.20886313915252686,0.6271018981933594,true,43.792213000007905,0.663418173789978,0.663418173789978,0.45558521151542664,0.0,0.05001509189605713,0.3729427456855774,0.35474875569343567,3,down,"[0.0, 0.6342074871063232, 0.6423678994178772, 0.0]","[0.0, -0.1657925248146057, 0.6423678994178772, 0.0]",20983,20998,16,41997,true,true,true,false,,,,
84,art_cw,c2,collect_two,model_10.pt,4,3,4,3,down,2,left,3,"[0.0, 0.800000011920929, 1.0, 0.0]","[0.0, 0.800000011920929, 0.0, 0.0]",0.20886313915252686,0.6271018981933594,false,7.833768700002111,0.0,0.0,1.1494297981262207,1.1494297981262207,-1.0994298458099365,0.20886313915252686,0.6271018981933594,2,left,"[0.0, 0.800000011920929, 0.0, 0.0]","[0.0, 0.0, 0.0, 0.0]",,,,,,,,,,3,250,750
85,ray_zoo,c2,collect_two,model_10.pt,4,3,4,1,up,2,left,3,"[0.0, 0.800000011920929, 1.0, 0.0]","[0.0, 0.800000011920929, 0.0, 0.0]",0.1640348881483078,0.6271018981933594,true,44.86768209999718,0.7756286859512329,0.7756286859512329,0.6325260400772095,0.0,0.05005443096160889,0.38556504249572754,0.3667408525943756,1,up,"[0.7389571666717529, 0.5655217170715332, 0.02370682917535305, 0.0]","[0.7389571666717529, -0.23447829484939575, 0.02370682917535305, 0.0]",20983,20998,16,41997,true,true,true,false,,,,
85,art_cw,c2,collect_two,model_10.pt,4,3,4,1,up,2,left,3,"[0.0, 0.800000011920929, 1.0, 0.0]","[0.0, 0.800000011920929, 0.0, 0.0]",0.1640348881483078,0.6271018981933594,false,9.08069770000293,0.9686856865882874,0.9686856865882874,0.9859545715153217,0.0476025827229023,0.0023974180221557617,0.34042176604270935,0.3396066129207611,1,up,"[0.0, 0.0, 0.5462052226066589, 0.0034354710951447487]","[0.0, -0.800000011920929, 0.5462052226066589, 0.0034354710951447487]",,,,,,,,,,3,250,750
86,ray_zoo,c2,collect_two,model_10.pt,4,4,4,0,right,2,left,2,"[0.0, 0.800000011920929, 1.0, 0.0]","[0.0, 0.800000011920929, 0.0, 0.0]",0.12909947335720062,0.8709005117416382,true,43.60660920001101,0.607944130897522,0.607944130897522,0.4226841926574707,0.0,0.050041794776916504,0.5125078558921814,0.4874921441078186,0,right,"[0.0, 0.49278852343559265, 0.5189903378486633, 0.07659099996089935]","[0.0, -0.3072114884853363, 0.5189903378486633, 0.07659099996089935]",20983,20998,16,41997,true,true,true,false,,,,
86,art_cw,c2,collect_two,model_10.pt,4,4,4,0,right,2,left,2,"[0.0, 0.800000011920929, 1.0, 0.0]","[0.0, 0.800000011920929, 0.0, 0.0]",0.12909947335720062,0.8709005117416382,true,7.244322800004738,0.6856869459152222,0.6856869459152222,0.4701666235923767,0.0,0.08239889144897461,0.5205880403518677,0.47941192984580994,0,right,"[0.0, 0.1511269211769104, 0.22145885229110718, 0.009292416274547577]","[0.0, -0.6488730907440186, 0.22145885229110718, 0.009292416274547577]",,,,,,,,,,3,250,750
87,ray_zoo,c2,collect_two,model_10.pt,4,5,4,0,right,2,left,2,"[0.0, 0.800000011920929, 1.0, 0.0]","[0.0, 0.800000011920929, 0.0, 0.0]",0.22022873163223267,0.7797712683677673,true,44.67275620000146,0.4875182509422302,0.4875182509422302,0.280000776052475,0.0,0.05000591278076172,0.5124988555908203,0.4875011444091797,0,right,"[0.0, 0.5256872177124023, 0.3842684328556061, 0.12150854617357254]","[0.0, -0.2743127942085266, 0.3842684328556061, 0.12150854617357254]",20983,20998,16,41997,true,true,true,false,,,,
87,art_cw,c2,collect_two,model_10.pt,4,5,4,0,right,2,left,2,"[0.0, 0.800000011920929, 1.0, 0.0]","[0.0, 0.800000011920929, 0.0, 0.0]",0.22022873163223267,0.7797712683677673,false,8.93591080000624,0.5257077217102051,0.5257077217102051,0.2845308966934681,0.008162308484315872,0.04183769226074219,0.5104579329490662,0.4895421266555786,0,right,"[0.001635279506444931, 0.30914172530174255, 0.18788552284240723, 0.011094644665718079]","[0.001635279506444931, -0.4908582866191864, 0.18788552284240723, 0.011094644665718079]",,,,,,,,,,3,250,750
88,ray_zoo,c2,collect_two,model_10.pt,4,6,4,0,right,2,left,4,"[0.0, 0.800000011920929, 1.0, 0.0]","[0.0, 0.800000011920929, 0.0, 0.0]",0.15107768774032593,0.6451026797294617,true,44.08192300000519,0.5402634143829346,0.5402634143829346,0.35860520601272583,0.0,0.05002331733703613,0.370418518781662,0.3523447513580322,0,right,"[0.15684469044208527, 0.45559537410736084, 0.2948054373264313, 0.24851453304290771]","[0.15684469044208527, -0.3444046378135681, 0.2948054373264313, 0.24851453304290771]",20983,20998,16,41997,true,true,true,true,,,,
88,art_cw,c2,collect_two,model_10.pt,4,6,4,0,right,2,left,4,"[0.0, 0.800000011920929, 1.0, 0.0]","[0.0, 0.800000011920929, 0.0, 0.0]",0.15107768774032593,0.6451026797294617,false,8.441303699990385,0.5304327011108398,0.5304327011108398,0.3285120017826557,0.04715316370129585,0.002846837043762207,0.36075836420059204,0.35973280668258667,0,right,"[0.030926236882805824, 0.3263469338417053, 0.13196250796318054, 0.19657331705093384]","[0.030926236882805824, -0.47365307807922363, 0.13196250796318054, 0.19657331705093384]",,,,,,,,,,3,250,750
89,ray_zoo,c2,collect_two,model_10.pt,4,6,4,1,up,2,left,4,"[0.0, 0.800000011920929, 1.0, 0.0]","[0.0, 0.800000011920929, 0.0, 0.0]",0.11054342985153198,0.6451026797294617,true,45.01782100000128,0.6615439057350159,0.6615439057350159,0.4818207025527954,0.0,0.05002772808074951,0.30692458152770996,0.291947603225708,1,up,"[0.599247395992279, 0.5197449922561646, 0.0, 0.0]","[0.599247395992279, -0.2802550196647644, 0.0, 0.0]",20983,20998,16,41997,true,true,true,false,,,,
89,art_cw,c2,collect_two,model_10.pt,4,6,4,1,up,2,left,4,"[0.0, 0.800000011920929, 1.0, 0.0]","[0.0, 0.800000011920929, 0.0, 0.0]",0.11054342985153198,0.6451026797294617,true,5.702623000004678,1.1961017847061157,1.1961017847061157,1.430659532546997,0.0,1.013352870941162,0.558631420135498,0.12578795850276947,1,up,"[0.8891903758049011, 0.0, 0.0, 0.0]","[0.8891903758049011, -0.800000011920929, 0.0, 0.0]",,,,,,,,,,3,250,750
90,ray_zoo,c2,collect_two,model_10.pt,4,7,4,0,right,2,left,2,"[0.0, 0.800000011920929, 1.0, 0.0]","[0.0, 0.800000011920929, 0.0, 0.0]",0.18237359821796417,0.817626416683197,true,44.72528040000179,0.43286383152008057,0.43286383152008057,0.22588181495666504,0.0,0.05002719163894653,0.5125041604042053,0.4874957799911499,0,right,"[0.21632999181747437, 0.5383446216583252, 0.07382901012897491, 0.2581824064254761]","[0.21632999181747437, -0.26165539026260376, 0.07382901012897491, 0.2581824064254761]",20983,20998,16,41997,true,true,true,true,,,,
90,art_cw,c2,collect_two,model_10.pt,4,7,4,0,right,2,left,2,"[0.0, 0.800000011920929, 1.0, 0.0]","[0.0, 0.800000011920929, 0.0, 0.0]",0.18237359821796417,0.817626416683197,false,7.087492600010592,0.4295315146446228,0.4295315146446228,0.23422684147953987,0.04972951486706734,0.00027048587799072266,0.5000675916671753,0.4999323785305023,0,right,"[0.052152685821056366, 0.4148072898387909, 0.013518882915377617, 0.18226690590381622]","[0.052152685821056366, -0.38519272208213806, 0.013518882915377617, 0.18226690590381622]",,,,,,,,,,3,250,750
91,ray_zoo,c2,collect_two,model_10.pt,4,8,4,0,right,2,left,2,"[0.0, 0.800000011920929, 1.0, 0.0]","[0.0, 0.800000011920929, 0.0, 0.0]",0.2349027842283249,0.7650972604751587,true,45.52112869999837,0.28138697147369385,0.28138697147369385,0.09909014403820038,0.0,0.050038814544677734,0.5125070810317993,0.4874929189682007,0,right,"[0.13754570484161377, 0.6118557453155518, 0.04833138734102249, 0.15008535981178284]","[0.13754570484161377, -0.1881442666053772, 0.04833138734102249, 0.15008535981178284]",20983,20998,16,41997,true,true,true,true,,,,
91,art_cw,c2,collect_two,model_10.pt,4,8,4,0,right,2,left,2,"[0.0, 0.800000011920929, 1.0, 0.0]","[0.0, 0.800000011920929, 0.0, 0.0]",0.2349027842283249,0.7650972604751587,false,9.13182450000022,0.33634668588638306,0.33634668588638306,0.1631147898733616,0.049985695630311966,1.430511474609375e-05,0.5000035762786865,0.4999964237213135,0,right,"[0.0003977017477154732, 0.46365389227867126, 0.0002196887508034706, 0.0004177037626504898]","[0.0003977017477154732, -0.3363461196422577, 0.0002196887508034706, 0.0004177037626504898]",,,,,,,,,,3,250,750
92,ray_zoo,c2,collect_two,model_10.pt,5,0,4,2,left,0,right,4,"[0.0, 0.0, 1.0, 0.800000011920929]","[0.0, 0.0, 1.0, 0.800000011920929]",0.13470780849456787,0.64579176902771,true,43.989984200001345,0.7987818717956543,0.7987818717956543,0.6427350640296936,0.0,0.05002903938293457,0.3059525787830353,0.2910226583480835,2,left,"[0.0, 0.5798840522766113, 0.4582783579826355, 0.7087606191635132]","[0.0, 0.5798840522766113, -0.5417216420173645, -0.09123939275741577]",20983,20998,16,41997,true,true,true,false,,,,
92,art_cw,c2,collect_two,model_10.pt,5,0,4,2,left,0,right,4,"[0.0, 0.0, 1.0, 0.800000011920929]","[0.0, 0.0, 1.0, 0.800000011920929]",0.13470780849456787,0.64579176902771,false,7.732310999999754,0.0,0.0,1.6173690557479858,1.6173690557479858,-1.5673691034317017,0.13470780849456787,0.64579176902771,0,right,"[0.0, 0.0, 1.0, 0.800000011920929]","[0.0, 0.0, 0.0, 0.0]",,,,,,,,,,3,250,750
93,ray_zoo,c2,collect_two,model_10.pt,5,0,4,1,up,0,right,4,"[0.0, 0.0, 1.0, 0.800000011920929]","[0.0, 0.0, 1.0, 0.800000011920929]",0.11263247579336166,0.64579176902771,true,45.34353139999439,0.7160058617591858,0.7160058617591858,0.51454097032547,0.0,0.050023674964904785,0.2823384404182434,0.2685622572898865,1,up,"[0.7051833868026733, 0.0, 0.8902521133422852, 0.7422404289245605]","[0.7051833868026733, 0.0, -0.10974788665771484, -0.05775958299636841]",20983,20998,16,41997,true,true,true,true,,,,
93,art_cw,c2,collect_two,model_10.pt,5,0,4,1,up,0,right,4,"[0.0, 0.0, 1.0, 0.800000011920929]","[0.0, 0.0, 1.0, 0.800000011920929]",0.11263247579336166,0.64579176902771,false,8.740893499998492,0.0,0.0,1.7963470220565796,1.7963470220565796,-1.7463470697402954,0.11263247579336166,0.64579176902771,0,right,"[0.0, 0.0, 1.0, 0.800000011920929]","[0.0, 0.0, 0.0, 0.0]",,,,,,,,,,3,250,750
94,ray_zoo,c2,collect_two,model_10.pt,5,1,4,2,left,0,right,2,"[0.0, 0.0, 1.0, 0.800000011920929]","[0.0, 0.0, 1.0, 0.800000011920929]",0.20200912654399872,0.7979909181594849,true,45.33984990000317,0.3125430941581726,0.3125430941581726,0.09768319129943848,0.0,0.05001401901245117,0.5125008821487427,0.4874991178512573,2,left,"[0.10054366290569305, 0.0, 0.7040706872940063, 0.800000011920929]","[0.10054366290569305, 0.0, -0.29592931270599365, 0.0]",20983,20998,16,41997,true,true,true,true,,,,
94,art_cw,c2,collect_two,model_10.pt,5,1,4,2,left,0,right,2,"[0.0, 0.0, 1.0, 0.800000011920929]","[0.0, 0.0, 1.0, 0.800000011920929]",0.20200912654399872,0.7979909181594849,false,8.38298730000679,0.20533642172813416,0.20533642172813416,0.1448335200548172,0.10267047584056854,-0.05267047882080078,0.48683542013168335,0.5131645798683167,0,right,"[0.006520844995975494, 0.0, 0.953950822353363, 1.0]","[0.006520844995975494, 0.0, -0.04604917764663696, 0.19999998807907104]",,,,,,,,,,3,250,750
95,ray_zoo,c2,collect_two,model_10.pt,5,2,4,2,left,0,right,2,"[0.0, 0.0, 1.0, 0.800000011920929]","[0.0, 0.0, 1.0, 0.800000011920929]",0.3503771424293518,0.6496228575706482,true,44.346361799995066,0.07453423738479614,0.07453423738479614,0.005555352196097374,0.0,0.05000758171081543,0.5124992728233337,0.48750072717666626,2,left,"[0.008265783078968525, 0.0, 0.9568037986755371, 0.8601757287979126]","[0.008265783078968525, 0.0, -0.04319620132446289, 0.06017571687698364]",20983,20998,16,41997,true,true,true,true,,,,
95,art_cw,c2,collect_two,model_10.pt,5,2,4,2,left,0,right,2,"[0.0, 0.0, 1.0, 0.800000011920929]","[0.0, 0.0, 1.0, 0.800000011920929]",0.3503771424293518,0.6496228575706482,false,9.255256999997073,0.09641619771718979,0.09641619771718979,0.014445972628891468,0.00514988973736763,0.04485011100769043,0.5112106800079346,0.4887893795967102,2,left,"[0.00019065756350755692, 0.0, 0.9995687007904053, 0.8964150547981262]","[0.00019065756350755692, 0.0, -0.00043129920959472656, 0.09641504287719727]",,,,,,,,,,3,250,750
96,ray_zoo,c2,collect_two,model_10.pt,5,3,4,2,left,3,down,3,"[0.0, 0.0, 1.0, 0.800000011920929]","[0.0, 0.0, 0.0, 0.800000011920929]",0.2870331406593323,0.5159717202186584,true,44.644049900001846,0.2822403609752655,0.2822403609752655,0.11507548391819,0.0,0.05000263452529907,0.38966748118400574,0.37066221237182617,2,left,"[0.11058951914310455, 0.0668434426188469, 0.0, 0.549078643321991]","[0.11058951914310455, 0.0668434426188469, 0.0, -0.250921368598938]",20983,20998,16,41997,true,true,true,false,,,,
96,art_cw,c2,collect_two,model_10.pt,5,3,4,2,left,3,down,3,"[0.0, 0.0, 1.0, 0.800000011920929]","[0.0, 0.0, 0.0, 0.800000011920929]",0.2870331406593323,0.5159717202186584,false,8.02322100001038,0.2769598662853241,0.2769598662853241,0.10836856439709663,0.03166179731488228,0.01833820343017578,0.38839730620384216,0.3813396692276001,2,left,"[0.000280819833278656, 0.0, 0.0, 0.5230402946472168]","[0.000280819833278656, 0.0, 0.0, -0.27695971727371216]",,,,,,,,,,3,250,750
97,ray_zoo,c2,collect_two,model_10.pt,5,3,4,1,up,3,down,3,"[0.0, 0.0, 1.0, 0.800000011920929]","[0.0, 0.0, 0.0, 0.800000011920929]",0.19699515402317047,0.5159717202186584,true,46.198406099996646,0.5775983929634094,0.5775983929634094,0.3576502799987793,0.0,0.05001652240753174,0.3445703089237213,0.3277599811553955,1,up,"[0.5391371846199036, 0.0016707730246707797, 0.015084508806467056, 0.5933102369308472]","[0.5391371846199036, 0.0016707730246707797, 0.015084508806467056, -0.2066897749900818]",20983,20998,16,41997,true,true,true,false,,,,
97,art_cw,c2,collect_two,model_10.pt,5,3,4,1,up,3,down,3,"[0.0, 0.0, 1.0, 0.800000011920929]","[0.0, 0.0, 0.0, 0.800000011920929]",0.19699515402317047,0.5159717202186584,false,8.24475350001012,0.0,0.0,1.0128728151321411,1.0128728151321411,-0.9628728032112122,0.19699515402317047,0.5159717202186584,3,down,"[0.0, 0.0, 0.0, 0.800000011920929]","[0.0, 0.0, 0.0, 0.0]",,,,,,,,,,3,250,750
98,ray_zoo,c2,collect_two,model_10.pt,5,4,4,1,up,3,down,2,"[0.0, 0.0, 1.0, 0.800000011920929]","[0.0, 0.0, 0.0, 0.800000011920929]",0.2926202118396759,0.7073797583580017,true,43.43918790000316,0.4184192717075348,0.4184192717075348,0.2106010615825653,0.0,0.050022244453430176,0.512502908706665,0.4874970316886902,1,up,"[0.0, 0.20522239804267883, 0.26419776678085327, 0.5486874580383301]","[0.0, 0.20522239804267883, 0.26419776678085327, -0.2513125538825989]",20983,20998,16,41997,true,true,true,true,,,,
98,art_cw,c2,collect_two,model_10.pt,5,4,4,1,up,3,down,2,"[0.0, 0.0, 1.0, 0.800000011920929]","[0.0, 0.0, 0.0, 0.800000011920929]",0.2926202118396759,0.7073797583580017,false,8.71946070001286,0.39213165640830994,0.39213165640830994,0.20376712456345558,0.04999988153576851,1.1920928955078125e-07,0.5,0.4999999701976776,1,up,"[0.00979566015303135, 0.12335618585348129, 0.11247864365577698, 0.4453127086162567]","[0.00979566015303135, 0.12335618585348129, 0.11247864365577698, -0.35468730330467224]",,,,,,,,,,3,250,750
99,ray_zoo,c2,collect_two,model_10.pt,5,5,4,1,up,3,down,2,"[0.0, 0.0, 1.0, 0.800000011920929]","[0.0, 0.0, 0.0, 0.800000011920929]",0.3242495656013489,0.6757504343986511,true,45.295532200005255,0.2438119649887085,0.2438119649887085,0.07550258189439774,0.0,0.050000667572021484,0.5124975442886353,0.48750245571136475,1,up,"[0.014846259728074074, 0.1072075143456459, 0.13850024342536926, 0.6310381889343262]","[0.014846259728074074, 0.1072075143456459, 0.13850024342536926, -0.16896182298660278]",20983,20998,16,41997,true,true,true,true,,,,
99,art_cw,c2,collect_two,model_10.pt,5,5,4,1,up,3,down,2,"[0.0, 0.0, 1.0, 0.800000011920929]","[0.0, 0.0, 0.0, 0.800000011920929]",0.3242495656013489,0.6757504343986511,false,9.06449010000506,0.26206380128860474,0.26206380128860474,0.1099293865263462,0.04125194624066353,0.008748054504394531,0.5021870136260986,0.49781301617622375,1,up,"[8.426327258348465e-05, 0.00023333728313446045, 0.00026121269911527634, 0.5379364490509033]","[8.426327258348465e-05, 0.00023333728313446045, 0.00026121269911527634, -0.26206356287002563]",,,,,,,,,,3,250,750
100,ray_zoo,c2,collect_two,model_10.pt,5,6,4,1,up,2,left,2,"[0.0, 0.0, 1.0, 0.800000011920929]","[0.0, 0.0, 0.0, 0.800000011920929]",0.2244197279214859,0.7755802869796753,true,45.05418060001102,0.7733764052391052,0.7733764052391052,0.6709650754928589,0.0,0.050000011920928955,0.5124974250793457,0.4875026047229767,1,up,"[0.0, 0.15977387130260468, 0.6656314730644226, 0.44011369347572327]","[0.0, 0.15977387130260468, 0.6656314730644226, -0.3598863184452057]",20983,20998,16,41997,true,true,true,false,,,,
100,art_cw,c2,collect_two,model_10.pt,5,6,4,1,up,2,left,2,"[0.0, 0.0, 1.0, 0.800000011920929]","[0.0, 0.0, 0.0, 0.800000011920929]",0.2244197279214859,0.7755802869796753,true,8.215836600007606,0.7770653963088989,0.7770653963088989,0.6038306355476379,0.0,0.08446681499481201,0.5211041569709778,0.4788958430290222,1,up,"[0.0025099627673625946, 0.18228110671043396, 0.5805947780609131, 0.3167737126350403]","[0.0025099627673625946, 0.18228110671043396, 0.5805947780609131, -0.48322629928588867]",,,,,,,,,,3,250,750
101,ray_zoo,c2,collect_two,model_10.pt,5,7,4,0,right,2,left,2,"[0.0, 0.0, 1.0, 0.800000011920929]","[0.0, 0.0, 0.0, 0.800000011920929]",0.23261305689811707,0.7673869729042053,true,43.399404399999185,0.7649585008621216,0.7649585008621216,0.630907416343689,0.0,0.050004005432128906,0.5124984383583069,0.4875016212463379,0,right,"[0.0, 0.0, 0.7098137140274048, 0.5148228406906128]","[0.0, 0.0, 0.7098137140274048, -0.28517717123031616]",20983,20998,16,41997,true,true,true,false,,,,
101,art_cw,c2,collect_two,model_10.pt,5,7,4,0,right,2,left,2,"[0.0, 0.0, 1.0, 0.800000011920929]","[0.0, 0.0, 0.0, 0.800000011920929]",0.23261305689811707,0.7673869729042053,false,8.094581900004414,0.7395151853561401,0.7395151853561401,0.5927950032055378,0.04591231420636177,0.004087686538696289,0.5010219216346741,0.4989781081676483,0,right,"[0.0, 0.012846866622567177, 0.6268359422683716, 0.4078337848186493]","[0.0, 0.012846866622567177, 0.6268359422683716, -0.39216622710227966]",,,,,,,,,,3,250,750
102,ray_zoo,c2,collect_two,model_10.pt,5,8,4,0,right,2,left,2,"[0.0, 0.0, 1.0, 0.800000011920929]","[0.0, 0.0, 0.0, 0.800000011920929]",0.3256012499332428,0.6743987202644348,true,45.05616209999425,0.6920331716537476,0.6920331716537476,0.5183320641517639,0.0,0.05001628398895264,0.5125014781951904,0.48749855160713196,0,right,"[0.0, 0.0, 0.6393951177597046, 0.5352665185928345]","[0.0, 0.0, 0.6393951177597046, -0.2647334933280945]",20983,20998,16,41997,true,true,true,false,,,,
102,art_cw,c2,collect_two,model_10.pt,5,8,4,0,right,2,left,2,"[0.0, 0.0, 1.0, 0.800000011920929]","[0.0, 0.0, 0.0, 0.800000011920929]",0.3256012499332428,0.6743987202644348,true,6.77397789999668,0.7294507026672363,0.7294507026672363,0.5320983529090881,0.0,0.13036370277404785,0.5325448513031006,0.4674551486968994,0,right,"[0.021561136469244957, 0.008780507370829582, 0.6592714190483093, 0.48868411779403687]","[0.021561136469244957, 0.008780507370829582, 0.6592714190483093, -0.3113158941268921]",,,,,,,,,,3,250,750
103,ray_zoo,c2,collect_two,model_10.pt,6,0,4,1,up,0,right,4,"[0.800000011920929, 0.0, 1.0, 0.0]","[0.800000011920929, 0.0, 1.0, 0.0]",0.13315212726593018,0.6183194518089294,true,43.775250199993025,0.23700900375843048,0.23700900375843048,0.0627780333161354,0.0,0.0500035285949707,0.3488699793815613,0.3318542242050171,1,up,"[0.8165891170501709, 0.0, 0.7635722756385803, 0.0]","[0.016589105129241943, 0.0, -0.23642772436141968, 0.0]",20983,20998,16,41997,true,true,false,true,,,,
103,art_cw,c2,collect_two,model_10.pt,6,0,4,1,up,0,right,4,"[0.800000011920929, 0.0, 1.0, 0.0]","[0.800000011920929, 0.0, 1.0, 0.0]",0.13315212726593018,0.6183194518089294,true,7.745904099996551,0.1646178513765335,0.1646178513765335,0.027099037542939186,0.0,0.12593066692352295,0.3681439161300659,0.32458364963531494,1,up,"[0.9646164774894714, 0.0, 0.999325156211853, 3.133993595838547e-05]","[0.16461646556854248, 0.0, -0.0006748437881469727, 3.133993595838547e-05]",,,,,,,,,,3,250,750
104,ray_zoo,c2,collect_two,model_10.pt,6,0,4,2,left,0,right,4,"[0.800000011920929, 0.0, 1.0, 0.0]","[0.800000011920929, 0.0, 1.0, 0.0]",0.13239243626594543,0.6183194518089294,true,44.77429279999342,0.6903934478759766,0.6903934478759766,0.47664308547973633,0.0,0.050011515617370605,0.28785666823387146,0.2738146185874939,2,left,"[0.767605185508728, 0.5429413914680481, 0.5747843980789185, 0.0]","[-0.03239482641220093, 0.5429413914680481, -0.42521560192108154, 0.0]",20983,20998,16,41997,true,true,true,true,,,,
104,art_cw,c2,collect_two,model_10.pt,6,0,4,2,left,0,right,4,"[0.800000011920929, 0.0, 1.0, 0.0]","[0.800000011920929, 0.0, 1.0, 0.0]",0.13239243626594543,0.6183194518089294,false,8.925366399998893,0.0,0.0,1.5912346839904785,1.5912346839904785,-1.5412347316741943,0.13239243626594543,0.6183194518089294,0,right,"[0.800000011920929, 0.0, 1.0, 0.0]","[0.0, 0.0, 0.0, 0.0]",,,,,,,,,,3,250,750
105,ray_zoo,c2,collect_two,model_10.pt,6,1,4,2,left,0,right,2,"[0.800000011920929, 0.0, 1.0, 0.0]","[0.800000011920929, 0.0, 1.0, 0.0]",0.20816031098365784,0.7918397188186646,true,44.499713500001235,0.16942963004112244,0.16942963004112244,0.028706399723887444,0.0,0.0500187873840332,0.5125020742416382,0.4874979257583618,2,left,"[0.9309412240982056, 0.0, 0.8993527889251709, 0.0378277525305748]","[0.1309412121772766, 0.0, -0.1006472110748291, 0.0378277525305748]",20983,20998,16,41997,true,true,true,true,,,,
105,art_cw,c2,collect_two,model_10.pt,6,1,4,2,left,0,right,2,"[0.800000011920929, 0.0, 1.0, 0.0]","[0.800000011920929, 0.0, 1.0, 0.0]",0.20816031098365784,0.7918397188186646,false,7.302261999997427,0.20032164454460144,0.20032164454460144,0.12792883440852165,0.08780007064342499,-0.03780007362365723,0.49055108428001404,0.5094488859176636,0,right,"[1.0, 0.0, 0.9889642000198364, 0.002642013132572174]","[0.19999998807907104, 0.0, -0.011035799980163574, 0.002642013132572174]",,,,,,,,,,3,250,750
106,ray_zoo,c2,collect_two,model_10.pt,6,2,4,2,left,0,right,2,"[0.800000011920929, 0.0, 1.0, 0.0]","[0.800000011920929, 0.0, 1.0, 0.0]",0.31824740767478943,0.681752622127533,true,45.3393791999988,0.12301567941904068,0.12301567941904068,0.015132857486605644,0.0,0.05002450942993164,0.5125035047531128,0.4874964654445648,2,left,"[0.800000011920929, 0.0, 0.8903886675834656, 0.05584096536040306]","[0.0, 0.0, -0.10961133241653442, 0.05584096536040306]",20983,20998,16,41997,true,true,true,true,,,,
106,art_cw,c2,collect_two,model_10.pt,6,2,4,2,left,0,right,2,"[0.800000011920929, 0.0, 1.0, 0.0]","[0.800000011920929, 0.0, 1.0, 0.0]",0.31824740767478943,0.681752622127533,false,9.200564200000372,0.10560865700244904,0.10560865700244904,0.01570011768490076,0.0045469291508197784,0.04545307159423828,0.511361300945282,0.488638699054718,2,left,"[0.9056075215339661, 0.0, 0.9995388984680176, 0.0001729968935251236]","[0.10560750961303711, 0.0, -0.0004611015319824219, 0.0001729968935251236]",,,,,,,,,,3,250,750
107,ray_zoo,c2,collect_two,model_10.pt,6,3,4,2,left,1,up,3,"[0.800000011920929, 0.0, 1.0, 0.0]","[0.800000011920929, 0.0, 0.0, 0.0]",0.2902667820453644,0.5013443827629089,true,44.430328500006,0.2739700376987457,0.2739700376987457,0.10994131863117218,0.0,0.05000782012939453,0.39764076471328735,0.3782446086406708,2,left,"[0.5509779453277588, 0.05566395819187164, 0.0, 0.0997452363371849]","[-0.24902206659317017, 0.05566395819187164, 0.0, 0.0997452363371849]",20983,20998,16,41997,true,true,true,true,,,,
107,art_cw,c2,collect_two,model_10.pt,6,3,4,2,left,1,up,3,"[0.800000011920929, 0.0, 1.0, 0.0]","[0.800000011920929, 0.0, 0.0, 0.0]",0.2902667820453644,0.5013443827629089,false,8.828836499989848,0.2529042959213257,0.2529042959213257,0.11090251430869102,0.04694192484021187,0.0030580759048461914,0.3905349671840668,0.3893424868583679,2,left,"[0.5470957159996033, 3.03611159324646e-07, 0.0, 7.155723869800568e-05]","[-0.2529042959213257, 3.03611159324646e-07, 0.0, 7.155723869800568e-05]",,,,,,,,,,3,250,750
108,ray_zoo,c2,collect_two,model_10.pt,6,3,4,3,down,1,up,3,"[0.800000011920929, 0.0, 1.0, 0.0]","[0.800000011920929, 0.0, 0.0, 0.0]",0.2083887904882431,0.5013443827629089,true,45.03418640000746,0.6851546168327332,0.6851546168327332,0.5191437602043152,0.0,0.05003321170806885,0.34455806016921997,0.32774287462234497,3,down,"[0.5027327537536621, 0.0, 0.042767491191625595, 0.6158246397972107]","[-0.29726725816726685, 0.0, 0.042767491191625595, 0.6158246397972107]",20983,20998,16,41997,true,true,true,false,,,,
108,art_cw,c2,collect_two,model_10.pt,6,3,4,3,down,1,up,3,"[0.800000011920929, 0.0, 1.0, 0.0]","[0.800000011920929, 0.0, 0.0, 0.0]",0.2083887904882431,0.5013443827629089,false,8.292059099985636,0.0,0.0,0.9278877973556519,0.9278877973556519,-0.8778877854347229,0.2083887904882431,0.5013443827629089,1,up,"[0.800000011920929, 0.0, 0.0, 0.0]","[0.0, 0.0, 0.0, 0.0]",,,,,,,,,,3,250,750
109,ray_zoo,c2,collect_two,model_10.pt,6,4,4,3,down,1,up,2,"[0.800000011920929, 0.0, 1.0, 0.0]","[0.800000011920929, 0.0, 0.0, 0.0]",0.2881230115890503,0.7118770480155945,true,44.34445140000025,0.47517314553260803,0.47517314553260803,0.2581242322921753,0.0,0.050000667572021484,0.5124975442886353,0.48750245571136475,3,down,"[0.5602419376373291, 0.25369998812675476, 0.32240021228790283, 0.0]","[-0.23975807428359985, 0.25369998812675476, 0.32240021228790283, 0.0]",20983,20998,16,41997,true,true,true,false,,,,
109,art_cw,c2,collect_two,model_10.pt,6,4,4,3,down,1,up,2,"[0.800000011920929, 0.0, 1.0, 0.0]","[0.800000011920929, 0.0, 0.0, 0.0]",0.2881230115890503,0.7118770480155945,true,9.01030379999429,0.4922783076763153,0.4922783076763153,0.24233794212341309,0.0,0.11202764511108398,0.5279776453971863,0.47202232480049133,3,down,"[0.5196639895439148, 0.24105419218540192, 0.32493361830711365, 0.007789976894855499]","[-0.28033602237701416, 0.24105419218540192, 0.32493361830711365, 0.007789976894855499]",,,,,,,,,,3,250,750
110,ray_zoo,c2,collect_two,model_10.pt,6,5,4,3,down,1,up,2,"[0.800000011920929, 0.0, 1.0, 0.0]","[0.800000011920929, 0.0, 0.0, 0.0]",0.3019760251045227,0.6980239748954773,true,45.21039340000425,0.3539375364780426,0.3539375364780426,0.14627428352832794,0.0,0.05000925064086914,0.5124996900558472,0.48750028014183044,3,down,"[0.6067701578140259, 0.17908863723278046, 0.23634988069534302, 0.0]","[-0.19322985410690308, 0.17908863723278046, 0.23634988069534302, 0.0]",20983,20998,16,41997,true,true,true,false,,,,
110,art_cw,c2,collect_two,model_10.pt,6,5,4,3,down,1,up,2,"[0.800000011920929, 0.0, 1.0, 0.0]","[0.800000011920929, 0.0, 0.0, 0.0]",0.3019760251045227,0.6980239748954773,false,7.049645599996438,0.3306434750556946,0.3306434750556946,0.15880488231778145,0.04947977140545845,0.0005202293395996094,0.5001300573348999,0.4998699426651001,3,down,"[0.5278173089027405, 0.07793284207582474, 0.17078644037246704, 0.0003834748640656471]","[-0.2721827030181885, 0.07793284207582474, 0.17078644037246704, 0.0003834748640656471]",,,,,,,,,,3,250,750
111,ray_zoo,c2,collect_two,model_10.pt,6,6,4,3,down,2,left,2,"[0.800000011920929, 0.0, 1.0, 0.0]","[0.800000011920929, 0.0, 0.0, 0.0]",0.27296561002731323,0.7270343899726868,true,44.484499800004414,0.3383520543575287,0.3383520543575287,0.11658991873264313,0.0,0.05000525712966919,0.512498676776886,0.4875012934207916,3,down,"[0.7387856245040894, 0.17036157846450806, 0.2856903076171875, 0.009638269431889057]","[-0.0612143874168396, 0.17036157846450806, 0.2856903076171875, 0.009638269431889057]",20983,20998,16,41997,true,true,false,false,,,,
111,art_cw,c2,collect_two,model_10.pt,6,6,4,3,down,2,left,2,"[0.800000011920929, 0.0, 1.0, 0.0]","[0.800000011920929, 0.0, 0.0, 0.0]",0.27296561002731323,0.7270343899726868,false,5.980778099998133,0.3339540660381317,0.3339540660381317,0.16150087490677834,0.04997556284070015,2.4437904357910156e-05,0.5000061392784119,0.4999938905239105,3,down,"[0.621945858001709, 0.02240700088441372, 0.2816118001937866, 0.0038392217829823494]","[-0.17805415391921997, 0.02240700088441372, 0.2816118001937866, 0.0038392217829823494]",,,,,,,,,,3,250,750
112,ray_zoo,c2,collect_two,model_10.pt,6,7,4,0,right,2,left,2,"[0.800000011920929, 0.0, 1.0, 0.0]","[0.800000011920929, 0.0, 0.0, 0.0]",0.18755675852298737,0.8124432563781738,true,43.88340769999195,0.7243977189064026,0.7243977189064026,0.57276850938797,0.0,0.05000495910644531,0.5124986171722412,0.4875013530254364,0,right,"[0.5078312158584595, 0.011138847097754478, 0.6627709865570068, 0.0]","[-0.2921687960624695, 0.011138847097754478, 0.6627709865570068, 0.0]",20983,20998,16,41997,true,true,true,false,,,,
112,art_cw,c2,collect_two,model_10.pt,6,7,4,0,right,2,left,2,"[0.800000011920929, 0.0, 1.0, 0.0]","[0.800000011920929, 0.0, 0.0, 0.0]",0.18755675852298737,0.8124432563781738,false,9.178879900005995,0.6957485675811768,0.6957485675811768,0.5248547680675983,0.04078869894146919,0.009211301803588867,0.5023027658462524,0.49769720435142517,0,right,"[0.3837631046772003, 0.008145514875650406, 0.5574464797973633, 0.0]","[-0.41623690724372864, 0.008145514875650406, 0.5574464797973633, 0.0]",,,,,,,,,,3,250,750
113,ray_zoo,c2,collect_two,model_10.pt,6,8,4,0,right,2,left,2,"[0.800000011920929, 0.0, 1.0, 0.0]","[0.800000011920929, 0.0, 0.0, 0.0]",0.344868004322052,0.6551320552825928,true,44.10496399999829,0.5163936018943787,0.5163936018943787,0.3039082884788513,0.0,0.05001020431518555,0.5124999284744263,0.48750004172325134,0,right,"[0.5426772832870483, 0.00820478517562151, 0.44763830304145813, 0.0]","[-0.2573227286338806, 0.00820478517562151, 0.44763830304145813, 0.0]",20983,20998,16,41997,true,true,true,false,,,,
113,art_cw,c2,collect_two,model_10.pt,6,8,4,0,right,2,left,2,"[0.800000011920929, 0.0, 1.0, 0.0]","[0.800000011920929, 0.0, 0.0, 0.0]",0.344868004322052,0.6551320552825928,false,7.629443700003321,0.4768567681312561,0.4768567681312561,0.2756824381649494,0.04829006269574165,0.0017099380493164062,0.5004274845123291,0.4995725154876709,0,right,"[0.4905214309692383, 0.0043359920382499695, 0.3627603054046631, 0.0012402525171637535]","[-0.3094785809516907, 0.0043359920382499695, 0.3627603054046631, 0.0012402525171637535]",,,,,,,,,,3,250,750
114,ray_zoo,c2,collect_two,model_10.pt,7,0,4,1,up,3,down,4,"[0.800000011920929, 0.0, 0.0, 1.0]","[0.800000011920929, 0.0, 0.0, 1.0]",0.17146742343902588,0.5955190658569336,true,45.926278200000525,0.21203190088272095,0.21203190088272095,0.04690273851156235,0.0,0.05003035068511963,0.3431631028652191,0.32641690969467163,1,up,"[0.8090028166770935, 0.0, 0.0027191489934921265, 0.7881767749786377]","[0.00900280475616455, 0.0, 0.0027191489934921265, -0.2118232250213623]",20983,20998,16,41997,true,true,true,true,,,,
114,art_cw,c2,collect_two,model_10.pt,7,0,4,1,up,3,down,4,"[0.800000011920929, 0.0, 0.0, 1.0]","[0.800000011920929, 0.0, 0.0, 1.0]",0.17146742343902588,0.5955190658569336,false,5.720499200004269,0.20312809944152832,0.20312809944152832,0.08721863850951195,0.04595761373639107,0.004042387008666992,0.3661203384399414,0.3646433353424072,1,up,"[1.0, 0.0, 0.0004038717597723007, 0.9644913077354431]","[0.19999998807907104, 0.0, 0.0004038717597723007, -0.035508692264556885]",,,,,,,,,,3,250,750
115,ray_zoo,c2,collect_two,model_10.pt,7,0,4,2,left,3,down,4,"[0.800000011920929, 0.0, 0.0, 1.0]","[0.800000011920929, 0.0, 0.0, 1.0]",0.12985973060131073,0.5955190658569336,true,44.690268099991954,0.6506171822547913,0.6506171822547913,0.42330271005630493,0.0,0.05001115798950195,0.2615155279636383,0.2487584799528122,2,left,"[0.4968297779560089, 0.2813352346420288, 0.0, 0.497763991355896]","[-0.30317023396492004, 0.2813352346420288, 0.0, -0.502236008644104]",20983,20998,16,41997,true,true,true,true,,,,
115,art_cw,c2,collect_two,model_10.pt,7,0,4,2,left,3,down,4,"[0.800000011920929, 0.0, 0.0, 1.0]","[0.800000011920929, 0.0, 0.0, 1.0]",0.12985973060131073,0.5955190658569336,false,7.643744999993942,0.0,0.0,1.5729784965515137,1.5729784965515137,-1.5229785442352295,0.12985973060131073,0.5955190658569336,3,down,"[0.800000011920929, 0.0, 0.0, 1.0]","[0.0, 0.0, 0.0, 0.0]",,,,,,,,,,3,250,750
116,ray_zoo,c2,collect_two,model_10.pt,7,1,4,1,up,3,down,2,"[0.800000011920929, 0.0, 0.0, 1.0]","[0.800000011920929, 0.0, 0.0, 1.0]",0.17884039878845215,0.8211596608161926,true,45.963532000008854,0.25452739000320435,0.25452739000320435,0.06850381195545197,0.0,0.0500187873840332,0.5125020742416382,0.4874979257583618,1,up,"[0.8124492764472961, 0.014583770185709, 0.015810688957571983, 0.7466888427734375]","[0.012449264526367188, 0.014583770185709, 0.015810688957571983, -0.2533111572265625]",20983,20998,16,41997,true,true,false,false,,,,
116,art_cw,c2,collect_two,model_10.pt,7,1,4,1,up,3,down,2,"[0.800000011920929, 0.0, 0.0, 1.0]","[0.800000011920929, 0.0, 0.0, 1.0]",0.17884039878845215,0.8211596608161926,false,6.85267809999641,0.2149578481912613,0.2149578481912613,0.09402582421898842,0.047818947583436966,0.0021810531616210938,0.5005452632904053,0.4994547367095947,1,up,"[1.0, 0.00018269382417201996, 0.0010505365207791328, 0.9212234616279602]","[0.19999998807907104, 0.00018269382417201996, 0.0010505365207791328, -0.0787765383720398]",,,,,,,,,,3,250,750
117,ray_zoo,c2,collect_two,model_10.pt,7,2,4,1,up,3,down,2,"[0.800000011920929, 0.0, 0.0, 1.0]","[0.800000011920929, 0.0, 0.0, 1.0]",0.27091002464294434,0.7290900349617004,true,44.60599529999308,0.13608841598033905,0.13608841598033905,0.01867665722966194,0.0,0.050020694732666016,0.5125025510787964,0.4874974191188812,1,up,"[0.8025544285774231, 0.0, 0.0074544441886246204, 0.8641399145126343]","[0.0025544166564941406, 0.0, 0.0074544441886246204, -0.13586008548736572]",20983,20998,16,41997,true,true,false,true,,,,
117,art_cw,c2,collect_two,model_10.pt,7,2,4,1,up,3,down,2,"[0.800000011920929, 0.0, 0.0, 1.0]","[0.800000011920929, 0.0, 0.0, 1.0]",0.27091002464294434,0.7290900349617004,true,5.894755500004976,0.17035388946533203,0.17035388946533203,0.02902044542133808,0.0,0.06430268287658691,0.5160701274871826,0.4839298725128174,1,up,"[0.9703412055969238, 0.0, 0.00012195762246847153, 0.9979244470596313]","[0.17034119367599487, 0.0, 0.00012195762246847153, -0.0020755529403686523]",,,,,,,,,,3,250,750
118,ray_zoo,c2,collect_two,model_10.pt,7,3,4,0,right,1,up,3,"[0.800000011920929, 0.0, 0.0, 1.0]","[0.800000011920929, 0.0, 0.0, 0.0]",0.17920054495334625,0.6672618389129639,true,44.26571839999815,0.7315359115600586,0.7315359115600586,0.6039092540740967,0.0,0.05000948905944824,0.3891908824443817,0.3702063262462616,0,right,"[0.4503602385520935, 0.0, 0.5489627718925476, 0.3339710533618927]","[-0.34963977336883545, 0.0, 0.5489627718925476, 0.3339710533618927]",20983,20998,16,41997,true,true,true,false,,,,
118,art_cw,c2,collect_two,model_10.pt,7,3,4,0,right,1,up,3,"[0.800000011920929, 0.0, 0.0, 1.0]","[0.800000011920929, 0.0, 0.0, 0.0]",0.17920054495334625,0.6672618389129639,false,7.330858100001933,0.6655634045600891,0.6655634045600891,0.48353205993771553,0.04055743291974068,0.009442567825317383,0.35722658038139343,0.35386931896209717,0,right,"[0.36470428109169006, 0.0, 0.017729666084051132, 0.5031678676605225]","[-0.4352957308292389, 0.0, 0.017729666084051132, 0.5031678676605225]",,,,,,,,,,3,250,750
119,ray_zoo,c2,collect_two,model_10.pt,7,3,4,2,left,1,up,3,"[0.800000011920929, 0.0, 0.0, 1.0]","[0.800000011920929, 0.0, 0.0, 0.0]",0.15353763103485107,0.6672618389129639,true,43.94643080000242,0.7239066958427429,0.7239066958427429,0.5886038541793823,0.0,0.05001628398895264,0.37958401441574097,0.3610655963420868,2,left,"[0.46121007204055786, 0.5997439026832581, 0.01835654303431511, 0.22188416123390198]","[-0.3387899398803711, 0.5997439026832581, 0.01835654303431511, 0.22188416123390198]",20983,20998,16,41997,true,true,true,false,,,,
119,art_cw,c2,collect_two,model_10.pt,7,3,4,2,left,1,up,3,"[0.800000011920929, 0.0, 0.0, 1.0]","[0.800000011920929, 0.0, 0.0, 0.0]",0.15353763103485107,0.6672618389129639,false,7.321546499995748,0.8115381598472595,0.8115381598472595,0.6916084177792072,0.03301422670483589,0.016985774040222168,0.352776437997818,0.34683486819267273,2,left,"[0.016556859016418457, 0.028788896277546883, 0.011057132855057716, 0.20942766964435577]","[-0.7834431529045105, 0.028788896277546883, 0.011057132855057716, 0.20942766964435577]",,,,,,,,,,3,250,750
120,ray_zoo,c2,collect_two,model_10.pt,7,4,4,3,down,1,up,2,"[0.800000011920929, 0.0, 0.0, 1.0]","[0.800000011920929, 0.0, 0.0, 0.0]",0.12371955811977386,0.8762804269790649,true,44.033080499997595,0.5274818539619446,0.5274818539619446,0.27823713421821594,0.0,0.05001723766326904,0.5125017166137695,0.48749828338623047,3,down,"[0.475618839263916, 0.0, 0.0, 0.4159494936466217]","[-0.32438117265701294, 0.0, 0.0, 0.4159494936466217]",20983,20998,16,41997,true,true,true,false,,,,
120,art_cw,c2,collect_two,model_10.pt,7,4,4,3,down,1,up,2,"[0.800000011920929, 0.0, 0.0, 1.0]","[0.800000011920929, 0.0, 0.0, 0.0]",0.12371955811977386,0.8762804269790649,false,8.122418800005107,0.5256354212760925,0.5256354212760925,0.3255886919796467,0.049296069890260696,0.0007039308547973633,0.500175952911377,0.49982401728630066,3,down,"[0.42159488797187805, 0.0028310902416706085, 0.008602069690823555, 0.36471930146217346]","[-0.3784051239490509, 0.0028310902416706085, 0.008602069690823555, 0.36471930146217346]",,,,,,,,,,3,250,750
121,ray_zoo,c2,collect_two,model_10.pt,7,5,4,3,down,1,up,2,"[0.800000011920929, 0.0, 0.0, 1.0]","[0.800000011920929, 0.0, 0.0, 0.0]",0.2228848785161972,0.7771151065826416,true,44.64096970000537,0.4619998633861542,0.4619998633861542,0.21344386041164398,0.0,0.05001533031463623,0.5125012397766113,0.48749879002571106,3,down,"[0.49783793091773987, 0.0, 0.0, 0.34948810935020447]","[-0.3021620810031891, 0.0, 0.0, 0.34948810935020447]",20983,20998,16,41997,true,true,true,false,,,,
121,art_cw,c2,collect_two,model_10.pt,7,5,4,3,down,1,up,2,"[0.800000011920929, 0.0, 0.0, 1.0]","[0.800000011920929, 0.0, 0.0, 0.0]",0.2228848785161972,0.7771151065826416,false,8.174747000011848,0.45241233706474304,0.45241233706474304,0.2546743042767048,0.04999737814068794,2.6226043701171875e-06,0.5000006556510925,0.49999934434890747,3,down,"[0.48875004053115845, 0.008802728727459908, 0.016839265823364258, 0.3277793824672699]","[-0.3112499713897705, 0.008802728727459908, 0.016839265823364258, 0.3277793824672699]",,,,,,,,,,3,250,750
122,ray_zoo,c2,collect_two,model_10.pt,7,6,4,3,down,1,up,4,"[0.800000011920929, 0.0, 0.0, 1.0]","[0.800000011920929, 0.0, 0.0, 0.0]",0.15226732194423676,0.6380515098571777,true,45.09872870000254,0.5355014801025391,0.5355014801025391,0.3329579830169678,0.0,0.050036072731018066,0.36216458678245544,0.344489187002182,3,down,"[0.5134227275848389, 0.0, 0.022348947823047638, 0.4518139064311981]","[-0.2865772843360901, 0.0, 0.022348947823047638, 0.4518139064311981]",20983,20998,16,41997,true,true,true,false,,,,
122,art_cw,c2,collect_two,model_10.pt,7,6,4,3,down,1,up,4,"[0.800000011920929, 0.0, 0.0, 1.0]","[0.800000011920929, 0.0, 0.0, 0.0]",0.15226732194423676,0.6380515098571777,false,8.005484099994646,0.0,0.0,1.4827812910079956,1.4827812910079956,-1.4327813386917114,0.15226732194423676,0.6380515098571777,1,up,"[0.800000011920929, 0.0, 0.0, 0.0]","[0.0, 0.0, 0.0, 0.0]",,,,,,,,,,3,250,750
123,ray_zoo,c2,collect_two,model_10.pt,7,6,4,2,left,1,up,4,"[0.800000011920929, 0.0, 0.0, 1.0]","[0.800000011920929, 0.0, 0.0, 0.0]",0.11897081136703491,0.6380515098571777,true,44.879733099995065,0.5689270496368408,0.5689270496368408,0.3824988007545471,0.0,0.05001020431518555,0.31009945273399353,0.2949727177619934,2,left,"[0.4766266644001007, 0.4653673768043518, 0.045964475721120834, 0.02069203555583954]","[-0.32337334752082825, 0.4653673768043518, 0.045964475721120834, 0.02069203555583954]",20983,20998,16,41997,true,true,true,true,,,,
123,art_cw,c2,collect_two,model_10.pt,7,6,4,2,left,1,up,4,"[0.800000011920929, 0.0, 0.0, 1.0]","[0.800000011920929, 0.0, 0.0, 0.0]",0.11897081136703491,0.6380515098571777,false,6.826601400010986,0.6710001826286316,0.6710001826286316,0.4935764856636524,0.04333524778485298,0.006664752960205078,0.2692577540874481,0.267469197511673,2,left,"[0.12900137901306152, 0.0010812999680638313, 0.0, 0.0009623505175113678]","[-0.6709986329078674, 0.0010812999680638313, 0.0, 0.0009623505175113678]",,,,,,,,,,3,250,750
124,ray_zoo,c2,collect_two,model_10.pt,7,7,4,3,down,1,up,2,"[0.800000011920929, 0.0, 0.0, 1.0]","[0.800000011920929, 0.0, 0.0, 0.0]",0.18477565050125122,0.8152243494987488,true,45.742666699996335,0.41331538558006287,0.41331538558006287,0.20323093235492706,0.0,0.05000710487365723,0.5124991536140442,0.4875008463859558,3,down,"[0.5599951148033142, 0.198186993598938, 0.27067309617996216, 0.02617717906832695]","[-0.24000489711761475, 0.198186993598938, 0.27067309617996216, 0.02617717906832695]",20983,20998,16,41997,true,true,true,false,,,,
124,art_cw,c2,collect_two,model_10.pt,7,7,4,3,down,1,up,2,"[0.800000011920929, 0.0, 0.0, 1.0]","[0.800000011920929, 0.0, 0.0, 0.0]",0.18477565050125122,0.8152243494987488,false,5.97532389999833,0.3889872431755066,0.3889872431755066,0.20126571133732796,0.04995464161038399,4.5359134674072266e-05,0.5000113248825073,0.4999886751174927,3,down,"[0.47372251749038696, 0.10948237031698227, 0.18002408742904663, 0.0214244332164526]","[-0.326277494430542, 0.10948237031698227, 0.18002408742904663, 0.0214244332164526]",,,,,,,,,,3,250,750
125,ray_zoo,c2,collect_two,model_10.pt,7,8,4,3,down,1,up,2,"[0.800000011920929, 0.0, 0.0, 1.0]","[0.800000011920929, 0.0, 0.0, 0.0]",0.21620354056358337,0.7837964296340942,true,45.54029879999871,0.3135007917881012,0.3135007917881012,0.11988665163516998,0.0,0.05003786087036133,0.512506902217865,0.4874931275844574,3,down,"[0.6040230989456177, 0.14446699619293213, 0.19549815356731415, 0.02802763506770134]","[-0.19597691297531128, 0.14446699619293213, 0.19549815356731415, 0.02802763506770134]",20983,20998,16,41997,true,true,true,true,,,,
125,art_cw,c2,collect_two,model_10.pt,7,8,4,3,down,1,up,2,"[0.800000011920929, 0.0, 0.0, 1.0]","[0.800000011920929, 0.0, 0.0, 0.0]",0.21620354056358337,0.7837964296340942,false,6.9949065999971936,0.3746545612812042,0.3746545612812042,0.19033266976475716,0.04996662214398384,3.337860107421875e-05,0.5000083446502686,0.49999165534973145,3,down,"[0.4253459870815277, 0.0004241783171892166, 0.0004538474604487419, 9.152851998806e-05]","[-0.37465402483940125, 0.0004241783171892166, 0.0004538474604487419, 9.152851998806e-05]",,,,,,,,,,3,250,750
126,ray_zoo,c2,collect_two,model_10.pt,8,0,4,0,right,2,left,4,"[0.800000011920929, 1.0, 0.0, 0.0]","[0.800000011920929, 1.0, 0.0, 0.0]",0.12753260135650635,0.6490733623504639,true,45.234759499988286,0.7085803747177124,0.7085803747177124,0.5068224668502808,0.0,0.0500178337097168,0.2882578670978546,0.27419447898864746,0,right,"[0.7082390189170837, 0.5267401337623596, 0.4633256793022156, 0.23456445336341858]","[-0.09176099300384521, -0.4732598662376404, 0.4633256793022156, 0.23456445336341858]",20983,20998,16,41997,true,true,true,true,,,,
126,art_cw,c2,collect_two,model_10.pt,8,0,4,0,right,2,left,4,"[0.800000011920929, 1.0, 0.0, 0.0]","[0.800000011920929, 1.0, 0.0, 0.0]",0.12753260135650635,0.6490733623504639,false,6.824245899988455,0.0,0.0,1.6771736145019531,1.6771736145019531,-1.627173662185669,0.12753260135650635,0.6490733623504639,2,left,"[0.800000011920929, 1.0, 0.0, 0.0]","[0.0, 0.0, 0.0, 0.0]",,,,,,,,,,3,250,750
127,ray_zoo,c2,collect_two,model_10.pt,8,0,4,1,up,2,left,4,"[0.800000011920929, 1.0, 0.0, 0.0]","[0.800000011920929, 1.0, 0.0, 0.0]",0.12645743787288666,0.6490733623504639,true,46.536353699993924,0.24889063835144043,0.24889063835144043,0.06631053984165192,0.0,0.050002217292785645,0.3580023944377899,0.34054163098335266,1,up,"[0.8134845495223999, 0.751474916934967, 0.0, 0.0]","[0.013484537601470947, -0.24852508306503296, 0.0, 0.0]",20983,20998,16,41997,true,true,true,true,,,,
127,art_cw,c2,collect_two,model_10.pt,8,0,4,1,up,2,left,4,"[0.800000011920929, 1.0, 0.0, 0.0]","[0.800000011920929, 1.0, 0.0, 0.0]",0.12645743787288666,0.6490733623504639,false,8.713291299995035,0.19904030859470367,0.19904030859470367,0.08432582020759583,0.04470877721905708,0.0052912235260009766,0.36613819003105164,0.3642059862613678,1,up,"[0.9989696741104126, 0.9946978092193604, 0.0, 0.0]","[0.19896966218948364, -0.0053021907806396484, 0.0, 0.0]",,,,,,,,,,3,250,750
128,ray_zoo,c2,collect_two,model_10.pt,8,1,4,0,right,2,left,2,"[0.800000011920929, 1.0, 0.0, 0.0]","[0.800000011920929, 1.0, 0.0, 0.0]",0.23415417969226837,0.7658458352088928,true,44.07074009999633,0.22163766622543335,0.22163766622543335,0.04912325367331505,0.0,0.05002284049987793,0.5125031471252441,0.48749691247940063,0,right,"[0.800000011920929, 0.7949187755584717, 0.0, 0.08405324071645737]","[0.0, -0.20508122444152832, 0.0, 0.08405324071645737]",20983,20998,16,41997,true,true,true,true,,,,
128,art_cw,c2,collect_two,model_10.pt,8,1,4,0,right,2,left,2,"[0.800000011920929, 1.0, 0.0, 0.0]","[0.800000011920929, 1.0, 0.0, 0.0]",0.23415417969226837,0.7658458352088928,false,7.001152599987108,0.2009204477071762,0.2009204477071762,0.12125448137521744,0.08088545501232147,-0.03088545799255371,0.4922792315483093,0.5077207684516907,2,left,"[1.0, 0.9809296727180481, 0.0, 0.002313923090696335]","[0.19999998807907104, -0.019070327281951904, 0.0, 0.002313923090696335]",,,,,,,,,,3,250,750
129,ray_zoo,c2,collect_two,model_10.pt,8,2,4,0,right,2,left,2,"[0.800000011920929, 1.0, 0.0, 0.0]","[0.800000011920929, 1.0, 0.0, 0.0]",0.2832445800304413,0.7167554497718811,true,45.806036000009044,0.11821367591619492,0.11821367591619492,0.013974472880363464,0.0,0.05000734329223633,0.512499213218689,0.48750075697898865,0,right,"[0.8847106695175171, 0.920553982257843, 0.0, 0.022065993398427963]","[0.08471065759658813, -0.07944601774215698, 0.0, 0.022065993398427963]",20983,20998,16,41997,true,true,false,false,,,,
129,art_cw,c2,collect_two,model_10.pt,8,2,4,0,right,2,left,2,"[0.800000011920929, 1.0, 0.0, 0.0]","[0.800000011920929, 1.0, 0.0, 0.0]",0.2832445800304413,0.7167554497718811,false,9.207234500005143,0.16804324090480804,0.16804324090480804,0.02978472411632538,0.0015461929142475128,0.04845380783081055,0.5121110677719116,0.487888902425766,0,right,"[0.9680389165878296, 0.9988287687301636, 0.0, 0.00029322225600481033]","[0.16803890466690063, -0.0011712312698364258, 0.0, 0.00029322225600481033]",,,,,,,,,,3,250,750
130,ray_zoo,c2,collect_two,model_10.pt,8,3,4,3,down,1,up,3,"[0.800000011920929, 1.0, 0.0, 0.0]","[0.800000011920929, 0.0, 0.0, 0.0]",0.23349115252494812,0.5360296964645386,true,44.51110069999413,0.5146952271461487,0.5146952271461487,0.30255234241485596,0.0,0.05000901222229004,0.364397257566452,0.3466222584247589,3,down,"[0.5413155555725098, 0.0, 0.025481464341282845, 0.4442344307899475]","[-0.2586844563484192, 0.0, 0.025481464341282845, 0.4442344307899475]",20983,20998,16,41997,true,true,true,false,,,,
130,art_cw,c2,collect_two,model_10.pt,8,3,4,3,down,1,up,3,"[0.800000011920929, 1.0, 0.0, 0.0]","[0.800000011920929, 0.0, 0.0, 0.0]",0.23349115252494812,0.5360296964645386,false,6.112481899996055,0.48448678851127625,0.48448678851127625,0.2821960337460041,0.04746859148144722,0.00253140926361084,0.34720709919929504,0.3463292419910431,3,down,"[0.4615233242511749, 0.0046188486739993095, 0.030491387471556664, 0.3452678918838501]","[-0.33847668766975403, 0.0046188486739993095, 0.030491387471556664, 0.3452678918838501]",,,,,,,,,,3,250,750
131,ray_zoo,c2,collect_two,model_10.pt,8,3,4,0,right,1,up,3,"[0.800000011920929, 1.0, 0.0, 0.0]","[0.800000011920929, 0.0, 0.0, 0.0]",0.2304791510105133,0.5360296964645386,true,45.16273749999527,0.6009266972541809,0.6009266972541809,0.4140928089618683,0.0,0.050015807151794434,0.3496086001396179,0.3325527310371399,0,right,"[0.4931016266345978, 0.0, 0.472808837890625, 0.20827394723892212]","[-0.3068983852863312, 0.0, 0.472808837890625, 0.20827394723892212]",20983,20998,16,41997,true,true,false,false,,,,
131,art_cw,c2,collect_two,model_10.pt,8,3,4,0,right,1,up,3,"[0.800000011920929, 1.0, 0.0, 0.0]","[0.800000011920929, 0.0, 0.0, 0.0]",0.2304791510105133,0.5360296964645386,false,7.981715300003998,0.0,0.0,0.8940291404724121,0.8940291404724121,-0.8440291285514832,0.2304791510105133,0.5360296964645386,1,up,"[0.800000011920929, 0.0, 0.0, 0.0]","[0.0, 0.0, 0.0, 0.0]",,,,,,,,,,3,250,750
132,ray_zoo,c2,collect_two,model_10.pt,8,4,4,3,down,1,up,2,"[0.800000011920929, 1.0, 0.0, 0.0]","[0.800000011920929, 0.0, 0.0, 0.0]",0.3048727214336395,0.6951273083686829,true,44.712092600006144,0.4143218398094177,0.4143218398094177,0.20676662027835846,0.0,0.050000905990600586,0.51249760389328,0.4875023663043976,3,down,"[0.5501856803894043, 0.19401846826076508, 0.24438363313674927, 0.10903606563806534]","[-0.24981433153152466, 0.19401846826076508, 0.24438363313674927, 0.10903606563806534]",20983,20998,16,41997,true,true,true,true,,,,
132,art_cw,c2,collect_two,model_10.pt,8,4,4,3,down,1,up,2,"[0.800000011920929, 1.0, 0.0, 0.0]","[0.800000011920929, 0.0, 0.0, 0.0]",0.3048727214336395,0.6951273083686829,false,8.990606799998204,0.3883886933326721,0.3883886933326721,0.19387536123394966,0.04302959516644478,0.006970405578613281,0.5017426013946533,0.4982573986053467,3,down,"[0.4810384213924408, 0.08600905537605286, 0.19846364855766296, 0.048206888139247894]","[-0.31896159052848816, 0.08600905537605286, 0.19846364855766296, 0.048206888139247894]",,,,,,,,,,3,250,750
133,ray_zoo,c2,collect_two,model_10.pt,8,5,4,3,down,1,up,2,"[0.800000011920929, 1.0, 0.0, 0.0]","[0.800000011920929, 0.0, 0.0, 0.0]",0.29032590985298157,0.709674060344696,true,45.863280299992766,0.36071187257766724,0.36071187257766724,0.15419495105743408,0.0,0.050011634826660156,0.5125002861022949,0.4874997138977051,3,down,"[0.5930887460708618, 0.18126776814460754, 0.2331104576587677, 0.010114390403032303]","[-0.20691126585006714, 0.18126776814460754, 0.2331104576587677, 0.010114390403032303]",20983,20998,16,41997,true,true,true,true,,,,
133,art_cw,c2,collect_two,model_10.pt,8,5,4,3,down,1,up,2,"[0.800000011920929, 1.0, 0.0, 0.0]","[0.800000011920929, 0.0, 0.0, 0.0]",0.29032590985298157,0.709674060344696,false,6.908504399994854,0.33126264810562134,0.33126264810562134,0.15937445685267448,0.0496395118534565,0.0003604888916015625,0.5000901222229004,0.4999098777770996,3,down,"[0.5415433645248413, 0.13441072404384613, 0.1575760394334793, 0.006217103451490402]","[-0.25845664739608765, 0.13441072404384613, 0.1575760394334793, 0.006217103451490402]",,,,,,,,,,3,250,750
134,ray_zoo,c2,collect_two,model_10.pt,8,6,4,3,down,0,right,2,"[0.800000011920929, 1.0, 0.0, 0.0]","[0.800000011920929, 0.0, 0.0, 0.0]",0.32595524191856384,0.6740447282791138,true,45.065727599998354,0.2531385123729706,0.2531385123729706,0.07238840311765671,0.0,0.05000591278076172,0.5124988555908203,0.4875011444091797,3,down,"[0.6784595847129822, 0.17459891736507416, 0.13719423115253448, 0.0]","[-0.12154042720794678, 0.17459891736507416, 0.13719423115253448, 0.0]",20983,20998,16,41997,true,true,true,true,,,,
134,art_cw,c2,collect_two,model_10.pt,8,6,4,3,down,0,right,2,"[0.800000011920929, 1.0, 0.0, 0.0]","[0.800000011920929, 0.0, 0.0, 0.0]",0.32595524191856384,0.6740447282791138,true,8.263533400007873,0.2793619632720947,0.2793619632720947,0.07804310321807861,0.0,0.06703925132751465,0.5167535543441772,0.48324641585350037,3,down,"[0.5371003150939941, 0.08523796498775482, 0.04075877368450165, 0.0002565309405326843]","[-0.2628996968269348, 0.08523796498775482, 0.04075877368450165, 0.0002565309405326843]",,,,,,,,,,3,250,750
135,ray_zoo,c2,collect_two,model_10.pt,8,7,4,2,left,0,right,2,"[0.800000011920929, 1.0, 0.0, 0.0]","[0.800000011920929, 0.0, 0.0, 0.0]",0.26416587829589844,0.7358341217041016,true,45.64133700000821,0.685631513595581,0.685631513595581,0.5178622603416443,0.0,0.05001544952392578,0.5125012993812561,0.4874987304210663,2,left,"[0.5085768699645996, 0.6206151247024536, 0.0, 0.0]","[-0.29142314195632935, 0.6206151247024536, 0.0, 0.0]",20983,20998,16,41997,true,true,true,false,,,,
135,art_cw,c2,collect_two,model_10.pt,8,7,4,2,left,0,right,2,"[0.800000011920929, 1.0, 0.0, 0.0]","[0.800000011920929, 0.0, 0.0, 0.0]",0.26416587829589844,0.7358341217041016,true,8.045127600009437,0.7194568514823914,0.7194568514823914,0.5176181793212891,0.0,0.16493797302246094,0.5411412715911865,0.4588587284088135,2,left,"[0.43805956840515137, 0.621785581111908, 0.0, 0.0]","[-0.3619404435157776, 0.621785581111908, 0.0, 0.0]",,,,,,,,,,3,250,750
136,ray_zoo,c2,collect_two,model_10.pt,8,8,4,2,left,0,right,2,"[0.800000011920929, 1.0, 0.0, 0.0]","[0.800000011920929, 0.0, 0.0, 0.0]",0.3072003722190857,0.6927996277809143,true,44.80716660000326,0.6797834038734436,0.6797834038734436,0.5073295831680298,0.0,0.0500035285949707,0.5124983191490173,0.48750174045562744,2,left,"[0.5164538621902466, 0.6178244352340698, 0.0, 0.0]","[-0.2835461497306824, 0.6178244352340698, 0.0, 0.0]",20983,20998,16,41997,true,true,true,false,,,,
136,art_cw,c2,collect_two,model_10.pt,8,8,4,2,left,0,right,2,"[0.800000011920929, 1.0, 0.0, 0.0]","[0.800000011920929, 0.0, 0.0, 0.0]",0.3072003722190857,0.6927996277809143,true,9.140030800001114,0.7156508564949036,0.7156508564949036,0.5121561288833618,0.0,0.07990074157714844,0.5199645757675171,0.4800354540348053,2,left,"[0.3213707506656647, 0.5320433974266052, 0.0, 0.0]","[-0.4786292612552643, 0.5320433974266052, 0.0, 0.0]",,,,,,,,,,3,250,750
137,ray_zoo,c2,collect_two,model_10.pt,9,0,4,2,left,1,up,4,"[1.0, 0.800000011920929, 0.0, 0.0]","[1.0, 0.800000011920929, 0.0, 0.0]",0.16784754395484924,0.576888918876648,true,45.36598909999884,0.1612074077129364,0.1612074077129364,0.026401588693261147,0.0,0.05001938343048096,0.3595467507839203,0.34200477600097656,2,left,"[0.8405129909515381, 0.8041521310806274, 0.023118818178772926, 0.0]","[-0.15948700904846191, 0.004152119159698486, 0.023118818178772926, 0.0]",20983,20998,16,41997,true,true,true,true,,,,
137,art_cw,c2,collect_two,model_10.pt,9,0,4,2,left,1,up,4,"[1.0, 0.800000011920929, 0.0, 0.0]","[1.0, 0.800000011920929, 0.0, 0.0]",0.16784754395484924,0.576888918876648,false,9.468278300002567,0.1958133727312088,0.1958133727312088,0.05540559068322182,0.017062712460756302,0.03293728828430176,0.3711256682872772,0.35910090804100037,2,left,"[0.9951287508010864, 0.9957526922225952, 0.00018831714987754822, 7.474888116121292e-05]","[-0.004871249198913574, 0.19575268030166626, 0.00018831714987754822, 7.474888116121292e-05]",,,,,,,,,,3,250,750
138,ray_zoo,c2,collect_two,model_10.pt,9,0,4,0,right,1,up,4,"[1.0, 0.800000011920929, 0.0, 0.0]","[1.0, 0.800000011920929, 0.0, 0.0]",0.1288563311100006,0.576888918876648,true,48.22005689999787,0.6584106087684631,0.6584106087684631,0.46955934166908264,0.0,0.05002331733703613,0.2876492440700531,0.27351075410842896,0,right,"[0.7326779961585999, 0.5468252897262573, 0.49662360548973083, 0.22651943564414978]","[-0.26732200384140015, -0.25317472219467163, 0.49662360548973083, 0.22651943564414978]",20983,20998,16,41997,true,true,true,true,,,,
138,art_cw,c2,collect_two,model_10.pt,9,0,4,0,right,1,up,4,"[1.0, 0.800000011920929, 0.0, 0.0]","[1.0, 0.800000011920929, 0.0, 0.0]",0.1288563311100006,0.576888918876648,false,8.834939899999881,0.0,0.0,1.5489516258239746,1.5489516258239746,-1.4989516735076904,0.1288563311100006,0.576888918876648,1,up,"[1.0, 0.800000011920929, 0.0, 0.0]","[0.0, 0.0, 0.0, 0.0]",,,,,,,,,,3,250,750
139,ray_zoo,c2,collect_two,model_10.pt,9,1,4,3,down,1,up,2,"[1.0, 0.800000011920929, 0.0, 0.0]","[1.0, 0.800000011920929, 0.0, 0.0]",0.2598765790462494,0.740123450756073,true,45.84219779999694,0.15474186837673187,0.15474186837673187,0.023945046588778496,0.0,0.050000667572021484,0.5124975442886353,0.48750245571136475,3,down,"[0.8824703097343445, 0.8887973427772522, 0.04740097001194954, 0.0]","[-0.11752969026565552, 0.08879733085632324, 0.04740097001194954, 0.0]",20983,20998,16,41997,true,true,true,true,,,,
139,art_cw,c2,collect_two,model_10.pt,9,1,4,3,down,1,up,2,"[1.0, 0.800000011920929, 0.0, 0.0]","[1.0, 0.800000011920929, 0.0, 0.0]",0.2598765790462494,0.740123450756073,true,8.406239200005075,0.20548388361930847,0.20548388361930847,0.04222362861037254,0.0,0.05003619194030762,0.5125064253807068,0.4874935746192932,3,down,"[0.9533429145812988, 1.0, 0.006837321445345879, 0.0]","[-0.04665708541870117, 0.19999998807907104, 0.006837321445345879, 0.0]",,,,,,,,,,3,250,750
140,ray_zoo,c2,collect_two,model_10.pt,9,2,4,3,down,1,up,2,"[1.0, 0.800000011920929, 0.0, 0.0]","[1.0, 0.800000011920929, 0.0, 0.0]",0.28180959820747375,0.7181903719902039,true,45.112995500006946,0.13351677358150482,0.13351677358150482,0.017826730385422707,0.0,0.05000114440917969,0.5124976634979248,0.4875023365020752,3,down,"[0.8997310400009155, 0.8790740966796875, 0.03898916766047478, 0.0]","[-0.10026895999908447, 0.07907408475875854, 0.03898916766047478, 0.0]",20983,20998,16,41997,true,true,false,false,,,,
140,art_cw,c2,collect_two,model_10.pt,9,2,4,3,down,1,up,2,"[1.0, 0.800000011920929, 0.0, 0.0]","[1.0, 0.800000011920929, 0.0, 0.0]",0.28180959820747375,0.7181903719902039,false,7.1897108999983175,0.20043416321277618,0.20043416321277618,0.09086813032627106,0.05069427564740181,-0.00069427490234375,0.49982643127441406,0.5001735687255859,1,up,"[0.9872059226036072, 1.0, 0.0031892750412225723, 0.0]","[-0.012794077396392822, 0.19999998807907104, 0.0031892750412225723, 0.0]",,,,,,,,,,3,250,750
141,ray_zoo,c2,collect_two,model_10.pt,9,3,4,0,right,2,left,3,"[1.0, 0.800000011920929, 0.0, 0.0]","[0.0, 0.800000011920929, 0.0, 0.0]",0.23920464515686035,0.5639456510543823,true,44.370264700002735,0.5379664301872253,0.5379664301872253,0.3413832485675812,0.0,0.05001366138458252,0.4048144817352295,0.3850662410259247,0,right,"[0.05235162749886513, 0.4960252046585083, 0.4113917052745819, 0.15818774700164795]","[0.05235162749886513, -0.30397480726242065, 0.4113917052745819, 0.15818774700164795]",20983,20998,16,41997,true,true,true,true,,,,
141,art_cw,c2,collect_two,model_10.pt,9,3,4,0,right,2,left,3,"[1.0, 0.800000011920929, 0.0, 0.0]","[0.0, 0.800000011920929, 0.0, 0.0]",0.23920464515686035,0.5639456510543823,false,7.9477764000039315,0.5019991397857666,0.5019991397857666,0.30200080946087837,0.04999767616391182,2.3245811462402344e-06,0.3987361192703247,0.3987352252006531,0,right,"[0.006082896143198013, 0.42185166478157043, 0.3280402421951294, 0.03687215596437454]","[0.006082896143198013, -0.3781483471393585, 0.3280402421951294, 0.03687215596437454]",,,,,,,,,,3,250,750
142,ray_zoo,c2,collect_two,model_10.pt,9,3,4,3,down,2,left,3,"[1.0, 0.800000011920929, 0.0, 0.0]","[0.0, 0.800000011920929, 0.0, 0.0]",0.19684971868991852,0.5639456510543823,true,45.11173800000688,0.6998702883720398,0.6998702883720398,0.48981842398643494,0.0,0.050053954124450684,0.3445570468902588,0.32773512601852417,3,down,"[0.0, 0.536675751209259, 0.0, 0.648443341255188]","[0.0, -0.2633242607116699, 0.0, 0.648443341255188]",20983,20998,16,41997,true,true,true,false,,,,
142,art_cw,c2,collect_two,model_10.pt,9,3,4,3,down,2,left,3,"[1.0, 0.800000011920929, 0.0, 0.0]","[0.0, 0.800000011920929, 0.0, 0.0]",0.19684971868991852,0.5639456510543823,false,8.136580000005779,0.0,0.0,1.1025172472000122,1.1025172472000122,-1.052517294883728,0.19684971868991852,0.5639456510543823,2,left,"[0.0, 0.800000011920929, 0.0, 0.0]","[0.0, 0.0, 0.0, 0.0]",,,,,,,,,,3,250,750
143,ray_zoo,c2,collect_two,model_10.pt,9,4,4,0,right,2,left,2,"[1.0, 0.800000011920929, 0.0, 0.0]","[0.0, 0.800000011920929, 0.0, 0.0]",0.28195685148239136,0.7180431485176086,true,45.43777479999699,0.4561844766139984,0.4561844766139984,0.2513869106769562,0.0,0.05002427101135254,0.512503445148468,0.4874965250492096,0,right,"[0.23167625069618225, 0.5226070284843445, 0.08165507018566132, 0.26611271500587463]","[0.23167625069618225, -0.2773929834365845, 0.08165507018566132, 0.26611271500587463]",20983,20998,16,41997,true,true,true,false,,,,
143,art_cw,c2,collect_two,model_10.pt,9,4,4,0,right,2,left,2,"[1.0, 0.800000011920929, 0.0, 0.0]","[0.0, 0.800000011920929, 0.0, 0.0]",0.28195685148239136,0.7180431485176086,false,7.112572500001988,0.44231492280960083,0.44231492280960083,0.24316460266709328,0.04752211645245552,0.002477884292602539,0.5006194710731506,0.49938052892684937,0,right,"[0.05033367872238159, 0.43921321630477905, 0.027143342420458794, 0.24940957129001617]","[0.05033367872238159, -0.3607867956161499, 0.027143342420458794, 0.24940957129001617]",,,,,,,,,,3,250,750
144,ray_zoo,c2,collect_two,model_10.pt,9,5,4,0,right,2,left,2,"[1.0, 0.800000011920929, 0.0, 0.0]","[0.0, 0.800000011920929, 0.0, 0.0]",0.2865794897079468,0.7134205102920532,true,45.128573000009055,0.3915260136127472,0.3915260136127472,0.18680399656295776,0.0,0.050004005432128906,0.5124984383583069,0.4875016212463379,0,right,"[0.20160594582557678, 0.5559185743331909, 0.060987599194049835, 0.22215408086776733]","[0.20160594582557678, -0.24408143758773804, 0.060987599194049835, 0.22215408086776733]",20983,20998,16,41997,true,true,true,true,,,,
144,art_cw,c2,collect_two,model_10.pt,9,5,4,0,right,2,left,2,"[1.0, 0.800000011920929, 0.0, 0.0]","[0.0, 0.800000011920929, 0.0, 0.0]",0.2865794897079468,0.7134205102920532,false,9.343526599986944,0.46789684891700745,0.46789684891700745,0.2689265199005604,0.04999904707074165,9.5367431640625e-07,0.5000002384185791,0.4999997615814209,0,right,"[0.0007544867694377899, 0.33210480213165283, 0.00046555045992136, 0.0008727060630917549]","[0.0007544867694377899, -0.4678952097892761, 0.00046555045992136, 0.0008727060630917549]",,,,,,,,,,3,250,750
145,ray_zoo,c2,collect_two,model_10.pt,9,6,4,0,right,3,down,2,"[1.0, 0.800000011920929, 0.0, 0.0]","[0.0, 0.800000011920929, 0.0, 0.0]",0.31493982672691345,0.6850602030754089,true,44.91255620001175,0.24298477172851562,0.24298477172851562,0.06854674965143204,0.0,0.05001330375671387,0.5125007629394531,0.48749929666519165,0,right,"[0.14489394426345825, 0.6700075268745422, 0.05519777908921242, 0.13454554975032806]","[0.14489394426345825, -0.12999248504638672, 0.05519777908921242, 0.13454554975032806]",20983,20998,16,41997,true,true,true,true,,,,
145,art_cw,c2,collect_two,model_10.pt,9,6,4,0,right,3,down,2,"[1.0, 0.800000011920929, 0.0, 0.0]","[0.0, 0.800000011920929, 0.0, 0.0]",0.31493982672691345,0.6850602030754089,false,9.111113699997077,0.307161420583725,0.307161420583725,0.14404534175992012,0.049697209149599075,0.0003027915954589844,0.5000756978988647,0.49992427229881287,0,right,"[0.0007112296298146248, 0.49284088611602783, 0.00035617686808109283, 0.0008744997903704643]","[0.0007112296298146248, -0.3071591258049011, 0.00035617686808109283, 0.0008744997903704643]",,,,,,,,,,3,250,750
146,ray_zoo,c2,collect_two,model_10.pt,9,7,4,1,up,3,down,2,"[1.0, 0.800000011920929, 0.0, 0.0]","[0.0, 0.800000011920929, 0.0, 0.0]",0.2516762614250183,0.7483237385749817,true,44.34170069999527,0.6852631568908691,0.6852631568908691,0.5164321660995483,0.0,0.050024986267089844,0.5125036239624023,0.48749634623527527,1,up,"[0.621532678604126, 0.511412501335144, 0.0, 0.0]","[0.621532678604126, -0.2885875105857849, 0.0, 0.0]",20983,20998,16,41997,true,true,true,false,,,,
146,art_cw,c2,collect_two,model_10.pt,9,7,4,1,up,3,down,2,"[1.0, 0.800000011920929, 0.0, 0.0]","[0.0, 0.800000011920929, 0.0, 0.0]",0.2516762614250183,0.7483237385749817,false,8.21401060000062,0.6663970947265625,0.6663970947265625,0.47185399010777473,0.027768898755311966,0.022231101989746094,0.5055575370788574,0.4944424331188202,1,up,"[0.5396388173103333, 0.40909543633461, 0.0, 0.00828525796532631]","[0.5396388173103333, -0.39090457558631897, 0.0, 0.00828525796532631]",,,,,,,,,,3,250,750
147,ray_zoo,c2,collect_two,model_10.pt,9,8,4,1,up,3,down,2,"[1.0, 0.800000011920929, 0.0, 0.0]","[0.0, 0.800000011920929, 0.0, 0.0]",0.3577420711517334,0.6422579288482666,true,46.93396930000745,0.5840493440628052,0.5840493440628052,0.37449949979782104,0.0,0.05000114440917969,0.5124976634979248,0.4875023365020752,1,up,"[0.530811607837677, 0.5563759803771973, 0.0, 0.0]","[0.530811607837677, -0.2436240315437317, 0.0, 0.0]",20983,20998,16,41997,true,true,true,false,,,,
147,art_cw,c2,collect_two,model_10.pt,9,8,4,1,up,3,down,2,"[1.0, 0.800000011920929, 0.0, 0.0]","[0.0, 0.800000011920929, 0.0, 0.0]",0.3577420711517334,0.6422579288482666,false,7.874499900004594,0.5636278986930847,0.5636278986930847,0.36402859166264534,0.04635219648480415,0.0036478042602539062,0.5009119510650635,0.49908801913261414,1,up,"[0.3853663206100464, 0.3887007534503937, 0.0, 0.0014492115005850792]","[0.3853663206100464, -0.4112992584705353, 0.0, 0.0014492115005850792]",,,,,,,,,,3,250,750
148,ray_zoo,c2,collect_two,model_10.pt,10,0,4,3,down,1,up,4,"[1.0, 0.0, 0.800000011920929, 0.0]","[1.0, 0.0, 0.800000011920929, 0.0]",0.13355101644992828,0.6036434173583984,true,44.553220999994664,0.7728446125984192,0.7728446125984192,0.6093651652336121,0.0,0.05004310607910156,0.28089001774787903,0.26717934012413025,3,down,"[0.6306387782096863, 0.10007090121507645, 0.6534764766693115, 0.655269205570221]","[-0.3693612217903137, 0.10007090121507645, -0.14652353525161743, 0.655269205570221]",20983,20998,16,41997,true,true,true,true,,,,
148,art_cw,c2,collect_two,model_10.pt,10,0,4,3,down,1,up,4,"[1.0, 0.0, 0.800000011920929, 0.0]","[1.0, 0.0, 0.800000011920929, 0.0]",0.13355101644992828,0.6036434173583984,false,8.754739600000903,0.0,0.0,1.5585001707077026,1.5585001707077026,-1.5085002183914185,0.13355101644992828,0.6036434173583984,1,up,"[1.0, 0.0, 0.800000011920929, 0.0]","[0.0, 0.0, 0.0, 0.0]",,,,,,,,,,3,250,750
149,ray_zoo,c2,collect_two,model_10.pt,10,0,4,0,right,1,up,4,"[1.0, 0.0, 0.800000011920929, 0.0]","[1.0, 0.0, 0.800000011920929, 0.0]",0.1314319670200348,0.6036434173583984,true,44.643394600003376,0.1690797656774521,0.1690797656774521,0.02910793386399746,0.0,0.050038695335388184,0.3491361439228058,0.332095742225647,0,right,"[0.8324788808822632, 0.019252996891736984, 0.804654598236084, 0.011502212844789028]","[-0.16752111911773682, 0.019252996891736984, 0.004654586315155029, 0.011502212844789028]",20983,20998,16,41997,true,true,false,true,,,,
149,art_cw,c2,collect_two,model_10.pt,10,0,4,0,right,1,up,4,"[1.0, 0.0, 0.800000011920929, 0.0]","[1.0, 0.0, 0.800000011920929, 0.0]",0.1314319670200348,0.6036434173583984,true,6.671852600004058,0.20784208178520203,0.20784208178520203,0.04319832846522331,0.0,0.09089326858520508,0.36190086603164673,0.3304571509361267,0,right,"[0.9434753060340881, 0.001814417541027069, 1.0, 0.0]","[-0.056524693965911865, 0.001814417541027069, 0.19999998807907104, 0.0]",,,,,,,,,,3,250,750
150,ray_zoo,c2,collect_two,model_10.pt,10,1,4,3,down,1,up,2,"[1.0, 0.0, 0.800000011920929, 0.0]","[1.0, 0.0, 0.800000011920929, 0.0]",0.26889944076538086,0.7311005592346191,true,44.239555199994356,0.15903976559638977,0.15903976559638977,0.02529364638030529,0.0,0.05000948905944824,0.5124997496604919,0.48750022053718567,3,down,"[0.8521496057510376, 0.05859954655170441, 0.800000011920929, 0.0]","[-0.1478503942489624, 0.05859954655170441, 0.0, 0.0]",20983,20998,16,41997,true,true,true,true,,,,
150,art_cw,c2,collect_two,model_10.pt,10,1,4,3,down,1,up,2,"[1.0, 0.0, 0.800000011920929, 0.0]","[1.0, 0.0, 0.800000011920929, 0.0]",0.26889944076538086,0.7311005592346191,false,8.132027300001937,0.19683310389518738,0.19683310389518738,0.05935198441147804,0.02060871198773384,0.02939128875732422,0.5073472857475281,0.4926527440547943,3,down,"[0.9914954900741577, 0.0019530029967427254, 0.996639609336853, 0.0]","[-0.008504509925842285, 0.0019530029967427254, 0.19663959741592407, 0.0]",,,,,,,,,,3,250,750
151,ray_zoo,c2,collect_two,model_10.pt,10,2,4,3,down,1,up,2,"[1.0, 0.0, 0.800000011920929, 0.0]","[1.0, 0.0, 0.800000011920929, 0.0]",0.3087415397167206,0.691258430480957,true,45.02287780000188,0.12183836847543716,0.12183836847543716,0.015038485638797283,0.0,0.05001068115234375,0.5125001072883606,0.4874999225139618,3,down,"[0.8862714171409607, 0.04361558333039284, 0.802842378616333, 0.0]","[-0.1137285828590393, 0.04361558333039284, 0.0028423666954040527, 0.0]",20983,20998,16,41997,true,true,false,true,,,,
151,art_cw,c2,collect_two,model_10.pt,10,2,4,3,down,1,up,2,"[1.0, 0.0, 0.800000011920929, 0.0]","[1.0, 0.0, 0.800000011920929, 0.0]",0.3087415397167206,0.691258430480957,false,8.12800649998826,0.16071173548698425,0.16071173548698425,0.0374495480209589,0.011621285229921341,0.03837871551513672,0.5095935463905334,0.49040648341178894,3,down,"[0.9982023239135742, 0.0005509695038199425, 0.9607007503509521, 0.0]","[-0.0017976760864257812, 0.0005509695038199425, 0.1607007384300232, 0.0]",,,,,,,,,,3,250,750
152,ray_zoo,c2,collect_two,model_10.pt,10,3,4,2,left,0,right,3,"[1.0, 0.0, 0.800000011920929, 0.0]","[0.0, 0.0, 0.800000011920929, 0.0]",0.19053980708122253,0.6279672980308533,true,44.95176640000136,0.6612253785133362,0.6612253785133362,0.49650830030441284,0.0,0.0500146746635437,0.39298215508461,0.37381067872047424,2,left,"[0.0, 0.5760345458984375, 0.47534143924713135, 0.0]","[0.0, 0.5760345458984375, -0.3246585726737976, 0.0]",20983,20998,16,41997,true,true,false,false,,,,
152,art_cw,c2,collect_two,model_10.pt,10,3,4,2,left,0,right,3,"[1.0, 0.0, 0.800000011920929, 0.0]","[0.0, 0.0, 0.800000011920929, 0.0]",0.19053980708122253,0.6279672980308533,true,8.300985200010473,0.6903645396232605,0.6903645396232605,0.4766032099723816,0.0,0.13999545574188232,0.4215945303440094,0.3665183484554291,2,left,"[0.0028769318014383316, 0.5031618475914001, 0.32732346653938293, 0.0]","[0.0028769318014383316, 0.5031618475914001, -0.472676545381546, 0.0]",,,,,,,,,,3,250,750
153,ray_zoo,c2,collect_two,model_10.pt,10,3,4,3,down,0,right,3,"[1.0, 0.0, 0.800000011920929, 0.0]","[0.0, 0.0, 0.800000011920929, 0.0]",0.1814928650856018,0.6279672980308533,true,46.22205640000175,0.7926105260848999,0.7926105260848999,0.6593502163887024,0.0,0.050068676471710205,0.39061838388442993,0.37154218554496765,3,down,"[0.0, 0.0, 0.5647931098937988, 0.7569076418876648]","[0.0, 0.0, -0.23520690202713013, 0.7569076418876648]",20983,20998,16,41997,true,true,true,false,,,,
153,art_cw,c2,collect_two,model_10.pt,10,3,4,3,down,0,right,3,"[1.0, 0.0, 0.800000011920929, 0.0]","[0.0, 0.0, 0.800000011920929, 0.0]",0.1814928650856018,0.6279672980308533,false,8.158322300005239,0.0,0.0,1.291271686553955,1.291271686553955,-1.241271734237671,0.1814928650856018,0.6279672980308533,0,right,"[0.0, 0.0, 0.800000011920929, 0.0]","[0.0, 0.0, 0.0, 0.0]",,,,,,,,,,3,250,750
154,ray_zoo,c2,collect_two,model_10.pt,10,4,4,2,left,0,right,2,"[1.0, 0.0, 0.800000011920929, 0.0]","[0.0, 0.0, 0.800000011920929, 0.0]",0.28533822298049927,0.7146617770195007,true,45.82683730000281,0.5490231513977051,0.5490231513977051,0.371512234210968,0.0,0.05001068115234375,0.5125001072883606,0.4874999225139618,2,left,"[0.09352459758520126, 0.4099787771701813, 0.44701704382896423, 0.0]","[0.09352459758520126, 0.4099787771701813, -0.3529829680919647, 0.0]",20983,20998,16,41997,true,true,true,false,,,,
154,art_cw,c2,collect_two,model_10.pt,10,4,4,2,left,0,right,2,"[1.0, 0.0, 0.800000011920929, 0.0]","[0.0, 0.0, 0.800000011920929, 0.0]",0.28533822298049927,0.7146617770195007,false,8.255555200012168,0.5103704929351807,0.5103704929351807,0.3098209388554096,0.04934291914105415,0.0006570816040039062,0.500164270401001,0.49983569979667664,2,left,"[0.15144746005535126, 0.043918319046497345, 0.3146491050720215, 0.006883770227432251]","[0.15144746005535126, 0.043918319046497345, -0.48535090684890747, 0.006883770227432251]",,,,,,,,,,3,250,750
155,ray_zoo,c2,collect_two,model_10.pt,10,5,4,2,left,0,right,2,"[1.0, 0.0, 0.800000011920929, 0.0]","[0.0, 0.0, 0.800000011920929, 0.0]",0.3492772579193115,0.6507228016853333,true,45.863818999991054,0.27657943964004517,0.27657943964004517,0.09640032052993774,0.0,0.05001473426818848,0.512501060962677,0.4874989092350006,2,left,"[0.165401890873909, 0.0, 0.6118906736373901, 0.11727438122034073]","[0.165401890873909, 0.0, -0.18810933828353882, 0.11727438122034073]",20983,20998,16,41997,true,true,true,true,,,,
155,art_cw,c2,collect_two,model_10.pt,10,5,4,2,left,0,right,2,"[1.0, 0.0, 0.800000011920929, 0.0]","[0.0, 0.0, 0.800000011920929, 0.0]",0.3492772579193115,0.6507228016853333,true,8.27487769999425,0.2815568447113037,0.2815568447113037,0.0792742520570755,0.0,0.08044266700744629,0.5200998187065125,0.47990018129348755,2,left,"[0.07013612240552902, 0.011607980355620384, 0.5335135459899902, 0.05661623179912567]","[0.07013612240552902, 0.011607980355620384, -0.2664864659309387, 0.05661623179912567]",,,,,,,,,,3,250,750
156,ray_zoo,c2,collect_two,model_10.pt,10,6,4,2,left,3,down,2,"[1.0, 0.0, 0.800000011920929, 0.0]","[0.0, 0.0, 0.800000011920929, 0.0]",0.3480302691459656,0.6519697308540344,true,44.49170049998793,0.19560839235782623,0.19560839235782623,0.05333174020051956,0.0,0.05000120401382446,0.5124977231025696,0.4875023066997528,2,left,"[0.0818360224366188, 0.0, 0.6363250017166138, 0.06910861283540726]","[0.0818360224366188, 0.0, -0.16367501020431519, 0.06910861283540726]",20983,20998,16,41997,true,true,true,true,,,,
156,art_cw,c2,collect_two,model_10.pt,10,6,4,2,left,3,down,2,"[1.0, 0.0, 0.800000011920929, 0.0]","[0.0, 0.0, 0.800000011920929, 0.0]",0.3480302691459656,0.6519697308540344,false,6.9341296999918995,0.2039467692375183,0.2039467692375183,0.06525415554642677,0.023659873753786087,0.026340126991271973,0.506584644317627,0.49341532588005066,2,left,"[0.00019354559481143951, 0.0, 0.5960534811019897, 0.0002382621169090271]","[0.00019354559481143951, 0.0, -0.2039465308189392, 0.0002382621169090271]",,,,,,,,,,3,250,750
157,ray_zoo,c2,collect_two,model_10.pt,10,7,4,1,up,3,down,2,"[1.0, 0.0, 0.800000011920929, 0.0]","[0.0, 0.0, 0.800000011920929, 0.0]",0.24387070536613464,0.756129264831543,true,45.46237609999662,0.6155822277069092,0.6155822277069092,0.4281567633152008,0.0,0.0500330924987793,0.5125057101249695,0.4874943196773529,1,up,"[0.5383344888687134, 0.0, 0.5042064189910889, 0.040541861206293106]","[0.5383344888687134, 0.0, -0.2957935929298401, 0.040541861206293106]",20983,20998,16,41997,true,true,true,false,,,,
157,art_cw,c2,collect_two,model_10.pt,10,7,4,1,up,3,down,2,"[1.0, 0.0, 0.800000011920929, 0.0]","[0.0, 0.0, 0.800000011920929, 0.0]",0.24387070536613464,0.756129264831543,false,8.077543500010506,0.5923611521720886,0.5923611521720886,0.38708873465657234,0.0361969955265522,0.01380300521850586,0.5034506916999817,0.4965492784976959,1,up,"[0.3996727466583252, 0.0, 0.3639995753765106, 0.03251245617866516]","[0.3996727466583252, 0.0, -0.43600043654441833, 0.03251245617866516]",,,,,,,,,,3,250,750
158,ray_zoo,c2,collect_two,model_10.pt,10,8,4,1,up,3,down,2,"[1.0, 0.0, 0.800000011920929, 0.0]","[0.0, 0.0, 0.800000011920929, 0.0]",0.3293115794658661,0.6706884503364563,true,44.795400200004224,0.4897799491882324,0.4897799491882324,0.28589510917663574,0.0,0.05000019073486328,0.5124974250793457,0.4875025451183319,1,up,"[0.394685834646225, 0.0, 0.5139985680580139, 0.048069361597299576]","[0.394685834646225, 0.0, -0.28600144386291504, 0.048069361597299576]",20983,20998,16,41997,true,true,true,false,,,,
158,art_cw,c2,collect_two,model_10.pt,10,8,4,1,up,3,down,2,"[1.0, 0.0, 0.800000011920929, 0.0]","[0.0, 0.0, 0.800000011920929, 0.0]",0.3293115794658661,0.6706884503364563,false,7.871803700007149,0.4707047939300537,0.4707047939300537,0.27217479422688484,0.05061178281903267,-0.0006117820739746094,0.49984705448150635,0.5001529455184937,3,down,"[0.21773837506771088, 0.0, 0.38270315527915955, 0.004043742083013058]","[0.21773837506771088, 0.0, -0.4172968566417694, 0.004043742083013058]",,,,,,,,,,3,250,750
159,ray_zoo,c2,collect_two,model_10.pt,11,0,4,3,down,1,up,4,"[1.0, 0.0, 0.0, 0.800000011920929]","[1.0, 0.0, 0.0, 0.800000011920929]",0.19193975627422333,0.5196748375892639,true,45.32923800000572,0.18851131200790405,0.18851131200790405,0.037290602922439575,0.0,0.05002415180206299,0.3451780378818512,0.32833555340766907,3,down,"[0.8116826415061951, 0.0, 0.0, 0.8085491061210632]","[-0.18831735849380493, 0.0, 0.0, 0.008549094200134277]",20983,20998,16,41997,true,true,true,false,,,,
159,art_cw,c2,collect_two,model_10.pt,11,0,4,3,down,1,up,4,"[1.0, 0.0, 0.0, 0.800000011920929]","[1.0, 0.0, 0.0, 0.800000011920929]",0.19193975627422333,0.5196748375892639,false,8.785544599988498,0.16705790162086487,0.16705790162086487,0.06057721935212612,0.03266887739300728,0.01733112335205078,0.3688366413116455,0.36249932646751404,3,down,"[0.9990174770355225, 1.0577961802482605e-05, 0.0, 0.9670550227165222]","[-0.000982522964477539, 1.0577961802482605e-05, 0.0, 0.16705501079559326]",,,,,,,,,,3,250,750
160,ray_zoo,c2,collect_two,model_10.pt,11,0,4,2,left,1,up,4,"[1.0, 0.0, 0.0, 0.800000011920929]","[1.0, 0.0, 0.0, 0.800000011920929]",0.1602630317211151,0.5196748375892639,true,44.00662159999774,0.6534121036529541,0.6534121036529541,0.47072702646255493,0.0,0.05004072189331055,0.26315435767173767,0.2503099739551544,2,left,"[0.5176677703857422, 0.3412807285785675, 0.0, 0.5210188627243042]","[-0.4823322296142578, 0.3412807285785675, 0.0, -0.27898114919662476]",20983,20998,16,41997,true,true,true,false,,,,
160,art_cw,c2,collect_two,model_10.pt,11,0,4,2,left,1,up,4,"[1.0, 0.0, 0.0, 0.800000011920929]","[1.0, 0.0, 0.0, 0.800000011920929]",0.1602630317211151,0.5196748375892639,false,7.656600400005118,0.0,0.0,1.2263867855072021,1.2263867855072021,-1.176386833190918,0.1602630317211151,0.5196748375892639,1,up,"[1.0, 0.0, 0.0, 0.800000011920929]","[0.0, 0.0, 0.0, 0.0]",,,,,,,,,,3,250,750
161,ray_zoo,c2,collect_two,model_10.pt,11,1,4,3,down,1,up,2,"[1.0, 0.0, 0.0, 0.800000011920929]","[1.0, 0.0, 0.0, 0.800000011920929]",0.27367937564849854,0.7263206243515015,true,44.28102690000378,0.1917741447687149,0.1917741447687149,0.03798626363277435,0.0,0.050017356872558594,0.5125017166137695,0.4874982535839081,3,down,"[0.8084427118301392, 0.005722990725189447, 0.0, 0.8070973753929138]","[-0.19155728816986084, 0.005722990725189447, 0.0, 0.007097363471984863]",20983,20998,16,41997,true,true,true,true,,,,
161,art_cw,c2,collect_two,model_10.pt,11,1,4,3,down,1,up,2,"[1.0, 0.0, 0.0, 0.800000011920929]","[1.0, 0.0, 0.0, 0.800000011920929]",0.27367937564849854,0.7263206243515015,true,8.134246800007531,0.19156885147094727,0.19156885147094727,0.03669862449169159,0.0,0.05998396873474121,0.5149915218353271,0.48500850796699524,3,down,"[0.9960784912109375, 0.00017977505922317505, 0.0, 0.9915286302566528]","[-0.0039215087890625, 0.00017977505922317505, 0.0, 0.19152861833572388]",,,,,,,,,,3,250,750
162,ray_zoo,c2,collect_two,model_10.pt,11,2,4,3,down,1,up,2,"[1.0, 0.0, 0.0, 0.800000011920929]","[1.0, 0.0, 0.0, 0.800000011920929]",0.23953759670257568,0.7604624032974243,true,44.822209099991596,0.2544713616371155,0.2544713616371155,0.06475567072629929,0.0,0.05002880096435547,0.5125046372413635,0.48749542236328125,3,down,"[0.7474560737609863, 0.011264953762292862, 0.029160501435399055, 0.800000011920929]","[-0.25254392623901367, 0.011264953762292862, 0.029160501435399055, 0.0]",20983,20998,16,41997,true,true,true,true,,,,
162,art_cw,c2,collect_two,model_10.pt,11,2,4,3,down,1,up,2,"[1.0, 0.0, 0.0, 0.800000011920929]","[1.0, 0.0, 0.0, 0.800000011920929]",0.23953759670257568,0.7604624032974243,false,6.940762500002165,0.20490875840187073,0.20490875840187073,0.13450239598751068,0.09251479804515839,-0.042514801025390625,0.4893729090690613,0.5106270909309387,1,up,"[0.9554418325424194, 0.0014204541221261024, 0.0003913482651114464, 1.0]","[-0.044558167457580566, 0.0014204541221261024, 0.0003913482651114464, 0.19999998807907104]",,,,,,,,,,3,250,750
163,ray_zoo,c2,collect_two,model_10.pt,11,3,4,0,right,3,down,3,"[1.0, 0.0, 0.0, 0.800000011920929]","[0.0, 0.0, 0.0, 0.800000011920929]",0.2737768888473511,0.4993472397327423,true,46.04728680000699,0.2601171135902405,0.2601171135902405,0.0955696851015091,0.0,0.05000197887420654,0.36522698402404785,0.3474139869213104,0,right,"[0.1315789818763733, 0.007669130340218544, 0.025951247662305832, 0.5772544145584106]","[0.1315789818763733, 0.007669130340218544, 0.025951247662305832, -0.2227455973625183]",20983,20998,16,41997,true,true,true,true,,,,
163,art_cw,c2,collect_two,model_10.pt,11,3,4,0,right,3,down,3,"[1.0, 0.0, 0.0, 0.800000011920929]","[0.0, 0.0, 0.0, 0.800000011920929]",0.2737768888473511,0.4993472397327423,false,7.143023399999947,0.253024160861969,0.253024160861969,0.11401693895459175,0.04999570921063423,4.291534423828125e-06,0.3552447259426117,0.35524317622184753,0,right,"[0.0003065364435315132, 0.0, 0.0, 0.5469760298728943]","[0.0003065364435315132, 0.0, 0.0, -0.25302398204803467]",,,,,,,,,,3,250,750
164,ray_zoo,c2,collect_two,model_10.pt,11,3,4,2,left,3,down,3,"[1.0, 0.0, 0.0, 0.800000011920929]","[0.0, 0.0, 0.0, 0.800000011920929]",0.2268759161233902,0.4993472397327423,true,44.32925980001164,0.5609378814697266,0.5609378814697266,0.3482056260108948,0.0,0.05000460147857666,0.3612585663795471,0.2951032221317291,2,left,"[0.0, 0.504974365234375, 0.0, 0.5557620525360107]","[0.0, 0.504974365234375, 0.0, -0.2442379593849182]",20983,20998,16,41997,true,true,false,false,,,,
164,art_cw,c2,collect_two,model_10.pt,11,3,4,2,left,3,down,3,"[1.0, 0.0, 0.0, 0.800000011920929]","[0.0, 0.0, 0.0, 0.800000011920929]",0.2268759161233902,0.4993472397327423,false,7.475223900008132,0.0,0.0,0.8388984799385071,0.8388984799385071,-0.7888984680175781,0.2268759161233902,0.4993472397327423,3,down,"[0.0, 0.0, 0.0, 0.800000011920929]","[0.0, 0.0, 0.0, 0.0]",,,,,,,,,,3,250,750
165,ray_zoo,c2,collect_two,model_10.pt,11,4,4,1,up,3,down,2,"[1.0, 0.0, 0.0, 0.800000011920929]","[0.0, 0.0, 0.0, 0.800000011920929]",0.22282126545906067,0.7771787643432617,true,45.69100900000194,0.4905148446559906,0.4905148446559906,0.2667873501777649,0.0,0.05002593994140625,0.5125038623809814,0.48749610781669617,1,up,"[0.4405202567577362, 0.0, 0.0, 0.5842531323432922]","[0.4405202567577362, 0.0, 0.0, -0.21574687957763672]",20983,20998,16,41997,true,true,true,false,,,,
165,art_cw,c2,collect_two,model_10.pt,11,4,4,1,up,3,down,2,"[1.0, 0.0, 0.0, 0.800000011920929]","[0.0, 0.0, 0.0, 0.800000011920929]",0.22282126545906067,0.7771787643432617,true,6.740922500001034,0.5353382229804993,0.5353382229804993,0.2865869998931885,0.0,0.17624378204345703,0.5439472794532776,0.4560527503490448,1,up,"[0.3755646049976349, 0.0, 0.0, 0.4185052812099457]","[0.3755646049976349, 0.0, 0.0, -0.3814947307109833]",,,,,,,,,,3,250,750
166,ray_zoo,c2,collect_two,model_10.pt,11,5,4,1,up,3,down,2,"[1.0, 0.0, 0.0, 0.800000011920929]","[0.0, 0.0, 0.0, 0.800000011920929]",0.16527940332889557,0.8347206115722656,true,44.943160299997544,0.5691468119621277,0.5691468119621277,0.3713284432888031,0.0,0.050024986267089844,0.5125036239624023,0.48749634623527527,1,up,"[0.4895516633987427, 0.0, 0.0, 0.509711742401123]","[0.4895516633987427, 0.0, 0.0, -0.2902882695198059]",20983,20998,16,41997,true,true,true,false,,,,
166,art_cw,c2,collect_two,model_10.pt,11,5,4,1,up,3,down,2,"[1.0, 0.0, 0.0, 0.800000011920929]","[0.0, 0.0, 0.0, 0.800000011920929]",0.16527940332889557,0.8347206115722656,true,9.201331599993864,0.657500684261322,0.657500684261322,0.4323071241378784,0.0,0.35111188888549805,0.5868871808052063,0.4131128191947937,1,up,"[0.3483055830001831, 0.0012293700128793716, 0.0015576723963022232, 0.24233847856521606]","[0.3483055830001831, 0.0012293700128793716, 0.0015576723963022232, -0.5576615333557129]",,,,,,,,,,3,250,750
167,ray_zoo,c2,collect_two,model_10.pt,11,6,4,1,up,3,down,4,"[1.0, 0.0, 0.0, 0.800000011920929]","[0.0, 0.0, 0.0, 0.800000011920929]",0.1248292624950409,0.642051637172699,true,44.80832440001541,0.5118778347969055,0.5118778347969055,0.34762316942214966,0.0,0.050017714500427246,0.2841821014881134,0.27031758427619934,1,up,"[0.2680000364780426, 0.13031290471553802, 0.1450105607509613, 0.4098905920982361]","[0.2680000364780426, 0.13031290471553802, 0.1450105607509613, -0.39010941982269287]",20983,20998,16,41997,true,true,true,false,,,,
167,art_cw,c2,collect_two,model_10.pt,11,6,4,1,up,3,down,4,"[1.0, 0.0, 0.0, 0.800000011920929]","[0.0, 0.0, 0.0, 0.800000011920929]",0.1248292624950409,0.642051637172699,false,6.922243800014257,0.0,0.0,1.6877217292785645,1.6877217292785645,-1.6377217769622803,0.1248292624950409,0.642051637172699,3,down,"[0.0, 0.0, 0.0, 0.800000011920929]","[0.0, 0.0, 0.0, 0.0]",,,,,,,,,,3,250,750
168,ray_zoo,c2,collect_two,model_10.pt,11,6,4,2,left,3,down,4,"[1.0, 0.0, 0.0, 0.800000011920929]","[0.0, 0.0, 0.0, 0.800000011920929]",0.12379350513219833,0.642051637172699,true,45.47893199999817,0.4763753414154053,0.4763753414154053,0.28254130482673645,0.0,0.05003476142883301,0.279878705739975,0.2662196159362793,2,left,"[0.0, 0.3227593004703522, 0.15460136532783508, 0.485582560300827]","[0.0, 0.3227593004703522, 0.15460136532783508, -0.31441745162010193]",20983,20998,16,41997,true,true,true,true,,,,
168,art_cw,c2,collect_two,model_10.pt,11,6,4,2,left,3,down,4,"[1.0, 0.0, 0.0, 0.800000011920929]","[0.0, 0.0, 0.0, 0.800000011920929]",0.12379350513219833,0.642051637172699,false,5.782973099994706,0.4660322666168213,0.4660322666168213,0.24159743264317513,0.024411369115114212,0.025588631629943848,0.2676771581172943,0.26091456413269043,2,left,"[0.0, 0.1948683112859726, 0.13115371763706207, 0.39749398827552795]","[0.0, 0.1948683112859726, 0.13115371763706207, -0.402506023645401]",,,,,,,,,,3,250,750
169,ray_zoo,c2,collect_two,model_10.pt,11,7,4,1,up,3,down,2,"[1.0, 0.0, 0.0, 0.800000011920929]","[0.0, 0.0, 0.0, 0.800000011920929]",0.1446598321199417,0.8553401231765747,true,45.59949810002581,0.46247896552085876,0.46247896552085876,0.2585412859916687,0.0,0.050041913986206055,0.5125078558921814,0.4874921143054962,1,up,"[0.0, 0.24303382635116577, 0.27465546131134033, 0.518245279788971]","[0.0, 0.24303382635116577, 0.27465546131134033, -0.281754732131958]",20983,20998,16,41997,true,true,true,true,,,,
169,art_cw,c2,collect_two,model_10.pt,11,7,4,1,up,3,down,2,"[1.0, 0.0, 0.0, 0.800000011920929]","[0.0, 0.0, 0.0, 0.800000011920929]",0.1446598321199417,0.8553401231765747,false,7.034118500014301,0.4415755271911621,0.4415755271911621,0.2439425177872181,0.0489535816013813,0.0010464191436767578,0.5002616047859192,0.4997383952140808,1,up,"[0.007976774126291275, 0.16053374111652374, 0.13073641061782837, 0.4100484549999237]","[0.007976774126291275, 0.16053374111652374, 0.13073641061782837, -0.38995155692100525]",,,,,,,,,,3,250,750
170,ray_zoo,c2,collect_two,model_10.pt,11,8,4,1,up,3,down,2,"[1.0, 0.0, 0.0, 0.800000011920929]","[0.0, 0.0, 0.0, 0.800000011920929]",0.19566960632801056,0.8043304085731506,true,44.108133100002306,0.30349108576774597,0.30349108576774597,0.11768510937690735,0.0,0.05000615119934082,0.5124989151954651,0.4875010550022125,1,up,"[0.010287439450621605, 0.12639090418815613, 0.17479655146598816, 0.5867571830749512]","[0.010287439450621605, 0.12639090418815613, 0.17479655146598816, -0.21324282884597778]",20983,20998,16,41997,true,true,true,false,,,,
170,art_cw,c2,collect_two,model_10.pt,11,8,4,1,up,3,down,2,"[1.0, 0.0, 0.0, 0.800000011920929]","[0.0, 0.0, 0.0, 0.800000011920929]",0.19566960632801056,0.8043304085731506,true,7.022966899996391,0.36615264415740967,0.36615264415740967,0.13406775891780853,0.0,0.09108161926269531,0.5227546691894531,0.4772453308105469,1,up,"[0.00010411348193883896, 0.00038423482328653336, 0.0004353644326329231, 0.4338478446006775]","[0.00010411348193883896, 0.00038423482328653336, 0.0004353644326329231, -0.36615216732025146]",,,,,,,,,,3,250,750
171,ray_zoo,dst,dst,model_10.pt,0,0,2,1,right,2,down,2,"[1.0, -1.0]","[1.0, -1.0]",5.857215570025277e-36,1.0,true,48.61938580000424,0.005959631875157356,1.1859667301177979,3.551721238181926e-05,0.0,0.05174446105957031,0.5129332542419434,0.48706677556037903,1,right,"[1.0, -2.185966730117798]","[0.0, -1.1859667301177979]",20983,20998,16,41997,true,true,false,true,,,,
171,art_cw,dst,dst,model_10.pt,0,0,2,1,right,2,down,2,"[1.0, -1.0]","[1.0, -1.0]",5.857215570025277e-36,1.0,true,9.95733969999128,0.00994697492569685,1.5305904150009155,9.89423060673289e-05,0.0,12.658734321594238,0.9999967813491821,3.179656005158904e-06,1,right,"[0.0, -2.15875244140625]","[-1.0, -1.15875244140625]",,,,,,,,,,3,250,750
172,ray_zoo,dst,dst,model_10.pt,1,0,2,2,down,1,right,2,"[2.0, -3.0]","[2.0, -3.0]",3.149121241552422e-11,1.0,true,47.52318769998965,0.0028320124838501215,0.563570499420166,0.07940292358398438,0.0,0.05003523826599121,0.5125061869621277,0.4874938130378723,2,down,"[2.0, -2.436429500579834]","[0.0, 0.563570499420166]",20983,20998,16,41997,true,true,true,true,,,,
172,art_cw,dst,dst,model_10.pt,1,0,2,2,down,1,right,2,"[2.0, -3.0]","[2.0, -3.0]",3.149121241552422e-11,1.0,true,8.312271900009364,0.005917658563703299,0.9881480932235718,3.501868195598945e-05,0.0,27.05927276611328,1.0,1.7713613778905235e-12,2,down,"[2.5103414058685303, -2.153839111328125]","[0.5103414058685303, 0.846160888671875]",,,,,,,,,,3,250,750
173,ray_zoo,dst,dst,model_10.pt,1,1,2,1,right,2,down,3,"[2.0, -3.0]","[2.0, -2.0]",1.675024305130774e-29,1.0,true,47.023641000007046,0.016390560194849968,3.19083571434021,0.00027180384495295584,0.0,0.050016701221466064,0.5125015377998352,0.4874984323978424,1,right,"[2.538808584213257, -5.145014762878418]","[0.5388085842132568, -3.145014762878418]",20983,20998,16,41997,true,true,false,true,,,,
173,art_cw,dst,dst,model_10.pt,1,1,2,1,right,2,down,3,"[2.0, -3.0]","[2.0, -2.0]",1.675024305130774e-29,1.0,false,9.799107600003481,0.0,0.0,66.30914306640625,66.30914306640625,-66.25914001464844,1.675024305130774e-29,1.0,2,down,"[2.0, -2.0]","[0.0, 0.0]",,,,,,,,,,3,250,750
174,ray_zoo,dst,dst,model_10.pt,1,1,2,3,left,2,down,3,"[2.0, -3.0]","[2.0, -2.0]",0.0,1.0,false,48.24721440000576,0.9949748516082764,198.0,21.365732192993164,20.365732192993164,-20.315732955932617,1.036286723099522e-09,0.31056922674179077,1,right,"[2.0, -200.0]","[0.0, -198.0]",20898,20998,0,41896,false,false,false,false,no_successful_seed_or_zoo_point,,,
174,art_cw,dst,dst,model_10.pt,1,1,2,3,left,2,down,3,"[2.0, -3.0]","[2.0, -2.0]",0.0,1.0,false,9.164016299997456,0.0,0.0,481.53515625,481.53515625,-481.48516845703125,0.0,1.0,2,down,"[2.0, -2.0]","[0.0, 0.0]",,,,,,,,,,3,250,750
175,ray_zoo,dst,dst,model_10.pt,1,2,2,1,right,2,down,4,"[2.0, -3.0]","[2.0, -1.0]",4.0085260808185924e-38,1.0,true,47.90462050001952,0.007151743397116661,1.4219032526016235,5.1152455853298306e-05,0.0,0.05042266845703125,0.5126030445098877,0.4873970150947571,1,right,"[2.0483336448669434, -2.42108154296875]","[0.04833364486694336, -1.42108154296875]",20983,20998,16,41997,true,true,false,false,,,,
175,art_cw,dst,dst,model_10.pt,1,2,2,1,right,2,down,4,"[2.0, -3.0]","[2.0, -1.0]",4.0085260808185924e-38,1.0,true,8.346663500007708,0.024585112929344177,4.199275493621826,0.0006044277688488364,0.0,3.999629020690918,0.9820063710212708,0.017992747947573662,1,right,"[0.0, -4.692413330078125]","[-2.0, -3.692413330078125]",,,,,,,,,,3,250,750
176,ray_zoo,dst,dst,model_10.pt,1,2,2,0,up,2,down,4,"[2.0, -3.0]","[2.0, -1.0]",0.0,1.0,false,48.112314400001196,1.0,199.0,26.991249084472656,25.991249084472656,-25.94124984741211,5.418240942717256e-12,6.815364628209863e-08,1,right,"[2.0, -200.0]","[0.0, -199.0]",20896,20998,0,41894,false,false,false,false,no_successful_seed_or_zoo_point,,,
176,art_cw,dst,dst,model_10.pt,1,2,2,0,up,2,down,4,"[2.0, -3.0]","[2.0, -1.0]",0.0,1.0,false,7.726444100000663,0.0,0.0,426.654052734375,426.654052734375,-426.60406494140625,0.0,1.0,2,down,"[2.0, -1.0]","[0.0, 0.0]",,,,,,,,,,3,250,750
177,ray_zoo,dst,dst,model_10.pt,2,0,2,2,down,1,right,2,"[3.0, -5.0]","[3.0, -5.0]",7.239452533812103e-15,1.0,true,47.6642286000133,0.012569868005812168,2.50140380859375,0.3910638093948364,0.0,0.05330705642700195,0.5133236050605774,0.4866763949394226,2,down,"[3.0, -2.49859619140625]","[0.0, 2.50140380859375]",20983,20998,16,41997,true,true,false,false,,,,
177,art_cw,dst,dst,model_10.pt,2,0,2,2,down,1,right,2,"[3.0, -5.0]","[3.0, -5.0]",7.239452533812103e-15,1.0,true,7.353914999985136,0.019056107848882675,3.772629737854004,0.0003631352155935019,0.0,98.43276977539062,1.0,1.7796490496925177e-43,2,down,"[3.306267261505127, -1.2398223876953125]","[0.30626726150512695, 3.7601776123046875]",,,,,,,,,,3,250,750
178,ray_zoo,dst,dst,model_10.pt,2,1,2,1,right,2,down,3,"[3.0, -5.0]","[3.0, -4.0]",0.3065263330936432,0.6934736371040344,true,49.313203999976395,0.004980949219316244,0.9867184162139893,2.558224878157489e-05,0.0,0.05001676082611084,0.51250159740448,0.48749840259552,1,right,"[3.075082540512085, -4.98385763168335]","[0.07508254051208496, -0.9838576316833496]",20983,20998,16,41997,true,true,false,true,,,,
178,art_cw,dst,dst,model_10.pt,2,1,2,1,right,2,down,3,"[3.0, -5.0]","[3.0, -4.0]",0.3065263330936432,0.6934736371040344,false,6.213811699999496,0.004720177035778761,0.9370583891868591,0.05001429379444744,0.04999201372265816,7.987022399902344e-06,0.5000019669532776,0.4999980032444,1,right,"[3.0518434047698975, -4.9356231689453125]","[0.05184340476989746, -0.9356231689453125]",,,,,,,,,,3,250,750
179,ray_zoo,dst,dst,model_10.pt,2,1,2,3,left,2,down,3,"[3.0, -5.0]","[3.0, -4.0]",0.0,0.6934736371040344,false,48.99271469999803,0.9849246144294739,196.0,21.365734100341797,20.365734100341797,-20.31573486328125,1.0362847246980778e-09,0.31056922674179077,1,right,"[3.0, -200.0]","[0.0, -196.0]",20898,20998,0,41896,false,false,false,false,no_successful_seed_or_zoo_point,,,
179,art_cw,dst,dst,model_10.pt,2,1,2,3,left,2,down,3,"[3.0, -5.0]","[3.0, -4.0]",0.0,0.6934736371040344,false,8.283317099994747,0.0,0.0,107.619873046875,107.619873046875,-107.56986999511719,0.0,0.6934736371040344,2,down,"[3.0, -4.0]","[0.0, 0.0]",,,,,,,,,,3,250,750
180,ray_zoo,dst,dst,model_10.pt,2,2,2,2,down,1,right,4,"[3.0, -5.0]","[3.0, -3.0]",1.4665454628470798e-08,1.0,true,49.489589800010435,0.0030114867258816957,0.5992858409881592,0.08978588134050369,0.0,0.05036735534667969,0.512589156627655,0.4874107837677002,2,down,"[3.0, -2.400714159011841]","[0.0, 0.5992858409881592]",20983,20998,16,41997,true,true,false,true,,,,
180,art_cw,dst,dst,model_10.pt,2,2,2,2,down,1,right,4,"[3.0, -5.0]","[3.0, -3.0]",1.4665454628470798e-08,1.0,true,8.250666799984174,0.005571463145315647,0.8525269031524658,3.104120332864113e-05,0.0,1.155808448791504,0.7605702877044678,0.23942974209785461,2,down,"[2.435270071029663, -2.3613433837890625]","[-0.5647299289703369, 0.6386566162109375]",,,,,,,,,,3,250,750
181,ray_zoo,dst,dst,model_10.pt,2,2,2,0,up,1,right,4,"[3.0, -5.0]","[3.0, -3.0]",0.0,1.0,false,48.18062729999656,0.9899497628211975,197.0,26.99126434326172,25.99126434326172,-25.941265106201172,5.418158109671278e-12,0.9999998807907104,1,right,"[3.0, -200.0]","[0.0, -197.0]",20897,20998,0,41895,false,false,false,false,no_successful_seed_or_zoo_point,,,
181,art_cw,dst,dst,model_10.pt,2,2,2,0,up,1,right,4,"[3.0, -5.0]","[3.0, -3.0]",0.0,1.0,false,9.352684999990743,0.0,0.0,164.64231872558594,164.64231872558594,-164.59231567382812,0.0,1.0,1,right,"[3.0, -3.0]","[0.0, 0.0]",,,,,,,,,,3,250,750
182,ray_zoo,dst,dst,model_10.pt,2,3,2,1,right,2,down,4,"[3.0, -5.0]","[3.0, -2.0]",8.331194098830211e-22,1.0,false,48.37406100000953,0.9949748516082764,198.0,1.305484116077423,0.3054841160774231,-0.25548410415649414,0.43647003173828125,0.563520610332489,2,down,"[3.0, -200.0]","[0.0, -198.0]",20897,20998,0,41895,false,false,false,false,no_successful_seed_or_zoo_point,,,
182,art_cw,dst,dst,model_10.pt,2,3,2,1,right,2,down,4,"[3.0, -5.0]","[3.0, -2.0]",8.331194098830211e-22,1.0,false,7.053599700011546,0.0,0.0,48.58686447143555,48.58686447143555,-48.536865234375,8.331194098830211e-22,1.0,2,down,"[3.0, -2.0]","[0.0, 0.0]",,,,,,,,,,3,250,750
183,ray_zoo,dst,dst,model_10.pt,2,3,2,0,up,2,down,4,"[3.0, -5.0]","[3.0, -2.0]",0.0,1.0,false,49.24221419999958,0.9949748516082764,198.0,13.67541790008545,12.67541790008545,-12.625417709350586,1.852509967648075e-06,0.563520610332489,2,down,"[3.0, -200.0]","[0.0, -198.0]",20897,20998,0,41895,false,false,false,false,no_successful_seed_or_zoo_point,,,
183,art_cw,dst,dst,model_10.pt,2,3,2,0,up,2,down,4,"[3.0, -5.0]","[3.0, -2.0]",0.0,1.0,false,5.984358699992299,0.0,0.0,285.7652893066406,285.7652893066406,-285.7153015136719,0.0,1.0,2,down,"[3.0, -2.0]","[0.0, 0.0]",,,,,,,,,,3,250,750
184,ray_zoo,dst,dst,model_10.pt,2,4,2,1,right,2,down,4,"[3.0, -5.0]","[3.0, -1.0]",6.89713237892671e-24,1.0,true,48.03040360001614,0.005449642427265644,1.0844788551330566,2.9698601792915724e-05,0.0,0.05104827880859375,0.512759268283844,0.487240731716156,1,right,"[3.0, -2.0844788551330566]","[0.0, -1.0844788551330566]",20983,20998,16,41997,true,true,false,true,,,,
184,art_cw,dst,dst,model_10.pt,2,4,2,1,right,2,down,4,"[3.0, -5.0]","[3.0, -1.0]",6.89713237892671e-24,1.0,true,8.37804369998048,0.007559280842542648,1.4540579319000244,5.714272992918268e-05,0.0,15.836565971374512,0.9999998807907104,1.3251550967652292e-07,1,right,"[3.3071393966674805, -2.4212493896484375]","[0.30713939666748047, -1.4212493896484375]",,,,,,,,,,3,250,750
185,ray_zoo,dst,dst,model_10.pt,2,4,2,0,up,2,down,4,"[3.0, -5.0]","[3.0, -1.0]",0.0,1.0,false,48.347531200008234,1.0,199.0,22.12628936767578,21.12628936767578,-21.076290130615234,7.025584558562059e-10,2.4252190087281633e-06,1,right,"[3.0, -200.0]","[0.0, -199.0]",20896,20998,0,41894,false,false,false,false,no_successful_seed_or_zoo_point,,,
185,art_cw,dst,dst,model_10.pt,2,4,2,0,up,2,down,4,"[3.0, -5.0]","[3.0, -1.0]",0.0,1.0,false,10.383152299997164,0.0,0.0,298.7937927246094,298.7937927246094,-298.7438049316406,0.0,1.0,2,down,"[3.0, -1.0]","[0.0, 0.0]",,,,,,,,,,3,250,750
186,ray_zoo,dst,dst,model_10.pt,3,0,2,2,down,1,right,2,"[5.0, -7.0]","[5.0, -7.0]",3.3330759179950927e-15,1.0,true,48.87215229999856,0.02226065658032894,4.42987060546875,0.5451042652130127,0.0,0.05247020721435547,0.5131145715713501,0.4868854582309723,2,down,"[5.0, -2.57012939453125]","[0.0, 4.42987060546875]",20983,20998,16,41997,true,true,false,false,,,,
186,art_cw,dst,dst,model_10.pt,3,0,2,2,down,1,right,2,"[5.0, -7.0]","[5.0, -7.0]",3.3330759179950927e-15,1.0,false,8.61358740000287,0.0,0.0,33.38488006591797,33.38488006591797,-33.33488082885742,3.3330759179950927e-15,1.0,1,right,"[5.0, -7.0]","[0.0, 0.0]",,,,,,,,,,3,250,750
187,ray_zoo,dst,dst,model_10.pt,3,1,2,2,down,1,right,3,"[5.0, -7.0]","[5.0, -6.0]",0.345295250415802,0.6547048091888428,true,48.70384199998807,0.006626215763390064,1.3136582374572754,0.06902791559696198,0.0,0.05001509189605713,0.5125011801719666,0.48749881982803345,2,down,"[4.908979415893555, -4.6894989013671875]","[-0.09102058410644531, 1.3105010986328125]",20983,20998,16,41997,true,true,false,false,,,,
187,art_cw,dst,dst,model_10.pt,3,1,2,2,down,1,right,3,"[5.0, -7.0]","[5.0, -6.0]",0.345295250415802,0.6547048091888428,false,7.444257299997844,0.006463260855525732,1.2753006219863892,0.04662154075776925,0.046579767018556595,0.003420233726501465,0.500855028629303,0.499144971370697,2,down,"[4.866949558258057, -4.731658935546875]","[-0.13305044174194336, 1.268341064453125]",,,,,,,,,,3,250,750
188,ray_zoo,dst,dst,model_10.pt,3,1,2,3,left,1,right,3,"[5.0, -7.0]","[5.0, -6.0]",8.995992145655052e-11,0.6547048091888428,false,48.56419040000765,0.9748743772506714,194.0,21.365734100341797,20.365734100341797,-20.31573486328125,1.0362847246980778e-09,0.6894307732582092,1,right,"[5.0, -200.0]","[0.0, -194.0]",20898,20998,0,41896,false,false,false,false,no_successful_seed_or_zoo_point,,,
188,art_cw,dst,dst,model_10.pt,3,1,2,3,left,1,right,3,"[5.0, -7.0]","[5.0, -6.0]",8.995992145655052e-11,0.6547048091888428,false,6.230940799985547,0.0,0.0,22.758085250854492,22.758085250854492,-22.708086013793945,8.995992145655052e-11,0.6547048091888428,1,right,"[5.0, -6.0]","[0.0, 0.0]",,,,,,,,,,3,250,750
189,ray_zoo,dst,dst,model_10.pt,3,2,2,1,right,2,down,3,"[5.0, -7.0]","[5.0, -5.0]",0.388811320066452,0.6111887097358704,false,47.893000100011704,0.15616406500339508,19.92485809326172,0.2478479351848364,0.22346071898937225,-0.1734607219696045,0.4567365050315857,0.54324871301651,2,down,"[24.0, -11.0]","[19.0, -6.0]",20897,20998,0,41895,false,false,false,false,no_successful_seed_or_zoo_point,,,
189,art_cw,dst,dst,model_10.pt,3,2,2,1,right,2,down,3,"[5.0, -7.0]","[5.0, -5.0]",0.388811320066452,0.6111887097358704,false,7.25617730000522,0.0,0.0,0.5023115873336792,0.5023115873336792,-0.45231157541275024,0.388811320066452,0.6111887097358704,2,down,"[5.0, -5.0]","[0.0, 0.0]",,,,,,,,,,3,250,750
190,ray_zoo,dst,dst,model_10.pt,3,2,2,3,left,2,down,3,"[5.0, -7.0]","[5.0, -5.0]",3.446418497810022e-11,0.6111887097358704,false,49.040414899995085,0.15616406500339508,19.92485809326172,10.588066911324859,10.563679695129395,-10.513679504394531,1.4755900338059291e-05,0.54324871301651,2,down,"[24.0, -11.0]","[19.0, -6.0]",20897,20998,0,41895,false,false,false,false,no_successful_seed_or_zoo_point,,,
190,art_cw,dst,dst,model_10.pt,3,2,2,3,left,2,down,3,"[5.0, -7.0]","[5.0, -5.0]",3.446418497810022e-11,0.6111887097358704,false,9.405764399998588,0.0,0.0,23.64875030517578,23.64875030517578,-23.598751068115234,3.446418497810022e-11,0.6111887097358704,2,down,"[5.0, -5.0]","[0.0, 0.0]",,,,,,,,,,3,250,750
191,ray_zoo,dst,dst,model_10.pt,3,3,2,1,right,2,down,4,"[5.0, -7.0]","[5.0, -4.0]",0.11875332146883011,0.8812466263771057,false,48.25429300000542,0.9849246144294739,196.0,1.305484116077423,0.3054841160774231,-0.25548410415649414,0.43647003173828125,0.563520610332489,2,down,"[5.0, -200.0]","[0.0, -196.0]",20897,20998,0,41895,false,false,false,false,no_successful_seed_or_zoo_point,,,
191,art_cw,dst,dst,model_10.pt,3,3,2,1,right,2,down,4,"[5.0, -7.0]","[5.0, -4.0]",0.11875332146883011,0.8812466263771057,false,8.04550670000026,0.0,0.0,2.0542891025543213,2.0542891025543213,-2.004289150238037,0.11875332146883011,0.8812466263771057,2,down,"[5.0, -4.0]","[0.0, 0.0]",,,,,,,,,,3,250,750
192,ray_zoo,dst,dst,model_10.pt,3,3,2,0,up,2,down,4,"[5.0, -7.0]","[5.0, -4.0]",3.5685864088342195e-28,0.8812466263771057,false,47.71956140000839,0.9849246144294739,196.0,13.67541790008545,12.67541790008545,-12.625417709350586,1.852509967648075e-06,0.563520610332489,2,down,"[5.0, -200.0]","[0.0, -196.0]",20897,20998,0,41895,false,false,false,false,no_successful_seed_or_zoo_point,,,
192,art_cw,dst,dst,model_10.pt,3,3,2,0,up,2,down,4,"[5.0, -7.0]","[5.0, -4.0]",3.5685864088342195e-28,0.8812466263771057,false,7.034572799981106,0.0,0.0,63.12379455566406,63.12379455566406,-63.073795318603516,3.5685864088342195e-28,0.8812466263771057,2,down,"[5.0, -4.0]","[0.0, 0.0]",,,,,,,,,,3,250,750
193,ray_zoo,dst,dst,model_10.pt,3,4,2,2,down,1,right,4,"[5.0, -7.0]","[5.0, -3.0]",2.0178147347449382e-11,1.0,true,49.07972300000256,0.004730960354208946,0.926551103591919,0.2109118103981018,0.0,0.050060272216796875,0.5125125050544739,0.4874875247478485,2,down,"[4.867040634155273, -2.083038330078125]","[-0.13295936584472656, 0.916961669921875]",20983,20998,16,41997,true,true,false,false,,,,
193,art_cw,dst,dst,model_10.pt,3,4,2,2,down,1,right,4,"[5.0, -7.0]","[5.0, -3.0]",2.0178147347449382e-11,1.0,true,9.227202500012936,0.004725592210888863,0.9373941421508789,2.2331221771310084e-05,0.0,0.8336563110351562,0.6971274614334106,0.30287250876426697,2,down,"[4.940217018127441, -2.06451416015625]","[-0.059782981872558594, 0.93548583984375]",,,,,,,,,,3,250,750
194,ray_zoo,dst,dst,model_10.pt,3,4,2,0,up,1,right,4,"[5.0, -7.0]","[5.0, -3.0]",0.0,1.0,false,48.79646180002601,0.9899497628211975,197.0,22.12628936767578,21.12628936767578,-21.076290130615234,7.025584558562059e-10,0.999997615814209,1,right,"[5.0, -200.0]","[0.0, -197.0]",20897,20998,0,41895,false,false,false,false,no_successful_seed_or_zoo_point,,,
194,art_cw,dst,dst,model_10.pt,3,4,2,0,up,1,right,4,"[5.0, -7.0]","[5.0, -3.0]",0.0,1.0,false,6.946714699995937,0.0,0.0,115.75050354003906,115.75050354003906,-115.70050048828125,0.0,1.0,1,right,"[5.0, -3.0]","[0.0, 0.0]",,,,,,,,,,3,250,750
195,ray_zoo,dst,dst,model_10.pt,3,5,2,1,right,2,down,4,"[5.0, -7.0]","[5.0, -2.0]",3.896516993492292e-18,1.0,false,47.82965279999189,0.9949748516082764,198.0,1.2063546031713486,0.20635460317134857,-0.1563546061515808,0.4608864188194275,0.5388872027397156,2,down,"[5.0, -200.0]","[0.0, -198.0]",20897,20998,0,41895,false,false,false,false,no_successful_seed_or_zoo_point,,,
195,art_cw,dst,dst,model_10.pt,3,5,2,1,right,2,down,4,"[5.0, -7.0]","[5.0, -2.0]",3.896516993492292e-18,1.0,false,7.290833000006387,0.0,0.0,40.13644790649414,40.13644790649414,-40.086448669433594,3.896516993492292e-18,1.0,2,down,"[5.0, -2.0]","[0.0, 0.0]",,,,,,,,,,3,250,750
196,ray_zoo,dst,dst,model_10.pt,3,5,2,0,up,2,down,4,"[5.0, -7.0]","[5.0, -2.0]",0.0,1.0,false,48.34475499999826,0.9949748516082764,198.0,10.759153366088867,9.759153366088867,-9.709153175354004,3.272399044362828e-05,0.5388872027397156,2,down,"[5.0, -200.0]","[0.0, -198.0]",20897,20998,0,41895,false,false,false,false,no_successful_seed_or_zoo_point,,,
196,art_cw,dst,dst,model_10.pt,3,5,2,0,up,2,down,4,"[5.0, -7.0]","[5.0, -2.0]",0.0,1.0,false,8.167883699992672,0.0,0.0,208.304443359375,208.304443359375,-208.2544403076172,0.0,1.0,2,down,"[5.0, -2.0]","[0.0, 0.0]",,,,,,,,,,3,250,750
197,ray_zoo,dst,dst,model_10.pt,3,6,2,1,right,2,down,4,"[5.0, -7.0]","[5.0, -1.0]",2.6854652314687926e-15,1.0,true,48.136594099982176,0.0041356394067406654,0.8228996992111206,1.710405013000127e-05,0.0,0.0511627197265625,0.5127878785133362,0.48721209168434143,1,right,"[5.009832382202148, -1.822840929031372]","[0.009832382202148438, -0.8228409290313721]",20983,20998,16,41997,true,true,false,true,,,,
197,art_cw,dst,dst,model_10.pt,3,6,2,1,right,2,down,4,"[5.0, -7.0]","[5.0, -1.0]",2.6854652314687926e-15,1.0,true,6.831073100009235,0.0055218408815562725,1.0978572368621826,3.049072802241426e-05,0.0,14.367676734924316,0.9999994039535522,5.757010512752458e-07,1,right,"[5.037135601043701, -2.09722900390625]","[0.03713560104370117, -1.09722900390625]",,,,,,,,,,3,250,750
198,ray_zoo,dst,dst,model_10.pt,3,6,2,0,up,2,down,4,"[5.0, -7.0]","[5.0, -1.0]",0.0,1.0,false,48.84315040000365,1.0,199.0,27.227062225341797,26.227062225341797,-26.17706298828125,4.280021649594179e-12,1.6038937955542565e-09,1,right,"[5.0, -200.0]","[0.0, -199.0]",20895,20998,0,41893,false,false,false,false,no_successful_seed_or_zoo_point,,,
198,art_cw,dst,dst,model_10.pt,3,6,2,0,up,2,down,4,"[5.0, -7.0]","[5.0, -1.0]",0.0,1.0,false,7.862684299994726,0.0,0.0,248.26133728027344,248.26133728027344,-248.21133422851562,0.0,1.0,2,down,"[5.0, -1.0]","[0.0, 0.0]",,,,,,,,,,3,250,750
199,ray_zoo,dst,dst,model_10.pt,4,0,2,2,down,1,right,2,"[8.0, -8.0]","[8.0, -8.0]",6.439590004357447e-15,1.0,true,48.46703030000208,0.027458302676677704,5.462018966674805,0.6087775826454163,0.0,0.05029630661010742,0.5125714540481567,0.48742857575416565,2,down,"[7.87693977355957, -2.53936767578125]","[-0.12306022644042969, 5.46063232421875]",20983,20998,16,41997,true,true,false,false,,,,
199,art_cw,dst,dst,model_10.pt,4,0,2,2,down,1,right,2,"[8.0, -8.0]","[8.0, -8.0]",6.439590004357447e-15,1.0,false,8.467774399992777,0.0,0.0,32.72631072998047,32.72631072998047,-32.67631149291992,6.439590004357447e-15,1.0,1,right,"[8.0, -8.0]","[0.0, 0.0]",,,,,,,,,,3,250,750
200,ray_zoo,dst,dst,model_10.pt,4,1,2,2,down,1,right,3,"[8.0, -8.0]","[8.0, -7.0]",0.32747286558151245,0.6725270748138428,true,49.24456290001399,0.011449337005615234,2.2784180641174316,0.1441996842622757,0.0,0.0500028133392334,0.5124980807304382,0.48750191926956177,2,down,"[8.0, -4.721581935882568]","[0.0, 2.2784180641174316]",20983,20998,16,41997,true,true,true,false,,,,
200,art_cw,dst,dst,model_10.pt,4,1,2,2,down,1,right,3,"[8.0, -8.0]","[8.0, -7.0]",0.32747286558151245,0.6725270748138428,false,8.280394700006582,0.0,0.0,0.7696371674537659,0.7696371674537659,-0.7196371555328369,0.32747286558151245,0.6725270748138428,1,right,"[8.0, -7.0]","[0.0, 0.0]",,,,,,,,,,3,250,750
201,ray_zoo,dst,dst,model_10.pt,4,1,2,3,left,1,right,3,"[8.0, -8.0]","[8.0, -7.0]",8.809678542220922e-10,0.6725270748138428,false,49.30313610000303,0.9698492288589478,193.0,21.365734100341797,20.365734100341797,-20.31573486328125,1.0362847246980778e-09,0.6894307732582092,1,right,"[8.0, -200.0]","[0.0, -193.0]",20898,20998,0,41896,false,false,false,false,no_successful_seed_or_zoo_point,,,
201,art_cw,dst,dst,model_10.pt,4,1,2,3,left,1,right,3,"[8.0, -8.0]","[8.0, -7.0]",8.809678542220922e-10,0.6725270748138428,false,9.284716900001513,0.0,0.0,20.503286361694336,20.503286361694336,-20.45328712463379,8.809678542220922e-10,0.6725270748138428,1,right,"[8.0, -7.0]","[0.0, 0.0]",,,,,,,,,,3,250,750
202,ray_zoo,dst,dst,model_10.pt,4,2,2,1,right,2,down,3,"[8.0, -8.0]","[8.0, -6.0]",0.40870967507362366,0.5912889242172241,false,47.9757456999796,0.13145576417446136,16.76305389404297,0.2407413385808468,0.22346071898937225,-0.1734607219696045,0.4567365050315857,0.54324871301651,2,down,"[24.0, -11.0]","[16.0, -5.0]",20898,20998,0,41896,false,false,false,false,no_successful_seed_or_zoo_point,,,
202,art_cw,dst,dst,model_10.pt,4,2,2,1,right,2,down,3,"[8.0, -8.0]","[8.0, -6.0]",0.40870967507362366,0.5912889242172241,false,6.13758529999177,0.0,0.0,0.4192996621131897,0.4192996621131897,-0.36929965019226074,0.40870967507362366,0.5912889242172241,2,down,"[8.0, -6.0]","[0.0, 0.0]",,,,,,,,,,3,250,750
203,ray_zoo,dst,dst,model_10.pt,4,2,2,3,left,2,down,3,"[8.0, -8.0]","[8.0, -6.0]",1.4393244782695547e-06,0.5912889242172241,false,47.43438890000107,0.13145576417446136,16.76305389404297,10.580960314720869,10.563679695129395,-10.513679504394531,1.4755900338059291e-05,0.54324871301651,2,down,"[24.0, -11.0]","[16.0, -5.0]",20898,20998,0,41896,false,false,false,false,no_successful_seed_or_zoo_point,,,
203,art_cw,dst,dst,model_10.pt,4,2,2,3,left,2,down,3,"[8.0, -8.0]","[8.0, -6.0]",1.4393244782695547e-06,0.5912889242172241,false,8.584339500026545,0.0,0.0,12.975886344909668,12.975886344909668,-12.925886154174805,1.4393244782695547e-06,0.5912889242172241,2,down,"[8.0, -6.0]","[0.0, 0.0]",,,,,,,,,,3,250,750
204,ray_zoo,dst,dst,model_10.pt,4,3,2,1,right,2,down,4,"[8.0, -8.0]","[8.0, -5.0]",0.15717017650604248,0.8428298830986023,false,47.89094720000867,0.979899525642395,195.0,1.305484116077423,0.3054841160774231,-0.25548410415649414,0.43647003173828125,0.563520610332489,2,down,"[8.0, -200.0]","[0.0, -195.0]",20898,20998,0,41896,false,false,false,false,no_successful_seed_or_zoo_point,,,
204,art_cw,dst,dst,model_10.pt,4,3,2,1,right,2,down,4,"[8.0, -8.0]","[8.0, -5.0]",0.15717017650604248,0.8428298830986023,false,8.122807899984764,0.0,0.0,1.729435920715332,1.729435920715332,-1.6794359683990479,0.15717017650604248,0.8428298830986023,2,down,"[8.0, -5.0]","[0.0, 0.0]",,,,,,,,,,3,250,750
205,ray_zoo,dst,dst,model_10.pt,4,3,2,0,up,2,down,4,"[8.0, -8.0]","[8.0, -5.0]",1.1724699694161845e-19,0.8428298830986023,false,48.26613420000649,0.979899525642395,195.0,13.67541790008545,12.67541790008545,-12.625417709350586,1.852509967648075e-06,0.563520610332489,2,down,"[8.0, -200.0]","[0.0, -195.0]",20898,20998,0,41896,false,false,false,false,no_successful_seed_or_zoo_point,,,
205,art_cw,dst,dst,model_10.pt,4,3,2,0,up,2,down,4,"[8.0, -8.0]","[8.0, -5.0]",1.1724699694161845e-19,0.8428298830986023,false,8.070694800000638,0.0,0.0,43.46901321411133,43.46901321411133,-43.41901397705078,1.1724699694161845e-19,0.8428298830986023,2,down,"[8.0, -5.0]","[0.0, 0.0]",,,,,,,,,,3,250,750
206,ray_zoo,dst,dst,model_10.pt,4,4,2,2,down,1,right,4,"[8.0, -8.0]","[8.0, -4.0]",2.467937746525317e-12,1.0,true,47.05132830000366,0.01238702517002821,2.2072229385375977,0.46831539273262024,0.0,0.050121307373046875,0.5125277042388916,0.4874722957611084,2,down,"[7.125641345977783, -1.9733450412750244]","[-0.8743586540222168, 2.0266549587249756]",20983,20998,16,41997,true,true,true,false,,,,
206,art_cw,dst,dst,model_10.pt,4,4,2,2,down,1,right,4,"[8.0, -8.0]","[8.0, -4.0]",2.467937746525317e-12,1.0,true,6.973222200002056,0.01257206592708826,2.4910037517547607,0.00015805684961378574,0.0,18.832998275756836,1.0,6.621140080653731e-09,2,down,"[7.814676284790039, -1.515899658203125]","[-0.18532371520996094, 2.484100341796875]",,,,,,,,,,3,250,750
207,ray_zoo,dst,dst,model_10.pt,4,4,2,0,up,1,right,4,"[8.0, -8.0]","[8.0, -4.0]",1.5639005284136406e-35,1.0,false,47.82254449999891,0.9849246144294739,196.0,22.12628936767578,21.12628936767578,-21.076290130615234,7.025584558562059e-10,0.999997615814209,1,right,"[8.0, -200.0]","[0.0, -196.0]",20898,20998,0,41896,false,false,false,false,no_successful_seed_or_zoo_point,,,
207,art_cw,dst,dst,model_10.pt,4,4,2,0,up,1,right,4,"[8.0, -8.0]","[8.0, -4.0]",1.5639005284136406e-35,1.0,false,8.195568600000115,0.0,0.0,80.19329833984375,80.19329833984375,-80.14329528808594,1.5639005284136406e-35,1.0,1,right,"[8.0, -4.0]","[0.0, 0.0]",,,,,,,,,,3,250,750
208,ray_zoo,dst,dst,model_10.pt,4,5,2,1,right,2,down,4,"[8.0, -8.0]","[8.0, -3.0]",0.05746639519929886,0.942533552646637,false,48.66909229999874,0.9899497628211975,197.0,1.2063546031713486,0.20635460317134857,-0.1563546061515808,0.4608864188194275,0.5388872027397156,2,down,"[8.0, -200.0]","[0.0, -197.0]",20897,20998,0,41895,false,false,false,false,no_successful_seed_or_zoo_point,,,
208,art_cw,dst,dst,model_10.pt,4,5,2,1,right,2,down,4,"[8.0, -8.0]","[8.0, -3.0]",0.05746639519929886,0.942533552646637,false,7.759709700010717,0.0,0.0,2.8473711013793945,2.8473711013793945,-2.7973711490631104,0.05746639519929886,0.942533552646637,2,down,"[8.0, -3.0]","[0.0, 0.0]",,,,,,,,,,3,250,750
209,ray_zoo,dst,dst,model_10.pt,4,5,2,0,up,2,down,4,"[8.0, -8.0]","[8.0, -3.0]",1.9791211578014924e-30,0.942533552646637,false,48.517328099987935,0.9899497628211975,197.0,10.759153366088867,9.759153366088867,-9.709153175354004,3.272399044362828e-05,0.5388872027397156,2,down,"[8.0, -200.0]","[0.0, -197.0]",20897,20998,0,41895,false,false,false,false,no_successful_seed_or_zoo_point,,,
209,art_cw,dst,dst,model_10.pt,4,5,2,0,up,2,down,4,"[8.0, -8.0]","[8.0, -3.0]",1.9791211578014924e-30,0.942533552646637,false,7.959284199983813,0.0,0.0,68.3857192993164,68.3857192993164,-68.3357162475586,1.9791211578014924e-30,0.942533552646637,2,down,"[8.0, -3.0]","[0.0, 0.0]",,,,,,,,,,3,250,750
210,ray_zoo,dst,dst,model_10.pt,4,6,2,2,down,1,right,4,"[8.0, -8.0]","[8.0, -2.0]",2.1193669041963403e-08,1.0,true,48.611781200015685,0.013562719337642193,1.6975970268249512,0.13105657696723938,0.0,0.05010414123535156,0.5125234127044678,0.4874765872955322,2,down,"[6.328341484069824, -1.704376220703125]","[-1.6716585159301758, 0.295623779296875]",20983,20998,16,41997,true,true,false,false,,,,
210,art_cw,dst,dst,model_10.pt,4,6,2,2,down,1,right,4,"[8.0, -8.0]","[8.0, -2.0]",2.1193669041963403e-08,1.0,true,6.9797220999898855,0.005236007273197174,0.7602859735488892,2.7415771910455078e-05,0.0,6.947116851806641,0.9990394711494446,0.0009604796068742871,2,down,"[7.432357311248779, -1.4942169189453125]","[-0.5676426887512207, 0.5057830810546875]",,,,,,,,,,3,250,750
211,ray_zoo,dst,dst,model_10.pt,4,6,2,0,up,1,right,4,"[8.0, -8.0]","[8.0, -2.0]",0.0,1.0,false,47.193146300007356,0.9949748516082764,198.0,27.227062225341797,26.227062225341797,-26.17706298828125,4.280021649594179e-12,1.0,1,right,"[8.0, -200.0]","[0.0, -198.0]",20897,20998,0,41895,false,false,false,false,no_successful_seed_or_zoo_point,,,
211,art_cw,dst,dst,model_10.pt,4,6,2,0,up,1,right,4,"[8.0, -8.0]","[8.0, -2.0]",0.0,1.0,false,9.21710229999735,0.0,0.0,192.80918884277344,192.80918884277344,-192.75918579101562,0.0,1.0,1,right,"[8.0, -2.0]","[0.0, 0.0]",,,,,,,,,,3,250,750
212,ray_zoo,dst,dst,model_10.pt,4,7,2,1,right,2,down,4,"[8.0, -8.0]","[8.0, -1.0]",1.0753798025675554e-11,1.0,true,48.31413660000544,0.0023671993985772133,0.4708186686038971,5.605042133538518e-06,0.0,0.05093193054199219,0.5127302408218384,0.48726972937583923,1,right,"[8.012323379516602, -1.4706573486328125]","[0.012323379516601562, -0.4706573486328125]",20983,20998,16,41997,true,true,false,false,,,,
212,art_cw,dst,dst,model_10.pt,4,7,2,1,right,2,down,4,"[8.0, -8.0]","[8.0, -1.0]",1.0753798025675554e-11,1.0,true,6.776427300006617,0.028011558577418327,3.475939989089966,0.0007846474181860685,0.0,0.07468795776367188,0.5186633467674255,0.48133668303489685,1,right,"[11.471840858459473, -1.16876220703125]","[3.4718408584594727, -0.16876220703125]",,,,,,,,,,3,250,750
213,ray_zoo,dst,dst,model_10.pt,4,7,2,0,up,2,down,4,"[8.0, -8.0]","[8.0, -1.0]",0.0,1.0,false,47.87002990001929,1.0,199.0,27.65432357788086,26.65432357788086,-26.604324340820312,2.791828400405816e-12,2.8474314919813004e-11,1,right,"[8.0, -200.0]","[0.0, -199.0]",20894,20998,0,41892,false,false,false,false,no_successful_seed_or_zoo_point,,,
213,art_cw,dst,dst,model_10.pt,4,7,2,0,up,2,down,4,"[8.0, -8.0]","[8.0, -1.0]",0.0,1.0,false,7.192705399997067,0.0,0.0,227.0552978515625,227.0552978515625,-227.0052947998047,0.0,1.0,2,down,"[8.0, -1.0]","[0.0, 0.0]",,,,,,,,,,3,250,750
214,ray_zoo,dst,dst,model_10.pt,5,0,2,2,down,1,right,2,"[16.0, -9.0]","[16.0, -9.0]",9.254396294428036e-13,1.0,true,49.187842899991665,0.03265774995088577,6.496582984924316,0.6592391729354858,0.0,0.05220508575439453,0.5130482912063599,0.48695170879364014,2,down,"[15.861990928649902, -2.5048828125]","[-0.13800907135009766, 6.4951171875]",20983,20998,16,41997,true,true,false,false,,,,
214,art_cw,dst,dst,model_10.pt,5,0,2,2,down,1,right,2,"[16.0, -9.0]","[16.0, -9.0]",9.254396294428036e-13,1.0,false,7.146238999994239,0.0,0.0,27.758506774902344,27.758506774902344,-27.708507537841797,9.254396294428036e-13,1.0,1,right,"[16.0, -9.0]","[0.0, 0.0]",,,,,,,,,,3,250,750
215,ray_zoo,dst,dst,model_10.pt,5,1,2,2,down,1,right,3,"[16.0, -9.0]","[16.0, -8.0]",0.3173714876174927,0.6826285719871521,true,48.55034189997241,0.01552345510572195,3.089167594909668,0.1947542130947113,0.0,0.05000096559524536,0.5124976634979248,0.4875023663043976,2,down,"[16.0, -4.910832405090332]","[0.0, 3.089167594909668]",20983,20998,16,41997,true,true,true,false,,,,
215,art_cw,dst,dst,model_10.pt,5,1,2,2,down,1,right,3,"[16.0, -9.0]","[16.0, -8.0]",0.3173714876174927,0.6826285719871521,false,8.45393009998952,0.0,0.0,0.8158778548240662,0.8158778548240662,-0.7658778429031372,0.3173714876174927,0.6826285719871521,1,right,"[16.0, -8.0]","[0.0, 0.0]",,,,,,,,,,3,250,750
216,ray_zoo,dst,dst,model_10.pt,5,1,2,3,left,1,right,3,"[16.0, -9.0]","[16.0, -8.0]",2.5030277850390803e-10,0.6826285719871521,false,47.637213300011354,0.12903225421905518,16.0,20.297618865966797,19.297618865966797,-19.24761962890625,2.5452366880784894e-09,0.5819198489189148,1,right,"[0.0, -8.0]","[-16.0, 0.0]",20898,20998,0,41896,false,false,false,false,no_successful_seed_or_zoo_point,,,
216,art_cw,dst,dst,model_10.pt,5,1,2,3,left,1,right,3,"[16.0, -9.0]","[16.0, -8.0]",2.5030277850390803e-10,0.6826285719871521,false,9.428950800007442,0.0,0.0,21.77654457092285,21.77654457092285,-21.726545333862305,2.5030277850390803e-10,0.6826285719871521,1,right,"[16.0, -8.0]","[0.0, 0.0]",,,,,,,,,,3,250,750
217,ray_zoo,dst,dst,model_10.pt,5,2,2,1,right,2,down,3,"[16.0, -9.0]","[16.0, -7.0]",0.41823330521583557,0.581762969493866,false,48.2798666000017,0.06757485121488571,8.9442720413208,0.2280270797200501,0.22346071898937225,-0.1734607219696045,0.4567365050315857,0.54324871301651,2,down,"[24.0, -11.0]","[8.0, -4.0]",20898,20998,0,41896,false,false,false,false,no_successful_seed_or_zoo_point,,,
217,art_cw,dst,dst,model_10.pt,5,2,2,1,right,2,down,3,"[16.0, -9.0]","[16.0, -7.0]",0.41823330521583557,0.581762969493866,false,8.171919099986553,0.0,0.0,0.3800235986709595,0.3800235986709595,-0.3300235867500305,0.41823330521583557,0.581762969493866,2,down,"[16.0, -7.0]","[0.0, 0.0]",,,,,,,,,,3,250,750
218,ray_zoo,dst,dst,model_10.pt,5,2,2,3,left,2,down,3,"[16.0, -9.0]","[16.0, -7.0]",3.7476399938896066e-06,0.581762969493866,false,47.9073782999767,0.06757485121488571,8.9442720413208,10.568246055860072,10.563679695129395,-10.513679504394531,1.4755900338059291e-05,0.54324871301651,2,down,"[24.0, -11.0]","[8.0, -4.0]",20898,20998,0,41896,false,false,false,false,no_successful_seed_or_zoo_point,,,
218,art_cw,dst,dst,model_10.pt,5,2,2,3,left,2,down,3,"[16.0, -9.0]","[16.0, -7.0]",3.7476399938896066e-06,0.581762969493866,false,8.370954300015,0.0,0.0,12.002692222595215,12.002692222595215,-11.952692031860352,3.7476399938896066e-06,0.581762969493866,2,down,"[16.0, -7.0]","[0.0, 0.0]",,,,,,,,,,3,250,750
219,ray_zoo,dst,dst,model_10.pt,5,3,2,1,right,2,down,4,"[16.0, -9.0]","[16.0, -6.0]",0.18187236785888672,0.8181276321411133,false,47.1643501999788,0.9748743772506714,194.0,1.305484116077423,0.3054841160774231,-0.25548410415649414,0.43647003173828125,0.563520610332489,2,down,"[16.0, -200.0]","[0.0, -194.0]",20898,20998,0,41896,false,false,false,false,no_successful_seed_or_zoo_point,,,
219,art_cw,dst,dst,model_10.pt,5,3,2,1,right,2,down,4,"[16.0, -9.0]","[16.0, -6.0]",0.18187236785888672,0.8181276321411133,false,6.964119399985066,0.0,0.0,1.5537132024765015,1.5537132024765015,-1.5037132501602173,0.18187236785888672,0.8181276321411133,2,down,"[16.0, -6.0]","[0.0, 0.0]",,,,,,,,,,3,250,750
220,ray_zoo,dst,dst,model_10.pt,5,3,2,0,up,2,down,4,"[16.0, -9.0]","[16.0, -6.0]",5.716284562606901e-18,0.8181276321411133,false,48.24570769999991,0.9748743772506714,194.0,13.67541790008545,12.67541790008545,-12.625417709350586,1.852509967648075e-06,0.563520610332489,2,down,"[16.0, -200.0]","[0.0, -194.0]",20898,20998,0,41896,false,false,false,false,no_successful_seed_or_zoo_point,,,
220,art_cw,dst,dst,model_10.pt,5,3,2,0,up,2,down,4,"[16.0, -9.0]","[16.0, -6.0]",5.716284562606901e-18,0.8181276321411133,false,7.095292699988931,0.0,0.0,39.55247497558594,39.55247497558594,-39.50247573852539,5.716284562606901e-18,0.8181276321411133,2,down,"[16.0, -6.0]","[0.0, 0.0]",,,,,,,,,,3,250,750
221,ray_zoo,dst,dst,model_10.pt,5,4,2,2,down,1,right,4,"[16.0, -9.0]","[16.0, -5.0]",7.709834290089979e-13,1.0,true,48.01973860000726,0.04322824999690056,5.957199573516846,0.7856841087341309,0.0,0.05058097839355469,0.5126425623893738,0.4873574376106262,2,down,"[11.055801391601562, -1.6768798828125]","[-4.9441986083984375, 3.3231201171875]",20983,20998,16,41997,true,true,false,false,,,,
221,art_cw,dst,dst,model_10.pt,5,4,2,2,down,1,right,4,"[16.0, -9.0]","[16.0, -5.0]",7.709834290089979e-13,1.0,false,7.952401500020642,0.0,0.0,27.94110870361328,27.94110870361328,-27.891109466552734,7.709834290089979e-13,1.0,1,right,"[16.0, -5.0]","[0.0, 0.0]",,,,,,,,,,3,250,750
222,ray_zoo,dst,dst,model_10.pt,5,4,2,0,up,1,right,4,"[16.0, -9.0]","[16.0, -5.0]",6.485036298464201e-26,1.0,false,47.86871720000636,0.979899525642395,195.0,22.12628936767578,21.12628936767578,-21.076290130615234,7.025584558562059e-10,0.999997615814209,1,right,"[16.0, -200.0]","[0.0, -195.0]",20898,20998,0,41896,false,false,false,false,no_successful_seed_or_zoo_point,,,
222,art_cw,dst,dst,model_10.pt,5,4,2,0,up,1,right,4,"[16.0, -9.0]","[16.0, -5.0]",6.485036298464201e-26,1.0,false,6.947245799994562,0.0,0.0,58.04771423339844,58.04771423339844,-57.99771499633789,6.485036298464201e-26,1.0,1,right,"[16.0, -5.0]","[0.0, 0.0]",,,,,,,,,,3,250,750
223,ray_zoo,dst,dst,model_10.pt,5,5,2,1,right,2,down,4,"[16.0, -9.0]","[16.0, -4.0]",0.08904508501291275,0.9109549522399902,false,47.770672200014815,0.9849246144294739,196.0,1.2063546031713486,0.20635460317134857,-0.1563546061515808,0.4608864188194275,0.5388872027397156,2,down,"[16.0, -200.0]","[0.0, -196.0]",20897,20998,0,41895,false,false,false,false,no_successful_seed_or_zoo_point,,,
223,art_cw,dst,dst,model_10.pt,5,5,2,1,right,2,down,4,"[16.0, -9.0]","[16.0, -4.0]",0.08904508501291275,0.9109549522399902,false,5.983286300004693,0.0,0.0,2.3753504753112793,2.3753504753112793,-2.325350522994995,0.08904508501291275,0.9109549522399902,2,down,"[16.0, -4.0]","[0.0, 0.0]",,,,,,,,,,3,250,750
224,ray_zoo,dst,dst,model_10.pt,5,5,2,0,up,2,down,4,"[16.0, -9.0]","[16.0, -4.0]",7.090132055813979e-26,0.9109549522399902,false,47.46637730000657,0.9849246144294739,196.0,10.759153366088867,9.759153366088867,-9.709153175354004,3.272399044362828e-05,0.5388872027397156,2,down,"[16.0, -200.0]","[0.0, -196.0]",20897,20998,0,41895,false,false,false,false,no_successful_seed_or_zoo_point,,,
224,art_cw,dst,dst,model_10.pt,5,5,2,0,up,2,down,4,"[16.0, -9.0]","[16.0, -4.0]",7.090132055813979e-26,0.9109549522399902,false,6.976962899992941,0.0,0.0,57.8652458190918,57.8652458190918,-57.81524658203125,7.090132055813979e-26,0.9109549522399902,2,down,"[16.0, -4.0]","[0.0, 0.0]",,,,,,,,,,3,250,750
225,ray_zoo,dst,dst,model_10.pt,5,6,2,2,down,1,right,4,"[16.0, -9.0]","[16.0, -3.0]",3.3976599745494385e-12,1.0,true,48.64928890002193,0.06295640021562576,7.889673709869385,0.7677632570266724,0.0,0.05106353759765625,0.5127630829811096,0.487236887216568,2,down,"[8.246601104736328, -1.539947509765625]","[-7.753398895263672, 1.460052490234375]",20983,20998,16,41997,true,true,false,false,,,,
225,art_cw,dst,dst,model_10.pt,5,6,2,2,down,1,right,4,"[16.0, -9.0]","[16.0, -3.0]",3.3976599745494385e-12,1.0,false,7.847450299974298,0.0,0.0,26.45793342590332,26.45793342590332,-26.407934188842773,3.3976599745494385e-12,1.0,1,right,"[16.0, -3.0]","[0.0, 0.0]",,,,,,,,,,3,250,750
226,ray_zoo,dst,dst,model_10.pt,5,6,2,0,up,1,right,4,"[16.0, -9.0]","[16.0, -3.0]",4.527595338233484e-42,1.0,false,48.399166400020476,0.9899497628211975,197.0,27.227062225341797,26.227062225341797,-26.17706298828125,4.280021649594179e-12,1.0,1,right,"[16.0, -200.0]","[0.0, -197.0]",20898,20998,0,41896,false,false,false,false,no_successful_seed_or_zoo_point,,,
226,art_cw,dst,dst,model_10.pt,5,6,2,0,up,1,right,4,"[16.0, -9.0]","[16.0, -3.0]",4.527595338233484e-42,1.0,false,8.246602700004587,0.0,0.0,95.24842834472656,95.24842834472656,-95.19842529296875,4.527595338233484e-42,1.0,1,right,"[16.0, -3.0]","[0.0, 0.0]",,,,,,,,,,3,250,750
227,ray_zoo,dst,dst,model_10.pt,5,7,2,2,down,1,right,4,"[16.0, -9.0]","[16.0, -2.0]",2.645291008028448e-17,1.0,true,47.405715200002305,0.0759783461689949,9.426584243774414,0.5088317394256592,0.0,0.050457000732421875,0.5126115679740906,0.4873884320259094,2,down,"[6.58203125, -1.5970674753189087]","[-9.41796875, 0.4029325246810913]",20983,20998,16,41997,true,true,false,false,,,,
227,art_cw,dst,dst,model_10.pt,5,7,2,2,down,1,right,4,"[16.0, -9.0]","[16.0, -2.0]",2.645291008028448e-17,1.0,true,6.321494300005725,0.04560091719031334,5.6847076416015625,0.002079443773254752,0.0,0.936256468296051,0.7183428406715393,0.2816571295261383,2,down,"[10.364734649658203, -1.2518768310546875]","[-5.635265350341797, 0.7481231689453125]",,,,,,,,,,3,250,750
228,ray_zoo,dst,dst,model_10.pt,5,7,2,0,up,1,right,4,"[16.0, -9.0]","[16.0, -2.0]",0.0,1.0,false,47.201086399989435,0.9949748516082764,198.0,27.65432357788086,26.65432357788086,-26.604324340820312,2.791828400405816e-12,1.0,1,right,"[16.0, -200.0]","[0.0, -198.0]",20898,20998,0,41896,false,false,false,false,no_successful_seed_or_zoo_point,,,
228,art_cw,dst,dst,model_10.pt,5,7,2,0,up,1,right,4,"[16.0, -9.0]","[16.0, -2.0]",0.0,1.0,false,9.167257399996743,0.0,0.0,156.0580291748047,156.0580291748047,-156.00802612304688,0.0,1.0,1,right,"[16.0, -2.0]","[0.0, 0.0]",,,,,,,,,,3,250,750
229,ray_zoo,dst,dst,model_10.pt,5,8,2,0,up,2,down,4,"[16.0, -9.0]","[16.0, -1.0]",0.0,1.0,false,48.037815399991814,1.0,199.0,39.48054504394531,38.48054504394531,-38.430545806884766,2.0409200961449488e-17,1.4379020196741976e-09,1,right,"[16.0, -200.0]","[0.0, -199.0]",20893,20998,0,41891,false,false,false,false,no_successful_seed_or_zoo_point,,,
229,art_cw,dst,dst,model_10.pt,5,8,2,0,up,2,down,4,"[16.0, -9.0]","[16.0, -1.0]",0.0,1.0,false,6.542644700006349,0.0,0.0,426.8775939941406,426.8775939941406,-426.8276062011719,0.0,1.0,2,down,"[16.0, -1.0]","[0.0, 0.0]",,,,,,,,,,3,250,750
230,ray_zoo,dst,dst,model_10.pt,5,8,2,1,right,2,down,4,"[16.0, -9.0]","[16.0, -1.0]",0.0,1.0,true,49.154408900009,0.016198230907320976,3.223447799682617,0.00026238267309963703,0.0,0.05145120620727539,0.5128599405288696,0.487140029668808,1,right,"[16.0, -4.223447799682617]","[0.0, -3.223447799682617]",20983,20998,16,41997,true,true,true,true,,,,
230,art_cw,dst,dst,model_10.pt,5,8,2,1,right,2,down,4,"[16.0, -9.0]","[16.0, -1.0]",0.0,1.0,false,6.401884999999311,0.0,0.0,125.38127899169922,125.38127899169922,-125.3312759399414,0.0,1.0,2,down,"[16.0, -1.0]","[0.0, 0.0]",,,,,,,,,,3,250,750
231,ray_zoo,dst,dst,model_10.pt,6,0,2,2,down,1,right,2,"[24.0, -13.0]","[24.0, -13.0]",1.5044354108838254e-13,1.0,true,47.72905910000554,0.054175861179828644,10.702814102172852,0.7899351119995117,0.0,0.05060005187988281,0.5126473307609558,0.4873526990413666,2,down,"[22.967479705810547, -2.34710693359375]","[-1.0325202941894531, 10.65289306640625]",20983,20998,16,41997,true,true,false,false,,,,
231,art_cw,dst,dst,model_10.pt,6,0,2,2,down,1,right,2,"[24.0, -13.0]","[24.0, -13.0]",1.5044354108838254e-13,1.0,false,6.116790400003083,0.0,0.0,29.57518768310547,29.57518768310547,-29.525188446044922,1.5044354108838254e-13,1.0,1,right,"[24.0, -13.0]","[0.0, 0.0]",,,,,,,,,,3,250,750
232,ray_zoo,dst,dst,model_10.pt,6,1,2,2,down,1,right,3,"[24.0, -13.0]","[24.0, -12.0]",0.29633983969688416,0.7036601305007935,true,48.42644690000452,0.03522132709622383,7.0020012855529785,0.40478140115737915,0.0,0.05005067586898804,0.5125100612640381,0.4874899685382843,2,down,"[23.749738693237305, -5.002472400665283]","[-0.2502613067626953, 6.997527599334717]",20983,20998,16,41997,true,true,false,false,,,,
232,art_cw,dst,dst,model_10.pt,6,1,2,2,down,1,right,3,"[24.0, -13.0]","[24.0, -12.0]",0.29633983969688416,0.7036601305007935,false,7.223762799985707,0.0,0.0,0.914788544178009,0.914788544178009,-0.8647885322570801,0.29633983969688416,0.7036601305007935,1,right,"[24.0, -12.0]","[0.0, 0.0]",,,,,,,,,,3,250,750
233,ray_zoo,dst,dst,model_10.pt,6,1,2,3,left,1,right,3,"[24.0, -13.0]","[24.0, -12.0]",7.784371758301489e-11,0.7036601305007935,false,45.98237950002658,0.19355052709579468,24.00068473815918,17.398804783821106,16.39853286743164,-16.348533630371094,4.7151420545787914e-08,0.5937077403068542,1,right,"[0.0, -11.818614959716797]","[-24.0, 0.18138504028320312]",20898,20998,0,41896,false,false,false,false,no_successful_seed_or_zoo_point,,,
233,art_cw,dst,dst,model_10.pt,6,1,2,3,left,1,right,3,"[24.0, -13.0]","[24.0, -12.0]",7.784371758301489e-11,0.7036601305007935,false,7.243542299984256,0.0,0.0,22.974857330322266,22.974857330322266,-22.92485809326172,7.784371758301489e-11,0.7036601305007935,1,right,"[24.0, -12.0]","[0.0, 0.0]",,,,,,,,,,3,250,750
234,ray_zoo,dst,dst,model_10.pt,6,2,2,1,right,2,down,3,"[24.0, -13.0]","[24.0, -11.0]",0.4567365050315857,0.54324871301651,false,46.55730289997882,0.0,0.0,0.22346071898937225,0.22346071898937225,-0.1734607219696045,0.4567365050315857,0.54324871301651,2,down,"[24.0, -11.0]","[0.0, 0.0]",20898,20998,0,41896,false,false,false,false,no_successful_seed_or_zoo_point,,,
234,art_cw,dst,dst,model_10.pt,6,2,2,1,right,2,down,3,"[24.0, -13.0]","[24.0, -11.0]",0.4567365050315857,0.54324871301651,false,6.037184199987678,0.0,0.0,0.22346071898937225,0.22346071898937225,-0.1734607219696045,0.4567365050315857,0.54324871301651,2,down,"[24.0, -11.0]","[0.0, 0.0]",,,,,,,,,,3,250,750
235,ray_zoo,dst,dst,model_10.pt,6,2,2,3,left,2,down,3,"[24.0, -13.0]","[24.0, -11.0]",1.4755900338059291e-05,0.54324871301651,false,47.522478400002,0.19783395528793335,25.346057891845703,8.356444001197815,6.6922173500061035,-6.64221715927124,0.001302365562878549,0.998645007610321,2,down,"[0.0, -2.849989891052246]","[-24.0, 8.150010108947754]",20898,20998,0,41896,false,false,false,false,no_successful_seed_or_zoo_point,,,
235,art_cw,dst,dst,model_10.pt,6,2,2,3,left,2,down,3,"[24.0, -13.0]","[24.0, -11.0]",1.4755900338059291e-05,0.54324871301651,false,7.647393399995053,0.0,0.0,10.563679695129395,10.563679695129395,-10.513679504394531,1.4755900338059291e-05,0.54324871301651,2,down,"[24.0, -11.0]","[0.0, 0.0]",,,,,,,,,,3,250,750
236,ray_zoo,dst,dst,model_10.pt,6,3,2,1,right,2,down,4,"[24.0, -13.0]","[24.0, -10.0]",0.30869099497795105,0.6913089752197266,false,48.95991929998854,0.9547738432884216,190.0,1.305523157119751,0.305523157119751,-0.255523145198822,0.4364604949951172,0.5635302662849426,2,down,"[24.0, -200.0]","[0.0, -190.0]",20898,20998,0,41896,false,false,false,false,no_successful_seed_or_zoo_point,,,
236,art_cw,dst,dst,model_10.pt,6,3,2,1,right,2,down,4,"[24.0, -13.0]","[24.0, -10.0]",0.30869099497795105,0.6913089752197266,false,6.980973600002471,0.0,0.0,0.8562461733818054,0.8562461733818054,-0.8062461614608765,0.30869099497795105,0.6913089752197266,2,down,"[24.0, -10.0]","[0.0, 0.0]",,,,,,,,,,3,250,750
237,ray_zoo,dst,dst,model_10.pt,6,3,2,3,left,2,down,4,"[24.0, -13.0]","[24.0, -10.0]",3.342010349016711e-11,0.6913089752197266,false,48.25130380000337,0.9547738432884216,190.0,12.281564712524414,11.281564712524414,-11.23156452178955,7.466391252819449e-06,0.5635302662849426,2,down,"[24.0, -200.0]","[0.0, -190.0]",20898,20998,0,41896,false,false,false,false,no_successful_seed_or_zoo_point,,,
237,art_cw,dst,dst,model_10.pt,6,3,2,3,left,2,down,4,"[24.0, -13.0]","[24.0, -10.0]",3.342010349016711e-11,0.6913089752197266,false,7.0406687000067905,0.0,0.0,23.80269432067871,23.80269432067871,-23.752695083618164,3.342010349016711e-11,0.6913089752197266,2,down,"[24.0, -10.0]","[0.0, 0.0]",,,,,,,,,,3,250,750
238,ray_zoo,dst,dst,model_10.pt,6,4,2,2,down,1,right,4,"[24.0, -13.0]","[24.0, -9.0]",8.95237306508534e-09,1.0,true,48.386050699977204,0.05979917570948601,9.671131134033203,1.0375686883926392,0.0,0.05016517639160156,0.5125386714935303,0.4874613285064697,2,down,"[18.47576332092285, -1.0618896484375]","[-5.524236679077148, 7.9381103515625]",20983,20998,16,41997,true,true,false,false,,,,
238,art_cw,dst,dst,model_10.pt,6,4,2,2,down,1,right,4,"[24.0, -13.0]","[24.0, -9.0]",8.95237306508534e-09,1.0,false,7.927863799995976,0.0,0.0,18.58134651184082,18.58134651184082,-18.531347274780273,8.95237306508534e-09,1.0,1,right,"[24.0, -9.0]","[0.0, 0.0]",,,,,,,,,,3,250,750
239,ray_zoo,dst,dst,model_10.pt,6,4,2,0,up,1,right,4,"[24.0, -13.0]","[24.0, -9.0]",1.0750649231516113e-13,1.0,false,48.15814149999642,0.9597989916801453,191.0,22.128013610839844,21.128013610839844,-21.078014373779297,7.013480907147596e-10,0.999997615814209,1,right,"[24.0, -200.0]","[0.0, -191.0]",20898,20998,0,41896,false,false,false,false,no_successful_seed_or_zoo_point,,,
239,art_cw,dst,dst,model_10.pt,6,4,2,0,up,1,right,4,"[24.0, -13.0]","[24.0, -9.0]",1.0750649231516113e-13,1.0,false,6.973988700017799,0.0,0.0,29.911224365234375,29.911224365234375,-29.861225128173828,1.0750649231516113e-13,1.0,1,right,"[24.0, -9.0]","[0.0, 0.0]",,,,,,,,,,3,250,750
240,ray_zoo,dst,dst,model_10.pt,6,5,2,1,right,2,down,4,"[24.0, -13.0]","[24.0, -8.0]",0.30891457200050354,0.6910854578018188,false,48.9794085000176,0.9648241400718689,192.0,1.2063646763563156,0.2063646763563156,-0.15636467933654785,0.46088412404060364,0.5388899445533752,2,down,"[24.0, -200.0]","[0.0, -192.0]",20898,20998,0,41896,false,false,false,false,no_successful_seed_or_zoo_point,,,
240,art_cw,dst,dst,model_10.pt,6,5,2,1,right,2,down,4,"[24.0, -13.0]","[24.0, -8.0]",0.30891457200050354,0.6910854578018188,false,8.128437500010477,0.0,0.0,0.8551986813545227,0.8551986813545227,-0.8051986694335938,0.30891457200050354,0.6910854578018188,2,down,"[24.0, -8.0]","[0.0, 0.0]",,,,,,,,,,3,250,750
241,ray_zoo,dst,dst,model_10.pt,6,5,2,3,left,2,down,4,"[24.0, -13.0]","[24.0, -8.0]",3.428779482561595e-11,0.6910854578018188,false,47.92581449999125,0.9648241400718689,192.0,8.982948303222656,7.982948303222656,-7.932948112487793,0.00019331451039761305,0.5388899445533752,2,down,"[24.0, -200.0]","[0.0, -192.0]",20898,20998,0,41896,false,false,false,false,no_successful_seed_or_zoo_point,,,
241,art_cw,dst,dst,model_10.pt,6,5,2,3,left,2,down,4,"[24.0, -13.0]","[24.0, -8.0]",3.428779482561595e-11,0.6910854578018188,false,7.944610400008969,0.0,0.0,23.7767391204834,23.7767391204834,-23.72673988342285,3.428779482561595e-11,0.6910854578018188,2,down,"[24.0, -8.0]","[0.0, 0.0]",,,,,,,,,,3,250,750
242,ray_zoo,dst,dst,model_10.pt,6,6,2,2,down,1,right,4,"[24.0, -13.0]","[24.0, -7.0]",6.172975325346997e-11,1.0,true,48.062792300013825,0.07873906195163727,10.832862854003906,1.141234278678894,0.0,0.05071258544921875,0.5126754641532898,0.4873245656490326,2,down,"[14.980525970458984, -1.0]","[-9.019474029541016, 6.0]",20983,20998,16,41997,true,true,true,false,,,,
242,art_cw,dst,dst,model_10.pt,6,6,2,2,down,1,right,4,"[24.0, -13.0]","[24.0, -7.0]",6.172975325346997e-11,1.0,false,9.012022100010654,0.0,0.0,23.55825424194336,23.55825424194336,-23.508255004882812,6.172975325346997e-11,1.0,1,right,"[24.0, -7.0]","[0.0, 0.0]",,,,,,,,,,3,250,750
243,ray_zoo,dst,dst,model_10.pt,6,6,2,0,up,1,right,4,"[24.0, -13.0]","[24.0, -7.0]",1.558213193891822e-13,1.0,false,48.28967040000134,0.9698492288589478,193.0,27.228715896606445,26.228715896606445,-26.1787166595459,4.2729496156634905e-12,1.0,1,right,"[24.0, -200.0]","[0.0, -193.0]",20898,20998,0,41896,false,false,false,false,no_successful_seed_or_zoo_point,,,
243,art_cw,dst,dst,model_10.pt,6,6,2,0,up,1,right,4,"[24.0, -13.0]","[24.0, -7.0]",1.558213193891822e-13,1.0,false,8.136321700003464,0.0,0.0,29.54006576538086,29.54006576538086,-29.490066528320312,1.558213193891822e-13,1.0,1,right,"[24.0, -7.0]","[0.0, 0.0]",,,,,,,,,,3,250,750
244,ray_zoo,dst,dst,model_10.pt,6,7,2,2,down,1,right,4,"[24.0, -13.0]","[24.0, -6.0]",2.0501006762433521e-13,1.0,true,48.68324620000203,0.08932510018348694,11.746397972106934,1.1961420774459839,0.0,0.051097869873046875,0.5127716660499573,0.48722830414772034,2,down,"[13.370895385742188, -1.0]","[-10.629104614257812, 5.0]",20983,20998,16,41997,true,true,true,false,,,,
244,art_cw,dst,dst,model_10.pt,6,7,2,2,down,1,right,4,"[24.0, -13.0]","[24.0, -6.0]",2.0501006762433521e-13,1.0,false,8.72295419999864,0.0,0.0,29.265716552734375,29.265716552734375,-29.215717315673828,2.0501006762433521e-13,1.0,1,right,"[24.0, -6.0]","[0.0, 0.0]",,,,,,,,,,3,250,750
245,ray_zoo,dst,dst,model_10.pt,6,7,2,0,up,1,right,4,"[24.0, -13.0]","[24.0, -6.0]",2.752306242462965e-16,1.0,false,47.58544830000028,0.9748743772506714,194.0,27.65597915649414,26.65597915649414,-26.605979919433594,2.7872101328318966e-12,1.0,1,right,"[24.0, -200.0]","[0.0, -194.0]",20898,20998,0,41896,false,false,false,false,no_successful_seed_or_zoo_point,,,
245,art_cw,dst,dst,model_10.pt,6,7,2,0,up,1,right,4,"[24.0, -13.0]","[24.0, -6.0]",2.752306242462965e-16,1.0,false,8.913569399999687,0.0,0.0,35.87892150878906,35.87892150878906,-35.828922271728516,2.752306242462965e-16,1.0,1,right,"[24.0, -6.0]","[0.0, 0.0]",,,,,,,,,,3,250,750
246,ray_zoo,dst,dst,model_10.pt,6,8,2,2,down,1,right,4,"[24.0, -13.0]","[24.0, -5.0]",2.988649683288713e-08,1.0,true,48.330931600008626,0.003919876180589199,0.7508751153945923,0.03351540118455887,0.0,0.050258636474609375,0.5125619769096375,0.4874379634857178,2,down,"[23.83161163330078, -4.26824951171875]","[-0.16838836669921875, 0.73175048828125]",20983,20998,16,41997,true,true,false,false,,,,
246,art_cw,dst,dst,model_10.pt,6,8,2,2,down,1,right,4,"[24.0, -13.0]","[24.0, -5.0]",2.988649683288713e-08,1.0,true,9.06564499999513,0.004357327241450548,0.8465031385421753,1.8986302166013047e-05,0.0,1.9267514944076538,0.8728894591331482,0.1271105855703354,2,down,"[23.850296020507812, -4.166839599609375]","[-0.1497039794921875, 0.833160400390625]",,,,,,,,,,3,250,750
247,ray_zoo,dst,dst,model_10.pt,6,8,2,0,up,1,right,4,"[24.0, -13.0]","[24.0, -5.0]",3.424624830679975e-29,1.0,false,48.92858589999378,0.979899525642395,195.0,39.48217010498047,38.48217010498047,-38.43217086791992,2.037606245174939e-17,1.0,1,right,"[24.0, -200.0]","[0.0, -195.0]",20897,20998,0,41895,false,false,false,false,no_successful_seed_or_zoo_point,,,
247,art_cw,dst,dst,model_10.pt,6,8,2,0,up,1,right,4,"[24.0, -13.0]","[24.0, -5.0]",3.424624830679975e-29,1.0,false,5.897628200007603,0.0,0.0,65.59397888183594,65.59397888183594,-65.54397583007812,3.424624830679975e-29,1.0,1,right,"[24.0, -5.0]","[0.0, 0.0]",,,,,,,,,,3,250,750
248,ray_zoo,dst,dst,model_10.pt,6,9,2,1,right,2,down,4,"[24.0, -13.0]","[24.0, -4.0]",1.3545545130000392e-07,0.9999998807907104,true,48.17980899999384,0.07348709553480148,14.449368476867676,0.005673100706189871,0.0,0.0500832200050354,0.5125182271003723,0.48748183250427246,1,right,"[25.79479217529297, -18.337467193603516]","[1.7947921752929688, -14.337467193603516]",20983,20998,16,41997,true,true,true,true,,,,
248,art_cw,dst,dst,model_10.pt,6,9,2,1,right,2,down,4,"[24.0, -13.0]","[24.0, -4.0]",1.3545545130000392e-07,0.9999998807907104,false,9.155589700007113,0.0,0.0,15.864623069763184,15.864623069763184,-15.81462287902832,1.3545545130000392e-07,0.9999998807907104,2,down,"[24.0, -4.0]","[0.0, 0.0]",,,,,,,,,,3,250,750
249,ray_zoo,dst,dst,model_10.pt,6,9,2,0,up,2,down,4,"[24.0, -13.0]","[24.0, -4.0]",4.176842750803563e-34,0.9999998807907104,false,47.85381920001237,0.9849246144294739,196.0,25.121097564697266,24.121097564697266,-24.07109832763672,1.992485516855158e-11,0.5666831731796265,2,down,"[24.0, -200.0]","[0.0, -196.0]",20897,20998,0,41895,false,false,false,false,no_successful_seed_or_zoo_point,,,
249,art_cw,dst,dst,model_10.pt,6,9,2,0,up,2,down,4,"[24.0, -13.0]","[24.0, -4.0]",4.176842750803563e-34,0.9999998807907104,false,8.09586460000719,0.0,0.0,76.90834045410156,76.90834045410156,-76.85833740234375,4.176842750803563e-34,0.9999998807907104,2,down,"[24.0, -4.0]","[0.0, 0.0]",,,,,,,,,,3,250,750
250,ray_zoo,dst,dst,model_10.pt,7,0,2,2,down,1,right,2,"[50.0, -14.0]","[50.0, -14.0]",7.278472800593266e-14,1.0,true,45.67689909998444,0.1430002599954605,20.139850616455078,0.9846745729446411,0.0,0.051509857177734375,0.5128746032714844,0.4871253967285156,2,down,"[33.98294448852539, -1.790679931640625]","[-16.01705551147461, 12.209320068359375]",20983,20998,16,41997,true,true,false,false,,,,
250,art_cw,dst,dst,model_10.pt,7,0,2,2,down,1,right,2,"[50.0, -14.0]","[50.0, -14.0]",7.278472800593266e-14,1.0,false,7.282662599987816,0.0,0.0,30.30126953125,30.30126953125,-30.251270294189453,7.278472800593266e-14,1.0,1,right,"[50.0, -14.0]","[0.0, 0.0]",,,,,,,,,,3,250,750
251,ray_zoo,dst,dst,model_10.pt,7,1,2,2,down,1,right,3,"[50.0, -14.0]","[50.0, -13.0]",0.29137900471687317,0.7086210250854492,true,47.57128709999961,0.03975444287061691,7.911133766174316,0.4346252977848053,0.0,0.050060272216796875,0.5125125050544739,0.4874875247478485,2,down,"[50.0, -5.088866233825684]","[0.0, 7.911133766174316]",20983,20998,16,41997,true,true,true,false,,,,
251,art_cw,dst,dst,model_10.pt,7,1,2,2,down,1,right,3,"[50.0, -14.0]","[50.0, -13.0]",0.29137900471687317,0.7086210250854492,false,9.771126699983142,0.0,0.0,0.938696026802063,0.938696026802063,-0.888696014881134,0.29137900471687317,0.7086210250854492,1,right,"[50.0, -13.0]","[0.0, 0.0]",,,,,,,,,,3,250,750
252,ray_zoo,dst,dst,model_10.pt,7,1,2,3,left,1,right,3,"[50.0, -14.0]","[50.0, -13.0]",4.608078675583105e-12,0.7086210250854492,false,47.72478719998617,0.403269499540329,50.013954162597656,17.40822124481201,16.398530960083008,-16.34853172302246,4.715150225820253e-08,0.5937076807022095,1,right,"[0.0, -11.818731307983398]","[-50.0, 1.1812686920166016]",20898,20998,0,41896,false,false,false,false,no_successful_seed_or_zoo_point,,,
252,art_cw,dst,dst,model_10.pt,7,1,2,3,left,1,right,3,"[50.0, -14.0]","[50.0, -13.0]",4.608078675583105e-12,0.7086210250854492,false,8.335154100001091,0.0,0.0,25.808774948120117,25.808774948120117,-25.75877571105957,4.608078675583105e-12,0.7086210250854492,1,right,"[50.0, -13.0]","[0.0, 0.0]",,,,,,,,,,3,250,750
253,ray_zoo,dst,dst,model_10.pt,7,2,2,1,right,2,down,3,"[50.0, -14.0]","[50.0, -12.0]",0.44553762674331665,0.5544623732566833,false,48.40606390000903,0.209737628698349,26.019224166870117,0.26745058968663216,0.22346071898937225,-0.1734607219696045,0.4567365050315857,0.54324871301651,2,down,"[24.0, -11.0]","[-26.0, 1.0]",20898,20998,0,41896,false,false,false,false,no_successful_seed_or_zoo_point,,,
253,art_cw,dst,dst,model_10.pt,7,2,2,1,right,2,down,3,"[50.0, -14.0]","[50.0, -12.0]",0.44553762674331665,0.5544623732566833,false,9.814450600009877,0.0,0.0,0.26871728897094727,0.26871728897094727,-0.2187172770500183,0.44553762674331665,0.5544623732566833,2,down,"[50.0, -12.0]","[0.0, 0.0]",,,,,,,,,,3,250,750
254,ray_zoo,dst,dst,model_10.pt,7,2,2,3,left,2,down,3,"[50.0, -14.0]","[50.0, -12.0]",1.6250643497528472e-08,0.5544623732566833,false,48.13610430000699,0.40583983063697815,50.830623626708984,8.384525299072266,6.692358493804932,-6.642358303070068,0.0013021830236539245,0.998646080493927,2,down,"[0.0, -2.8483781814575195]","[-50.0, 9.15162181854248]",20898,20998,0,41896,false,false,false,false,no_successful_seed_or_zoo_point,,,
254,art_cw,dst,dst,model_10.pt,7,2,2,3,left,2,down,3,"[50.0, -14.0]","[50.0, -12.0]",1.6250643497528472e-08,0.5544623732566833,false,7.152322899986757,0.0,0.0,17.395376205444336,17.395376205444336,-17.34537696838379,1.6250643497528472e-08,0.5544623732566833,2,down,"[50.0, -12.0]","[0.0, 0.0]",,,,,,,,,,3,250,750
255,ray_zoo,dst,dst,model_10.pt,7,3,2,1,right,2,down,4,"[50.0, -14.0]","[50.0, -11.0]",0.3540845215320587,0.6459155082702637,false,47.19207950000418,0.8163336515426636,133.27658081054688,1.7219100594520569,0.3779485821723938,-0.32794857025146484,0.41873976588249207,0.581260085105896,2,down,"[124.0, -121.84516143798828]","[74.0, -110.84516143798828]",20898,20998,0,41896,false,false,false,false,no_successful_seed_or_zoo_point,,,
255,art_cw,dst,dst,model_10.pt,7,3,2,1,right,2,down,4,"[50.0, -14.0]","[50.0, -11.0]",0.3540845215320587,0.6459155082702637,false,8.28817529999651,0.0,0.0,0.6511330008506775,0.6511330008506775,-0.6011329889297485,0.3540845215320587,0.6459155082702637,2,down,"[50.0, -11.0]","[0.0, 0.0]",,,,,,,,,,3,250,750
256,ray_zoo,dst,dst,model_10.pt,7,3,2,3,left,2,down,4,"[50.0, -14.0]","[50.0, -11.0]",6.189812551404827e-10,0.6459155082702637,false,47.131726899999194,0.7262619733810425,110.7263412475586,16.407693028450012,15.217767715454102,-15.167767524719238,1.5835716737910843e-07,0.6122311949729919,2,down,"[124.0, -93.36700439453125]","[74.0, -82.36700439453125]",20898,20998,0,41896,false,false,false,false,no_successful_seed_or_zoo_point,,,
256,art_cw,dst,dst,model_10.pt,7,3,2,3,left,2,down,4,"[50.0, -14.0]","[50.0, -11.0]",6.189812551404827e-10,0.6459155082702637,false,6.94106230000034,0.0,0.0,20.815858840942383,20.815858840942383,-20.765859603881836,6.189812551404827e-10,0.6459155082702637,2,down,"[50.0, -11.0]","[0.0, 0.0]",,,,,,,,,,3,250,750
257,ray_zoo,dst,dst,model_10.pt,7,4,2,2,down,1,right,4,"[50.0, -14.0]","[50.0, -10.0]",6.277895425732538e-10,1.0,true,48.341414800001075,0.2518136203289032,32.00849533081055,1.3774174451828003,0.0,0.05040740966796875,0.5125991702079773,0.4874008297920227,2,down,"[19.28284454345703, -1.0]","[-30.71715545654297, 9.0]",20983,20998,16,41997,true,true,true,false,,,,
257,art_cw,dst,dst,model_10.pt,7,4,2,2,down,1,right,4,"[50.0, -14.0]","[50.0, -10.0]",6.277895425732538e-10,1.0,false,9.142760400020052,0.0,0.0,21.238815307617188,21.238815307617188,-21.18881607055664,6.277895425732538e-10,1.0,1,right,"[50.0, -10.0]","[0.0, 0.0]",,,,,,,,,,3,250,750
258,ray_zoo,dst,dst,model_10.pt,7,4,2,0,up,1,right,4,"[50.0, -14.0]","[50.0, -10.0]",9.485559869715958e-16,1.0,false,47.804048000019975,0.4043755531311035,50.36635971069336,11.663076043128967,10.209120750427246,-10.159120559692383,3.8698937714798376e-05,0.9994224309921265,1,right,"[0.0, -3.9361419677734375]","[-50.0, 6.0638580322265625]",20898,20998,0,41896,false,false,false,false,no_successful_seed_or_zoo_point,,,
258,art_cw,dst,dst,model_10.pt,7,4,2,0,up,1,right,4,"[50.0, -14.0]","[50.0, -10.0]",9.485559869715958e-16,1.0,false,8.345627300004708,0.0,0.0,34.6415901184082,34.6415901184082,-34.591590881347656,9.485559869715958e-16,1.0,1,right,"[50.0, -10.0]","[0.0, 0.0]",,,,,,,,,,3,250,750
259,ray_zoo,dst,dst,model_10.pt,7,5,2,1,right,2,down,4,"[50.0, -14.0]","[50.0, -9.0]",0.365174800157547,0.6348251700401306,false,48.40610520000337,0.8185696005821228,133.81858825683594,1.6603012681007385,0.3195372223854065,-0.26953721046447754,0.4330206513404846,0.5669792294502258,2,down,"[124.0, -120.49625396728516]","[74.0, -111.49625396728516]",20898,20998,0,41896,false,false,false,false,no_successful_seed_or_zoo_point,,,
259,art_cw,dst,dst,model_10.pt,7,5,2,1,right,2,down,4,"[50.0, -14.0]","[50.0, -9.0]",0.365174800157547,0.6348251700401306,false,6.831875800009584,0.0,0.0,0.6029735803604126,0.6029735803604126,-0.5529735684394836,0.365174800157547,0.6348251700401306,2,down,"[50.0, -9.0]","[0.0, 0.0]",,,,,,,,,,3,250,750
260,ray_zoo,dst,dst,model_10.pt,7,5,2,3,left,2,down,4,"[50.0, -14.0]","[50.0, -9.0]",3.4024921768960326e-10,0.6348251700401306,false,48.6115632999863,0.6612735986709595,93.21671295166016,17.450271368026733,16.3621883392334,-16.31218910217285,4.9272923519083633e-08,0.598276674747467,2,down,"[124.0, -65.68646240234375]","[74.0, -56.68646240234375]",20898,20998,0,41896,false,false,false,false,no_successful_seed_or_zoo_point,,,
260,art_cw,dst,dst,model_10.pt,7,5,2,3,left,2,down,4,"[50.0, -14.0]","[50.0, -9.0]",3.4024921768960326e-10,0.6348251700401306,false,8.000941999984207,0.0,0.0,21.396936416625977,21.396936416625977,-21.34693717956543,3.4024921768960326e-10,0.6348251700401306,2,down,"[50.0, -9.0]","[0.0, 0.0]",,,,,,,,,,3,250,750
261,ray_zoo,dst,dst,model_10.pt,7,6,2,2,down,1,right,4,"[50.0, -14.0]","[50.0, -8.0]",2.468108530051527e-11,1.0,true,49.26468619998195,0.28459838032722473,35.712364196777344,1.490549087524414,0.0,0.05130195617675781,0.512822687625885,0.487177312374115,2,down,"[14.980392456054688, -1.0]","[-35.01960754394531, 7.0]",20983,20998,16,41997,true,true,true,false,,,,
261,art_cw,dst,dst,model_10.pt,7,6,2,2,down,1,right,4,"[50.0, -14.0]","[50.0, -8.0]",2.468108530051527e-11,1.0,false,8.179762800020399,0.0,0.0,24.47498321533203,24.47498321533203,-24.424983978271484,2.468108530051527e-11,1.0,1,right,"[50.0, -8.0]","[0.0, 0.0]",,,,,,,,,,3,250,750
262,ray_zoo,dst,dst,model_10.pt,7,6,2,0,up,1,right,4,"[50.0, -14.0]","[50.0, -8.0]",3.3915620606953445e-15,1.0,false,47.91661919999751,0.40390750765800476,50.2174186706543,12.465061068534851,11.02038288116455,-10.970382690429688,1.7201828086399473e-05,0.9998878240585327,1,right,"[0.0, -3.332106113433838]","[-50.0, 4.667893886566162]",20895,20998,0,41893,false,false,false,false,no_successful_seed_or_zoo_point,,,
262,art_cw,dst,dst,model_10.pt,7,6,2,0,up,1,right,4,"[50.0, -14.0]","[50.0, -8.0]",3.3915620606953445e-15,1.0,false,6.871985700010555,0.0,0.0,33.36748504638672,33.36748504638672,-33.31748580932617,3.3915620606953445e-15,1.0,1,right,"[50.0, -8.0]","[0.0, 0.0]",,,,,,,,,,3,250,750
263,ray_zoo,dst,dst,model_10.pt,7,7,2,2,down,1,right,4,"[50.0, -14.0]","[50.0, -7.0]",1.9577014434470769e-13,1.0,true,48.42586950000259,0.29693156480789185,37.117366790771484,1.5366795063018799,0.0,0.0516204833984375,0.5129022598266602,0.48709776997566223,2,down,"[13.370792388916016, -1.0]","[-36.629207611083984, 6.0]",20983,20998,16,41997,true,true,true,false,,,,
263,art_cw,dst,dst,model_10.pt,7,7,2,2,down,1,right,4,"[50.0, -14.0]","[50.0, -7.0]",1.9577014434470769e-13,1.0,false,8.040234899992356,0.0,0.0,29.31183433532715,29.31183433532715,-29.2618350982666,1.9577014434470769e-13,1.0,1,right,"[50.0, -7.0]","[0.0, 0.0]",,,,,,,,,,3,250,750
264,ray_zoo,dst,dst,model_10.pt,7,7,2,0,up,1,right,4,"[50.0, -14.0]","[50.0, -7.0]",2.8547384661700194e-16,1.0,false,48.72902689999319,0.6762840747833252,97.3880844116211,34.44696748256683,33.33935546875,-33.28935623168945,3.488319904809624e-15,1.0,1,right,"[124.0, -70.3122329711914]","[74.0, -63.312232971191406]",20897,20998,0,41895,false,false,false,false,no_successful_seed_or_zoo_point,,,
264,art_cw,dst,dst,model_10.pt,7,7,2,0,up,1,right,4,"[50.0, -14.0]","[50.0, -7.0]",2.8547384661700194e-16,1.0,false,8.001079600013327,0.0,0.0,35.84238052368164,35.84238052368164,-35.792381286621094,2.8547384661700194e-16,1.0,1,right,"[50.0, -7.0]","[0.0, 0.0]",,,,,,,,,,3,250,750
265,ray_zoo,dst,dst,model_10.pt,7,8,2,2,down,1,right,4,"[50.0, -14.0]","[50.0, -6.0]",2.4263242456856737e-11,1.0,true,47.19775160000427,0.01007885206490755,2.0056915283203125,0.1609119474887848,0.0,0.05279946327209473,0.5131967663764954,0.48680317401885986,2,down,"[50.0, -3.9943084716796875]","[0.0, 2.0056915283203125]",20983,20998,16,41997,true,true,false,false,,,,
265,art_cw,dst,dst,model_10.pt,7,8,2,2,down,1,right,4,"[50.0, -14.0]","[50.0, -6.0]",2.4263242456856737e-11,1.0,true,8.076496900001075,0.0115721570327878,2.278550148010254,0.00013391481479629874,0.0,6.449014663696289,0.9984204769134521,0.0015795811777934432,2,down,"[50.265872955322266, -3.7370147705078125]","[0.2658729553222656, 2.2629852294921875]",,,,,,,,,,3,250,750
266,ray_zoo,dst,dst,model_10.pt,7,8,2,0,up,1,right,4,"[50.0, -14.0]","[50.0, -6.0]",3.6806507352495226e-29,1.0,false,47.87101279999479,0.68156898021698,98.8363265991211,46.3003545999527,45.18629837036133,-45.13629913330078,2.4977810732941182e-20,1.0,1,right,"[124.0, -71.5180892944336]","[74.0, -65.5180892944336]",20898,20998,0,41896,false,false,false,false,no_successful_seed_or_zoo_point,,,
266,art_cw,dst,dst,model_10.pt,7,8,2,0,up,1,right,4,"[50.0, -14.0]","[50.0, -6.0]",3.6806507352495226e-29,1.0,false,8.054277599992929,0.0,0.0,65.52188110351562,65.52188110351562,-65.47187805175781,3.6806507352495226e-29,1.0,1,right,"[50.0, -6.0]","[0.0, 0.0]",,,,,,,,,,3,250,750
267,ray_zoo,dst,dst,model_10.pt,7,9,2,1,right,2,down,4,"[50.0, -14.0]","[50.0, -5.0]",0.19347824156284332,0.8065217733383179,true,46.92078880002373,0.0969618633389473,19.29541015625,0.009791264310479164,0.0,0.050195157527923584,0.5125461220741272,0.4874538481235504,1,right,"[50.0, -24.29541015625]","[0.0, -19.29541015625]",20983,20998,16,41997,true,true,true,true,,,,
267,art_cw,dst,dst,model_10.pt,7,9,2,1,right,2,down,4,"[50.0, -14.0]","[50.0, -5.0]",0.19347824156284332,0.8065217733383179,false,7.565355300001102,0.0,0.0,1.4775657653808594,1.4775657653808594,-1.4275658130645752,0.19347824156284332,0.8065217733383179,2,down,"[50.0, -5.0]","[0.0, 0.0]",,,,,,,,,,3,250,750
268,ray_zoo,dst,dst,model_10.pt,7,9,2,0,up,2,down,4,"[50.0, -14.0]","[50.0, -5.0]",3.5009877623005674e-18,0.8065217733383179,false,48.479872399999294,0.7480950951576233,116.34033203125,29.798672437667847,28.58673095703125,-28.536731719970703,3.35043055582282e-13,0.17120759189128876,1,right,"[124.0, -94.7723388671875]","[74.0, -89.7723388671875]",20898,20998,0,41896,false,false,false,false,no_successful_seed_or_zoo_point,,,
268,art_cw,dst,dst,model_10.pt,7,9,2,0,up,2,down,4,"[50.0, -14.0]","[50.0, -5.0]",3.5009877623005674e-18,0.8065217733383179,false,7.893753999989713,0.0,0.0,40.02846145629883,40.02846145629883,-39.97846221923828,3.5009877623005674e-18,0.8065217733383179,2,down,"[50.0, -5.0]","[0.0, 0.0]",,,,,,,,,,3,250,750
269,ray_zoo,dst,dst,model_10.pt,8,0,2,2,down,1,right,2,"[74.0, -17.0]","[74.0, -17.0]",1.2416809117357652e-13,1.0,true,49.333001299994066,0.267984002828598,35.50825500488281,1.1834981441497803,0.0,0.05087852478027344,0.5127168893814087,0.4872830808162689,2,down,"[42.30084991455078, -1.0]","[-31.69915008544922, 16.0]",20983,20998,16,41997,true,true,true,false,,,,
269,art_cw,dst,dst,model_10.pt,8,0,2,2,down,1,right,2,"[74.0, -17.0]","[74.0, -17.0]",1.2416809117357652e-13,1.0,false,8.1132501999964,0.0,0.0,29.767139434814453,29.767139434814453,-29.717140197753906,1.2416809117357652e-13,1.0,1,right,"[74.0, -17.0]","[0.0, 0.0]",,,,,,,,,,3,250,750
270,ray_zoo,dst,dst,model_10.pt,8,1,2,2,down,1,right,3,"[74.0, -17.0]","[74.0, -16.0]",0.29138290882110596,0.708617091178894,true,48.445000100007746,0.05092711001634598,10.13449478149414,0.4564799666404724,0.0,0.05000925064086914,0.5124996900558472,0.48750028014183044,2,down,"[74.0, -5.865505218505859]","[0.0, 10.13449478149414]",20983,20998,16,41997,true,true,true,false,,,,
270,art_cw,dst,dst,model_10.pt,8,1,2,2,down,1,right,3,"[74.0, -17.0]","[74.0, -16.0]",0.29138290882110596,0.708617091178894,false,9.580538999987766,0.0,0.0,0.938677191734314,0.938677191734314,-0.888677179813385,0.29138290882110596,0.708617091178894,1,right,"[74.0, -16.0]","[0.0, 0.0]",,,,,,,,,,3,250,750
271,ray_zoo,dst,dst,model_10.pt,8,1,2,3,left,1,right,3,"[74.0, -17.0]","[74.0, -16.0]",4.5991409465540034e-12,0.708617091178894,false,47.97574069999973,0.597143828868866,74.11798095703125,17.476179361343384,16.398513793945312,-16.348514556884766,4.7152276749784505e-08,0.5937072038650513,1,right,"[0.0, -11.819717407226562]","[-74.0, 4.1802825927734375]",20898,20998,0,41896,false,false,false,false,no_successful_seed_or_zoo_point,,,
271,art_cw,dst,dst,model_10.pt,8,1,2,3,left,1,right,3,"[74.0, -17.0]","[74.0, -16.0]",4.5991409465540034e-12,0.708617091178894,false,9.927192899980582,0.0,0.0,25.810710906982422,25.810710906982422,-25.760711669921875,4.5991409465540034e-12,0.708617091178894,1,right,"[74.0, -16.0]","[0.0, 0.0]",,,,,,,,,,3,250,750
272,ray_zoo,dst,dst,model_10.pt,8,2,2,1,right,2,down,3,"[74.0, -17.0]","[74.0, -15.0]",0.4455074369907379,0.5544925332069397,false,47.54992260001018,0.4037264883518219,50.15974426269531,0.38645580410957336,0.22346071898937225,-0.1734607219696045,0.4567365050315857,0.54324871301651,2,down,"[24.0, -11.0]","[-50.0, 4.0]",20898,20998,0,41896,false,false,false,false,no_successful_seed_or_zoo_point,,,
272,art_cw,dst,dst,model_10.pt,8,2,2,1,right,2,down,3,"[74.0, -17.0]","[74.0, -15.0]",0.4455074369907379,0.5544925332069397,false,9.68941970000742,0.0,0.0,0.26883941888809204,0.26883941888809204,-0.21883940696716309,0.4455074369907379,0.5544925332069397,2,down,"[74.0, -15.0]","[0.0, 0.0]",,,,,,,,,,3,250,750
273,ray_zoo,dst,dst,model_10.pt,8,2,2,3,left,2,down,3,"[74.0, -17.0]","[74.0, -15.0]",1.5954713106225427e-08,0.5544925332069397,false,46.441792399971746,0.5998899936676025,74.99102783203125,8.44567060470581,6.692331790924072,-6.642331600189209,0.0013022173661738634,0.9986457228660583,2,down,"[0.0, -2.8486862182617188]","[-74.0, 12.151313781738281]",20898,20998,0,41896,false,false,false,false,no_successful_seed_or_zoo_point,,,
273,art_cw,dst,dst,model_10.pt,8,2,2,3,left,2,down,3,"[74.0, -17.0]","[74.0, -15.0]",1.5954713106225427e-08,0.5544925332069397,false,8.626877299975604,0.0,0.0,17.413808822631836,17.413808822631836,-17.36380958557129,1.5954713106225427e-08,0.5544925332069397,2,down,"[74.0, -15.0]","[0.0, 0.0]",,,,,,,,,,3,250,750
274,ray_zoo,dst,dst,model_10.pt,8,3,2,1,right,2,down,4,"[74.0, -17.0]","[74.0, -14.0]",0.35423967242240906,0.6457602977752686,false,48.66100870000082,0.6751699447631836,118.80036163330078,1.7136384844779968,0.3779485821723938,-0.32794857025146484,0.41873976588249207,0.581260085105896,2,down,"[124.0, -121.76606750488281]","[50.0, -107.76606750488281]",20897,20998,0,41895,false,false,false,false,no_successful_seed_or_zoo_point,,,
274,art_cw,dst,dst,model_10.pt,8,3,2,1,right,2,down,4,"[74.0, -17.0]","[74.0, -14.0]",0.35423967242240906,0.6457602977752686,false,9.13394899998093,0.0,0.0,0.6504546999931335,0.6504546999931335,-0.6004546880722046,0.35423967242240906,0.6457602977752686,2,down,"[74.0, -14.0]","[0.0, 0.0]",,,,,,,,,,3,250,750
275,ray_zoo,dst,dst,model_10.pt,8,3,2,3,left,2,down,4,"[74.0, -17.0]","[74.0, -14.0]",5.964834182137224e-10,0.6457602977752686,false,48.08915850002086,0.5999009609222412,74.99449157714844,5.306351184844971,3.429584264755249,-3.379584312438965,0.03293963149189949,0.9670603275299072,2,down,"[0.0, -1.8273420333862305]","[-74.0, 12.17265796661377]",20898,20998,0,41896,false,false,false,false,no_successful_seed_or_zoo_point,,,
275,art_cw,dst,dst,model_10.pt,8,3,2,3,left,2,down,4,"[74.0, -17.0]","[74.0, -14.0]",5.964834182137224e-10,0.6457602977752686,false,9.249058199988212,0.0,0.0,20.852642059326172,20.852642059326172,-20.802642822265625,5.964834182137224e-10,0.6457602977752686,2,down,"[74.0, -14.0]","[0.0, 0.0]",,,,,,,,,,3,250,750
276,ray_zoo,dst,dst,model_10.pt,8,4,2,2,down,1,right,4,"[74.0, -17.0]","[74.0, -13.0]",6.261273721719363e-10,1.0,true,48.173074799997266,0.44537195563316345,56.01797103881836,1.5467517375946045,0.0,0.0515594482421875,0.5128870606422424,0.48711299896240234,2,down,"[19.282424926757812, -1.0]","[-54.71757507324219, 12.0]",20983,20998,16,41997,true,true,true,false,,,,
276,art_cw,dst,dst,model_10.pt,8,4,2,2,down,1,right,4,"[74.0, -17.0]","[74.0, -13.0]",6.261273721719363e-10,1.0,false,9.28053920000093,0.0,0.0,21.241466522216797,21.241466522216797,-21.19146728515625,6.261273721719363e-10,1.0,1,right,"[74.0, -13.0]","[0.0, 0.0]",,,,,,,,,,3,250,750
277,ray_zoo,dst,dst,model_10.pt,8,4,2,0,up,1,right,4,"[74.0, -17.0]","[74.0, -13.0]",9.452760636415904e-16,1.0,false,48.45091310000862,0.5985102653503418,74.55317687988281,11.78013563156128,10.209471702575684,-10.15947151184082,3.868533531203866e-05,0.9994215965270996,1,right,"[0.0, -3.9349241256713867]","[-74.0, 9.065075874328613]",20898,20998,0,41896,false,false,false,false,no_successful_seed_or_zoo_point,,,
277,art_cw,dst,dst,model_10.pt,8,4,2,0,up,1,right,4,"[74.0, -17.0]","[74.0, -13.0]",9.452760636415904e-16,1.0,false,8.475797099992633,0.0,0.0,34.64505386352539,34.64505386352539,-34.595054626464844,9.452760636415904e-16,1.0,1,right,"[74.0, -13.0]","[0.0, 0.0]",,,,,,,,,,3,250,750
278,ray_zoo,dst,dst,model_10.pt,8,5,2,1,right,2,down,4,"[74.0, -17.0]","[74.0, -12.0]",0.3677120506763458,0.6322879195213318,false,48.03099810000276,0.6781724691390991,119.47569274902344,1.652675449848175,0.3195372223854065,-0.26953721046447754,0.4330206513404846,0.5669792294502258,2,down,"[124.0, -120.51009368896484]","[50.0, -108.51009368896484]",20898,20998,0,41896,false,false,false,false,no_successful_seed_or_zoo_point,,,
278,art_cw,dst,dst,model_10.pt,8,5,2,1,right,2,down,4,"[74.0, -17.0]","[74.0, -12.0]",0.3677120506763458,0.6322879195213318,false,9.359633299987763,0.0,0.0,0.5920447111129761,0.5920447111129761,-0.5420446991920471,0.3677120506763458,0.6322879195213318,2,down,"[74.0, -12.0]","[0.0, 0.0]",,,,,,,,,,3,250,750
279,ray_zoo,dst,dst,model_10.pt,8,5,2,3,left,2,down,4,"[74.0, -17.0]","[74.0, -12.0]",1.8596219009126003e-10,0.6322879195213318,false,48.48430549999466,0.5988938212394714,74.67504119873047,3.4644362926483154,1.6349971294403076,-1.5849971771240234,0.17008867859840393,0.8299098610877991,2,down,"[0.0, -1.9819087982177734]","[-74.0, 10.018091201782227]",20898,20998,0,41896,false,false,false,false,no_successful_seed_or_zoo_point,,,
279,art_cw,dst,dst,model_10.pt,8,5,2,3,left,2,down,4,"[74.0, -17.0]","[74.0, -12.0]",1.8596219009126003e-10,0.6322879195213318,false,9.324737099988852,0.0,0.0,21.997066497802734,21.997066497802734,-21.947067260742188,1.8596219009126003e-10,0.6322879195213318,2,down,"[74.0, -12.0]","[0.0, 0.0]",,,,,,,,,,3,250,750
280,ray_zoo,dst,dst,model_10.pt,8,6,2,2,down,1,right,4,"[74.0, -17.0]","[74.0, -11.0]",2.4491349920330308e-11,1.0,true,47.91522869997425,0.47861436009407043,59.861331939697266,1.6361174583435059,0.0,0.05375099182128906,0.5134345293045044,0.486565500497818,2,down,"[14.979843139648438, -1.0]","[-59.02015686035156, 10.0]",20983,20998,16,41997,true,true,true,false,,,,
280,art_cw,dst,dst,model_10.pt,8,6,2,2,down,1,right,4,"[74.0, -17.0]","[74.0, -11.0]",2.4491349920330308e-11,1.0,false,9.717946199991275,0.0,0.0,24.48270034790039,24.48270034790039,-24.432701110839844,2.4491349920330308e-11,1.0,1,right,"[74.0, -11.0]","[0.0, 0.0]",,,,,,,,,,3,250,750
281,ray_zoo,dst,dst,model_10.pt,8,6,2,0,up,1,right,4,"[74.0, -17.0]","[74.0, -11.0]",3.5155583668109542e-15,1.0,false,48.67530750000151,0.5980173349380493,74.39634704589844,12.608554363250732,11.020384788513184,-10.97038459777832,1.7201793525600806e-05,0.9998875856399536,1,right,"[0.0, -3.3307790756225586]","[-74.0, 7.669220924377441]",20898,20998,0,41896,false,false,false,false,no_successful_seed_or_zoo_point,,,
281,art_cw,dst,dst,model_10.pt,8,6,2,0,up,1,right,4,"[74.0, -17.0]","[74.0, -11.0]",3.5155583668109542e-15,1.0,false,9.293248400004813,0.0,0.0,33.33157730102539,33.33157730102539,-33.281578063964844,3.5155583668109542e-15,1.0,1,right,"[74.0, -11.0]","[0.0, 0.0]",,,,,,,,,,3,250,750
282,ray_zoo,dst,dst,model_10.pt,8,7,2,2,down,1,right,4,"[74.0, -17.0]","[74.0, -10.0]",1.9569139060940377e-13,1.0,true,48.102232499979436,0.4910315275192261,61.293453216552734,1.6712722778320312,0.0,0.051055908203125,0.5127611756324768,0.4872387647628784,2,down,"[13.370903015136719, -1.0]","[-60.62909698486328, 9.0]",20983,20998,16,41997,true,true,true,false,,,,
282,art_cw,dst,dst,model_10.pt,8,7,2,2,down,1,right,4,"[74.0, -17.0]","[74.0, -10.0]",1.9569139060940377e-13,1.0,false,9.35489809999126,0.0,0.0,29.312236785888672,29.312236785888672,-29.262237548828125,1.9569139060940377e-13,1.0,1,right,"[74.0, -10.0]","[0.0, 0.0]",,,,,,,,,,3,250,750
283,ray_zoo,dst,dst,model_10.pt,8,7,2,0,up,1,right,4,"[74.0, -17.0]","[74.0, -10.0]",2.834360176948061e-16,1.0,false,48.850008500012336,0.5976371169090271,74.27526092529297,12.076321125030518,10.572437286376953,-10.52243709564209,2.6817779144039378e-05,0.9959996938705444,1,right,"[0.0, -3.6113696098327637]","[-74.0, 6.388630390167236]",20897,20998,0,41895,false,false,false,false,no_successful_seed_or_zoo_point,,,
283,art_cw,dst,dst,model_10.pt,8,7,2,0,up,1,right,4,"[74.0, -17.0]","[74.0, -10.0]",2.834360176948061e-16,1.0,false,9.289042100019287,0.0,0.0,35.849544525146484,35.849544525146484,-35.79954528808594,2.834360176948061e-16,1.0,1,right,"[74.0, -10.0]","[0.0, 0.0]",,,,,,,,,,3,250,750
284,ray_zoo,dst,dst,model_10.pt,8,8,2,2,down,1,right,4,"[74.0, -17.0]","[74.0, -9.0]",2.559746034927479e-13,1.0,true,47.74398299999302,0.027794308960437775,5.259995460510254,0.40363451838493347,0.0,0.050818443298339844,0.5127018690109253,0.4872981309890747,2,down,"[72.63741302490234, -3.919556140899658]","[-1.3625869750976562, 5.080443859100342]",20983,20998,16,41997,true,true,false,false,,,,
284,art_cw,dst,dst,model_10.pt,8,8,2,2,down,1,right,4,"[74.0, -17.0]","[74.0, -9.0]",2.559746034927479e-13,1.0,false,8.10420349999913,0.0,0.0,29.043697357177734,29.043697357177734,-28.993698120117188,2.559746034927479e-13,1.0,1,right,"[74.0, -9.0]","[0.0, 0.0]",,,,,,,,,,3,250,750
285,ray_zoo,dst,dst,model_10.pt,8,8,2,0,up,1,right,4,"[74.0, -17.0]","[74.0, -9.0]",7.859608000979297e-23,1.0,false,47.959875000000466,0.5111097693443298,80.03954315185547,46.29337680339813,45.18629837036133,-45.13629913330078,2.4977810732941182e-20,1.0,1,right,"[124.0, -71.50062561035156]","[50.0, -62.50062561035156]",20898,20998,0,41896,false,false,false,false,no_successful_seed_or_zoo_point,,,
285,art_cw,dst,dst,model_10.pt,8,8,2,0,up,1,right,4,"[74.0, -17.0]","[74.0, -9.0]",7.859608000979297e-23,1.0,false,8.234417400002712,0.0,0.0,50.94771957397461,50.94771957397461,-50.89772033691406,7.859608000979297e-23,1.0,1,right,"[74.0, -9.0]","[0.0, 0.0]",,,,,,,,,,3,250,750
286,ray_zoo,dst,dst,model_10.pt,8,9,2,1,right,2,down,4,"[74.0, -17.0]","[74.0, -8.0]",0.43585214018821716,0.5641478896141052,true,47.72101389997988,0.11776866018772125,23.435962677001953,0.014899205416440964,0.0,0.05022919178009033,0.5125546455383301,0.4874453544616699,1,right,"[74.0, -31.435962677001953]","[0.0, -23.435962677001953]",20983,20998,16,41997,true,true,true,false,,,,
286,art_cw,dst,dst,model_10.pt,8,9,2,1,right,2,down,4,"[74.0, -17.0]","[74.0, -8.0]",0.43585214018821716,0.5641478896141052,false,6.908437600010075,0.0,0.0,0.308013379573822,0.308013379573822,-0.25801336765289307,0.43585214018821716,0.5641478896141052,2,down,"[74.0, -8.0]","[0.0, 0.0]",,,,,,,,,,3,250,750
287,ray_zoo,dst,dst,model_10.pt,8,9,2,0,up,2,down,4,"[74.0, -17.0]","[74.0, -8.0]",8.397477756936437e-16,0.5641478896141052,false,47.854529499978526,0.5939038991928101,100.14674377441406,29.79097819328308,28.58673095703125,-28.536731719970703,3.35043055582282e-13,0.17120759189128876,1,right,"[124.0, -94.77194213867188]","[50.0, -86.77194213867188]",20898,20998,0,41896,false,false,false,false,no_successful_seed_or_zoo_point,,,
287,art_cw,dst,dst,model_10.pt,8,9,2,0,up,2,down,4,"[74.0, -17.0]","[74.0, -8.0]",8.397477756936437e-16,0.5641478896141052,false,8.037851800007047,0.0,0.0,34.19099044799805,34.19099044799805,-34.1409912109375,8.397477756936437e-16,0.5641478896141052,2,down,"[74.0, -8.0]","[0.0, 0.0]",,,,,,,,,,3,250,750
288,ray_zoo,dst,dst,model_10.pt,9,0,2,2,down,1,right,2,"[124.0, -19.0]","[124.0, -19.0]",1.8071381522287433e-13,1.0,true,48.5418389000115,0.6652622818946838,83.68489837646484,1.4341199398040771,0.0,0.05248451232910156,0.5131181478500366,0.48688191175460815,2,down,"[42.2733154296875, -1.002471923828125]","[-81.7266845703125, 17.997528076171875]",20983,20998,16,41997,true,true,false,false,,,,
288,art_cw,dst,dst,model_10.pt,9,0,2,2,down,1,right,2,"[124.0, -19.0]","[124.0, -19.0]",1.8071381522287433e-13,1.0,false,7.128842000005534,0.0,0.0,29.391860961914062,29.391860961914062,-29.341861724853516,1.8071381522287433e-13,1.0,1,right,"[124.0, -19.0]","[0.0, 0.0]",,,,,,,,,,3,250,750
289,ray_zoo,dst,dst,model_10.pt,9,1,2,2,down,1,right,3,"[124.0, -19.0]","[124.0, -18.0]",0.2913832366466522,0.7086167335510254,true,48.57008410000708,0.047893255949020386,9.530757904052734,0.31430914998054504,0.0,0.050011396408081055,0.5125002264976501,0.48749977350234985,2,down,"[124.0, -8.469242095947266]","[0.0, 9.530757904052734]",20983,20998,16,41997,true,true,true,false,,,,
289,art_cw,dst,dst,model_10.pt,9,1,2,2,down,1,right,3,"[124.0, -19.0]","[124.0, -18.0]",0.2913832366466522,0.7086167335510254,false,9.492603999999119,0.0,0.0,0.9386754631996155,0.9386754631996155,-0.8886754512786865,0.2913832366466522,0.7086167335510254,1,right,"[124.0, -18.0]","[0.0, 0.0]",,,,,,,,,,3,250,750
290,ray_zoo,dst,dst,model_10.pt,9,1,2,3,left,1,right,3,"[124.0, -19.0]","[124.0, -18.0]",4.5984548634192546e-12,0.7086167335510254,false,46.626369400008116,1.000482439994812,124.15399932861328,17.530773639678955,16.398542404174805,-16.348543167114258,4.715098356200542e-08,0.5937079191207886,1,right,"[0.0, -11.818185806274414]","[-124.0, 6.181814193725586]",20898,20998,0,41896,false,false,false,false,no_successful_seed_or_zoo_point,,,
290,art_cw,dst,dst,model_10.pt,9,1,2,3,left,1,right,3,"[124.0, -19.0]","[124.0, -18.0]",4.5984548634192546e-12,0.7086167335510254,false,6.146729300002335,0.0,0.0,25.81085968017578,25.81085968017578,-25.760860443115234,4.5984548634192546e-12,0.7086167335510254,1,right,"[124.0, -18.0]","[0.0, 0.0]",,,,,,,,,,3,250,750
291,ray_zoo,dst,dst,model_10.pt,9,2,2,1,right,2,down,3,"[124.0, -19.0]","[124.0, -17.0]",0.44550731778144836,0.5544926524162292,false,48.3859197999991,0.807015061378479,100.17984008789062,0.874734029173851,0.22346071898937225,-0.1734607219696045,0.4567365050315857,0.54324871301651,2,down,"[24.0, -11.0]","[-100.0, 6.0]",20897,20998,0,41895,false,false,false,false,no_successful_seed_or_zoo_point,,,
291,art_cw,dst,dst,model_10.pt,9,2,2,1,right,2,down,3,"[124.0, -19.0]","[124.0, -17.0]",0.44550731778144836,0.5544926524162292,false,9.417481100012083,0.0,0.0,0.26883983612060547,0.26883983612060547,-0.2188398241996765,0.44550731778144836,0.5544926524162292,2,down,"[124.0, -17.0]","[0.0, 0.0]",,,,,,,,,,3,250,750
292,ray_zoo,dst,dst,model_10.pt,9,2,2,3,left,2,down,3,"[124.0, -19.0]","[124.0, -17.0]",1.5953833809589923e-08,0.5544926524162292,false,47.77064259999315,1.002524971961975,124.8047866821289,8.474438905715942,6.692264556884766,-6.642264366149902,0.00130230444483459,0.9986453652381897,2,down,"[7.62939453125e-06, -2.849498748779297]","[-123.99999237060547, 14.150501251220703]",20897,20998,0,41895,false,false,false,false,no_successful_seed_or_zoo_point,,,
292,art_cw,dst,dst,model_10.pt,9,2,2,3,left,2,down,3,"[124.0, -19.0]","[124.0, -17.0]",1.5953833809589923e-08,0.5544926524162292,false,9.618930700002238,0.0,0.0,17.413864135742188,17.413864135742188,-17.36386489868164,1.5953833809589923e-08,0.5544926524162292,2,down,"[124.0, -17.0]","[0.0, 0.0]",,,,,,,,,,3,250,750
293,ray_zoo,dst,dst,model_10.pt,9,3,2,1,right,2,down,4,"[124.0, -19.0]","[124.0, -16.0]",0.35423949360847473,0.6457604765892029,false,48.51975060001132,1.0018175840377808,124.57964324951172,1.8445050567388535,0.20411990582942963,-0.15411990880966187,0.46140092611312866,0.5382845401763916,2,down,"[0.0, -3.9963903427124023]","[-124.0, 12.003609657287598]",20898,20998,0,41896,false,false,false,false,no_successful_seed_or_zoo_point,,,
293,art_cw,dst,dst,model_10.pt,9,3,2,1,right,2,down,4,"[124.0, -19.0]","[124.0, -16.0]",0.35423949360847473,0.6457604765892029,false,8.185319000011077,0.0,0.0,0.6504555344581604,0.6504555344581604,-0.6004555225372314,0.35423949360847473,0.6457604765892029,2,down,"[124.0, -16.0]","[0.0, 0.0]",,,,,,,,,,3,250,750
294,ray_zoo,dst,dst,model_10.pt,9,3,2,3,left,2,down,4,"[124.0, -19.0]","[124.0, -16.0]",5.964619353981959e-10,0.6457604765892029,false,48.11635229998501,1.0025322437286377,124.8071060180664,5.3318705558776855,3.4393603801727295,-3.3893604278564453,0.03262963518500328,0.967370331287384,2,down,"[0.0, -1.829087257385254]","[-124.0, 14.170912742614746]",20898,20998,0,41896,false,false,false,false,no_successful_seed_or_zoo_point,,,
294,art_cw,dst,dst,model_10.pt,9,3,2,3,left,2,down,4,"[124.0, -19.0]","[124.0, -16.0]",5.964619353981959e-10,0.6457604765892029,false,5.891452400013804,0.0,0.0,20.852678298950195,20.852678298950195,-20.80267906188965,5.964619353981959e-10,0.6457604765892029,2,down,"[124.0, -16.0]","[0.0, 0.0]",,,,,,,,,,3,250,750
295,ray_zoo,dst,dst,model_10.pt,9,4,2,2,down,1,right,4,"[124.0, -19.0]","[124.0, -15.0]",6.261202112334274e-10,1.0,true,48.0377015999984,0.8474299311637878,105.6502685546875,1.7131881713867188,0.0,0.054302215576171875,0.5135722160339355,0.48642778396606445,2,down,"[19.28142547607422, -1.0]","[-104.71857452392578, 14.0]",20983,20998,16,41997,true,true,true,false,,,,
295,art_cw,dst,dst,model_10.pt,9,4,2,2,down,1,right,4,"[124.0, -19.0]","[124.0, -15.0]",6.261202112334274e-10,1.0,false,8.350446500000544,0.0,0.0,21.241477966308594,21.241477966308594,-21.191478729248047,6.261202112334274e-10,1.0,1,right,"[124.0, -15.0]","[0.0, 0.0]",,,,,,,,,,3,250,750
296,ray_zoo,dst,dst,model_10.pt,9,4,2,0,up,1,right,4,"[124.0, -19.0]","[124.0, -15.0]",9.452508644114095e-16,1.0,false,48.03392710001208,1.0015443563461304,124.49262237548828,11.83368182182312,10.20913028717041,-10.159130096435547,3.8698563002981246e-05,0.9994221925735474,1,right,"[0.0, -3.9359989166259766]","[-124.0, 11.064001083374023]",20898,20998,0,41896,false,false,false,false,no_successful_seed_or_zoo_point,,,
296,art_cw,dst,dst,model_10.pt,9,4,2,0,up,1,right,4,"[124.0, -19.0]","[124.0, -15.0]",9.452508644114095e-16,1.0,false,6.455597899999702,0.0,0.0,34.64508056640625,34.64508056640625,-34.5950813293457,9.452508644114095e-16,1.0,1,right,"[124.0, -15.0]","[0.0, 0.0]",,,,,,,,,,3,250,750
297,ray_zoo,dst,dst,model_10.pt,9,5,2,1,right,2,down,4,"[124.0, -19.0]","[124.0, -14.0]",0.36771222949028015,0.6322878003120422,false,48.0442064999952,1.0011601448059082,124.37018585205078,1.9083017706871033,0.36426061391830444,-0.3142606019973755,0.42207011580467224,0.5779180526733398,2,down,"[0.0, -4.411311149597168]","[-124.0, 9.588688850402832]",20898,20998,0,41896,false,false,false,false,no_successful_seed_or_zoo_point,,,
297,art_cw,dst,dst,model_10.pt,9,5,2,1,right,2,down,4,"[124.0, -19.0]","[124.0, -14.0]",0.36771222949028015,0.6322878003120422,false,7.037800899997819,0.0,0.0,0.5920441150665283,0.5920441150665283,-0.5420441031455994,0.36771222949028015,0.6322878003120422,2,down,"[124.0, -14.0]","[0.0, 0.0]",,,,,,,,,,3,250,750
298,ray_zoo,dst,dst,model_10.pt,9,5,2,3,left,2,down,4,"[124.0, -19.0]","[124.0, -14.0]",1.8595577855329282e-10,0.6322878003120422,false,48.011157499975525,1.0018221139907837,124.58106994628906,3.4881319999694824,1.6334352493286133,-1.583435297012329,0.17030926048755646,0.8296892642974854,2,down,"[0.0, -1.9815244674682617]","[-124.0, 12.018475532531738]",20898,20998,0,41896,false,false,false,false,no_successful_seed_or_zoo_point,,,
298,art_cw,dst,dst,model_10.pt,9,5,2,3,left,2,down,4,"[124.0, -19.0]","[124.0, -14.0]",1.8595577855329282e-10,0.6322878003120422,false,5.832203400001163,0.0,0.0,21.997100830078125,21.997100830078125,-21.947101593017578,1.8595577855329282e-10,0.6322878003120422,2,down,"[124.0, -14.0]","[0.0, 0.0]",,,,,,,,,,3,250,750
299,ray_zoo,dst,dst,model_10.pt,9,6,2,2,down,1,right,4,"[124.0, -19.0]","[124.0, -13.0]",2.44910688951272e-11,1.0,true,48.288813799998024,0.994317889213562,123.5654067993164,1.7425377368927002,0.0,0.051339149475097656,0.51283198595047,0.48716801404953003,2,down,"[0.8762588500976562, -2.5619239807128906]","[-123.12374114990234, 10.43807601928711]",20983,20998,16,41997,true,true,true,false,,,,
299,art_cw,dst,dst,model_10.pt,9,6,2,2,down,1,right,4,"[124.0, -19.0]","[124.0, -13.0]",2.44910688951272e-11,1.0,false,9.337320399994496,0.0,0.0,24.482711791992188,24.482711791992188,-24.43271255493164,2.44910688951272e-11,1.0,1,right,"[124.0, -13.0]","[0.0, 0.0]",,,,,,,,,,3,250,750
300,ray_zoo,dst,dst,model_10.pt,9,6,2,0,up,1,right,4,"[124.0, -19.0]","[124.0, -13.0]",3.5157862186737656e-15,1.0,false,47.71431899999152,1.0011794567108154,124.37631225585938,12.669458150863647,11.020381927490234,-10.970381736755371,1.720184627629351e-05,0.9998878240585327,1,right,"[0.0, -3.3321685791015625]","[-124.0, 9.667831420898438]",20898,20998,0,41896,false,false,false,false,no_successful_seed_or_zoo_point,,,
300,art_cw,dst,dst,model_10.pt,9,6,2,0,up,1,right,4,"[124.0, -19.0]","[124.0, -13.0]",3.5157862186737656e-15,1.0,false,8.079781399981584,0.0,0.0,33.331512451171875,33.331512451171875,-33.28151321411133,3.5157862186737656e-15,1.0,1,right,"[124.0, -13.0]","[0.0, 0.0]",,,,,,,,,,3,250,750
301,ray_zoo,dst,dst,model_10.pt,9,7,2,2,down,1,right,4,"[124.0, -19.0]","[124.0, -12.0]",1.956921495509245e-13,1.0,true,48.87144270000863,0.9591088891029358,119.20072937011719,1.7898263931274414,0.0,0.06206321716308594,0.5155107975006104,0.48448917269706726,2,down,"[5.24298095703125, -1.7245464324951172]","[-118.75701904296875, 10.275453567504883]",20983,20998,16,41997,true,true,false,false,,,,
301,art_cw,dst,dst,model_10.pt,9,7,2,2,down,1,right,4,"[124.0, -19.0]","[124.0, -12.0]",1.956921495509245e-13,1.0,false,9.361648699996294,0.0,0.0,29.312232971191406,29.312232971191406,-29.26223373413086,1.956921495509245e-13,1.0,1,right,"[124.0, -12.0]","[0.0, 0.0]",,,,,,,,,,3,250,750
302,ray_zoo,dst,dst,model_10.pt,9,7,2,0,up,1,right,4,"[124.0, -19.0]","[124.0, -12.0]",2.8343710295576977e-16,1.0,false,47.79522610001732,1.0008879899978638,124.28339385986328,12.153907060623169,10.572410583496094,-10.52241039276123,2.6818705009645782e-05,0.99600750207901,1,right,"[0.0, -3.611849784851074]","[-124.0, 8.388150215148926]",20898,20998,0,41896,false,false,false,false,no_successful_seed_or_zoo_point,,,
302,art_cw,dst,dst,model_10.pt,9,7,2,0,up,1,right,4,"[124.0, -19.0]","[124.0, -12.0]",2.8343710295576977e-16,1.0,false,9.318247699993663,0.0,0.0,35.84954071044922,35.84954071044922,-35.79954147338867,2.8343710295576977e-16,1.0,1,right,"[124.0, -12.0]","[0.0, 0.0]",,,,,,,,,,3,250,750
303,ray_zoo,dst,dst,model_10.pt,9,8,2,2,down,1,right,4,"[124.0, -19.0]","[124.0, -11.0]",2.556087123645884e-13,1.0,true,47.46055360001628,0.29625052213668823,37.193450927734375,0.6403378248214722,0.0,0.05395317077636719,0.5134850144386292,0.48651498556137085,2,down,"[87.55887603759766, -3.55706787109375]","[-36.441123962402344, 7.44293212890625]",20983,20998,16,41997,true,true,false,false,,,,
303,art_cw,dst,dst,model_10.pt,9,8,2,2,down,1,right,4,"[124.0, -19.0]","[124.0, -11.0]",2.556087123645884e-13,1.0,false,8.114847199991345,0.0,0.0,29.045127868652344,29.045127868652344,-28.995128631591797,2.556087123645884e-13,1.0,1,right,"[124.0, -11.0]","[0.0, 0.0]",,,,,,,,,,3,250,750
304,ray_zoo,dst,dst,model_10.pt,9,8,2,0,up,1,right,4,"[124.0, -19.0]","[124.0, -11.0]",7.904831187865083e-23,1.0,false,48.11640100000659,1.0,124.0,27.99579620361328,26.99579620361328,-26.945796966552734,1.9787958164402264e-12,0.9972680807113647,1,right,"[0.0, -11.0]","[-124.0, 0.0]",20898,20998,0,41896,false,false,false,false,no_successful_seed_or_zoo_point,,,
304,art_cw,dst,dst,model_10.pt,9,8,2,0,up,1,right,4,"[124.0, -19.0]","[124.0, -11.0]",7.904831187865083e-23,1.0,false,9.086035199987236,0.0,0.0,50.94198226928711,50.94198226928711,-50.89198303222656,7.904831187865083e-23,1.0,1,right,"[124.0, -11.0]","[0.0, 0.0]",,,,,,,,,,3,250,750
305,ray_zoo,dst,dst,model_10.pt,9,9,2,1,right,2,down,4,"[124.0, -19.0]","[124.0, -10.0]",0.43591415882110596,0.564085841178894,false,47.241789899999276,0.0,0.0,0.30776113271713257,0.30776113271713257,-0.2577611207962036,0.43591415882110596,0.564085841178894,2,down,"[124.0, -10.0]","[0.0, 0.0]",20897,20998,0,41895,false,false,false,false,no_successful_seed_or_zoo_point,,,
305,art_cw,dst,dst,model_10.pt,9,9,2,1,right,2,down,4,"[124.0, -19.0]","[124.0, -10.0]",0.43591415882110596,0.564085841178894,false,6.984897800022736,0.0,0.0,0.30776113271713257,0.30776113271713257,-0.2577611207962036,0.43591415882110596,0.564085841178894,2,down,"[124.0, -10.0]","[0.0, 0.0]",,,,,,,,,,3,250,750
306,ray_zoo,dst,dst,model_10.pt,9,9,2,0,up,2,down,4,"[124.0, -19.0]","[124.0, -10.0]",8.288322738606144e-16,0.564085841178894,false,47.07410609998624,1.0,124.0,28.00335121154785,27.00335121154785,-26.953351974487305,1.966745776654788e-12,0.9987119436264038,2,down,"[0.0, -10.0]","[-124.0, 0.0]",20897,20998,0,41895,false,false,false,false,no_successful_seed_or_zoo_point,,,
306,art_cw,dst,dst,model_10.pt,9,9,2,0,up,2,down,4,"[124.0, -19.0]","[124.0, -10.0]",8.288322738606144e-16,0.564085841178894,false,8.078958099999,0.0,0.0,34.20396423339844,34.20396423339844,-34.15396499633789,8.288322738606144e-16,0.564085841178894,2,down,"[124.0, -10.0]","[0.0, 0.0]",,,,,,,,,,3,250,750
307,ray_zoo,Minecart,minecart,model_20.pt,0,0,3,5,None,3,Accelerate,4,"[0.0, 0.800000011920929, -0.7399998903274536]","[0.0, 0.800000011920929, -0.7399998903274536]",2.403282906016102e-07,0.9999996423721313,false,48.18626909999875,1.0130207538604736,32.39296340942383,1.2749178856611252,0.24842433631420135,-0.1984243392944336,0.2447829693555832,0.2636265456676483,2,Right,"[1.5, 0.7911478877067566, -33.09821319580078]","[1.5, -0.008852124214172363, -32.358211517333984]",20983,20998,0,41981,false,false,false,false,no_successful_seed_or_zoo_point,,,
307,art_cw,Minecart,minecart,model_20.pt,0,0,3,5,None,3,Accelerate,4,"[0.0, 0.800000011920929, -0.7399998903274536]","[0.0, 0.800000011920929, -0.7399998903274536]",2.403282906016102e-07,0.9999996423721313,false,9.335294299991801,0.0,0.0,15.291259765625,15.291259765625,-15.241259574890137,2.403282906016102e-07,0.9999996423721313,3,Accelerate,"[0.0, 0.800000011920929, -0.7399998903274536]","[0.0, 0.0, 0.0]",,,,,,,,,,3,250,750
308,ray_zoo,Minecart,minecart,model_20.pt,0,0,3,1,Left,3,Accelerate,4,"[0.0, 0.800000011920929, -0.7399998903274536]","[0.0, 0.800000011920929, -0.7399998903274536]",1.6061419216839568e-07,0.9999996423721313,true,49.538071999995736,0.4641289710998535,0.8085426688194275,1.0660449266433716,0.0,0.05081140995025635,0.4004429578781128,0.21453240513801575,1,Left,"[0.0, 0.10381340980529785, -0.3288242220878601]","[0.0, -0.6961866021156311, 0.4111756682395935]",20983,20998,16,41997,true,true,true,true,,,,
308,art_cw,Minecart,minecart,model_20.pt,0,0,3,1,Left,3,Accelerate,4,"[0.0, 0.800000011920929, -0.7399998903274536]","[0.0, 0.800000011920929, -0.7399998903274536]",1.6061419216839568e-07,0.9999996423721313,false,7.811328500014497,0.0,0.0,15.694260597229004,15.694260597229004,-15.64426040649414,1.6061419216839568e-07,0.9999996423721313,3,Accelerate,"[0.0, 0.800000011920929, -0.7399998903274536]","[0.0, 0.0, 0.0]",,,,,,,,,,3,250,750
309,ray_zoo,Minecart,minecart,model_20.pt,0,1,3,5,None,1,Left,5,"[0.0, 0.800000011920929, -0.7399998903274536]","[0.0, 0.800000011920929, -0.619999885559082]",0.09950517863035202,0.9004912376403809,true,48.406933500024024,0.14936591684818268,0.23970241844654083,0.023144656792283058,0.0,0.05015134811401367,0.5125351548194885,0.4874647557735443,5,None,"[0.2228783369064331, 0.8228633999824524, -0.7052041292190552]","[0.2228783369064331, 0.022863388061523438, -0.08520424365997314]",20983,20998,16,41997,true,true,false,true,,,,
309,art_cw,Minecart,minecart,model_20.pt,0,1,3,5,None,1,Left,5,"[0.0, 0.800000011920929, -0.7399998903274536]","[0.0, 0.800000011920929, -0.619999885559082]",0.09950517863035202,0.9004912376403809,false,9.571087900025304,0.014920583926141262,0.1399804800748825,0.0485626352019608,0.04834001138806343,0.001659989356994629,0.4691717028617859,0.46839356422424316,5,None,"[0.0, 0.7776431441307068, -0.758183479309082]","[0.0, -0.022356867790222168, -0.13818359375]",,,,,,,,,,3,250,750
310,ray_zoo,Minecart,minecart,model_20.pt,0,1,3,2,Right,1,Left,5,"[0.0, 0.800000011920929, -0.7399998903274536]","[0.0, 0.800000011920929, -0.619999885559082]",3.538786586432252e-06,0.9004912376403809,true,48.84220169999753,0.027375662699341774,5.475132465362549,0.0007540949736721814,0.0,0.05003702640533447,0.23290155827999115,0.2215345948934555,2,Right,"[0.0, 0.800000011920929, -6.095132350921631]","[0.0, 0.0, -5.475132465362549]",20983,20998,16,41997,true,true,false,true,,,,
310,art_cw,Minecart,minecart,model_20.pt,0,1,3,2,Right,1,Left,5,"[0.0, 0.800000011920929, -0.7399998903274536]","[0.0, 0.800000011920929, -0.619999885559082]",3.538786586432252e-06,0.9004912376403809,true,7.497436300007394,0.1454545259475708,7.048543930053711,0.02115701697766781,0.0,0.2789493799209595,0.3005581796169281,0.12881329655647278,2,Right,"[0.0, 0.5883134603500366, -7.6653642654418945]","[0.0, -0.21168655157089233, -7.0453643798828125]",,,,,,,,,,3,250,750
311,ray_zoo,Minecart,minecart,model_20.pt,0,2,3,2,Right,5,None,5,"[0.0, 0.800000011920929, -0.7399998903274536]","[0.0, 0.800000011920929, -0.5999999046325684]",0.02482965774834156,0.975036084651947,true,48.58783480001148,0.0029272986575961113,0.5854597091674805,8.620723747299053e-06,0.0,0.05002939701080322,0.42313340306282043,0.4024851322174072,2,Right,"[0.0, 0.800000011920929, -1.1854596138000488]","[0.0, 0.0, -0.5854597091674805]",20983,20998,16,41997,true,true,true,true,,,,
311,art_cw,Minecart,minecart,model_20.pt,0,2,3,2,Right,5,None,5,"[0.0, 0.800000011920929, -0.7399998903274536]","[0.0, 0.800000011920929, -0.5999999046325684]",0.02482965774834156,0.975036084651947,true,6.230981000000611,0.004265457391738892,0.060442276298999786,1.8194125004811212e-05,0.0,0.08969521522521973,0.4847945272922516,0.4432038962841034,2,Right,"[0.0, 0.7936177253723145, -0.6601042747497559]","[0.0, -0.006382286548614502, -0.0601043701171875]",,,,,,,,,,3,250,750
312,ray_zoo,Minecart,minecart,model_20.pt,0,2,3,1,Left,5,None,5,"[0.0, 0.800000011920929, -0.7399998903274536]","[0.0, 0.800000011920929, -0.5999999046325684]",0.00013427025987766683,0.975036084651947,true,49.094544999999925,0.6415951251983643,1.03941810131073,0.7786785364151001,0.0,0.05014681816101074,0.22964994609355927,0.1943952441215515,1,Left,"[0.7732475996017456, 0.22704356908798218, -0.9926817417144775]","[0.7732475996017456, -0.5729564428329468, -0.3926818370819092]",20983,20998,16,41997,true,true,false,true,,,,
312,art_cw,Minecart,minecart,model_20.pt,0,2,3,1,Left,5,None,5,"[0.0, 0.800000011920929, -0.7399998903274536]","[0.0, 0.800000011920929, -0.5999999046325684]",0.00013427025987766683,0.975036084651947,false,8.712840599997435,0.0,0.0,8.940375328063965,8.940375328063965,-8.890375137329102,0.00013427025987766683,0.975036084651947,5,None,"[0.0, 0.800000011920929, -0.5999999046325684]","[0.0, 0.0, 0.0]",,,,,,,,,,3,250,750
313,ray_zoo,Minecart,minecart,model_20.pt,0,3,3,5,None,2,Right,5,"[0.0, 0.800000011920929, -0.7399998903274536]","[0.0, 0.800000011920929, -0.5799999237060547]",0.004338676575571299,0.9956613183021545,true,48.581710700003896,0.0008758965414017439,0.17517930269241333,7.716638492638594e-07,0.0,0.05059480667114258,0.5103935599327087,0.48521265387535095,5,None,"[0.0, 0.800000011920929, -0.755179226398468]","[0.0, 0.0, -0.17517930269241333]",20983,20998,16,41997,true,true,true,true,,,,
313,art_cw,Minecart,minecart,model_20.pt,0,3,3,5,None,2,Right,5,"[0.0, 0.800000011920929, -0.7399998903274536]","[0.0, 0.800000011920929, -0.5799999237060547]",0.004338676575571299,0.9956613183021545,false,7.455081199994311,0.0,0.0,5.485837936401367,5.485837936401367,-5.435837745666504,0.004338676575571299,0.9956613183021545,2,Right,"[0.0, 0.800000011920929, -0.5799999237060547]","[0.0, 0.0, 0.0]",,,,,,,,,,3,250,750
314,ray_zoo,Minecart,minecart,model_20.pt,0,3,3,1,Left,2,Right,5,"[0.0, 0.800000011920929, -0.7399998903274536]","[0.0, 0.800000011920929, -0.5799999237060547]",1.1940164412749255e-08,0.9956613183021545,false,49.113046699989354,0.683201789855957,9.392988204956055,1.3811139315366745,0.13211433589458466,-0.0821143388748169,0.2165854573249817,0.23512080311775208,2,Right,"[0.7451956272125244, 1.5, -9.917179107666016]","[0.7451956272125244, 0.699999988079071, -9.337179183959961]",20983,20998,0,41981,false,false,false,false,no_successful_seed_or_zoo_point,,,
314,art_cw,Minecart,minecart,model_20.pt,0,3,3,1,Left,2,Right,5,"[0.0, 0.800000011920929, -0.7399998903274536]","[0.0, 0.800000011920929, -0.5799999237060547]",1.1940164412749255e-08,0.9956613183021545,false,8.381255800020881,0.0,0.0,18.28900909423828,18.28900909423828,-18.239009857177734,1.1940164412749255e-08,0.9956613183021545,2,Right,"[0.0, 0.800000011920929, -0.5799999237060547]","[0.0, 0.0, 0.0]",,,,,,,,,,3,250,750
315,ray_zoo,Minecart,minecart,model_20.pt,0,4,3,4,Brake,1,Left,5,"[0.0, 0.800000011920929, -0.7399998903274536]","[0.0, 0.800000011920929, -0.559999942779541]",7.692334269560064e-11,1.0,true,49.84191620000638,0.0005572813679464161,0.11145627498626709,3.105625125954248e-07,0.0,0.05055999755859375,0.4674443304538727,0.444397896528244,4,Brake,"[0.0, 0.800000011920929, -0.4485436677932739]","[0.0, 0.0, 0.11145627498626709]",20983,20998,16,41997,false,true,false,true,,,,
315,art_cw,Minecart,minecart,model_20.pt,0,4,3,4,Brake,1,Left,5,"[0.0, 0.800000011920929, -0.7399998903274536]","[0.0, 0.800000011920929, -0.559999942779541]",7.692334269560064e-11,1.0,false,9.753754799981834,0.0,0.0,23.338211059570312,23.338211059570312,-23.288211822509766,7.692334269560064e-11,1.0,1,Left,"[0.0, 0.800000011920929, -0.559999942779541]","[0.0, 0.0, 0.0]",,,,,,,,,,3,250,750
316,ray_zoo,Minecart,minecart,model_20.pt,0,4,3,2,Right,1,Left,5,"[0.0, 0.800000011920929, -0.7399998903274536]","[0.0, 0.800000011920929, -0.559999942779541]",5.780774817165657e-11,1.0,true,48.477482699992834,0.07221093028783798,0.11333157867193222,0.008759254589676857,0.0,0.05106019973754883,0.5127611756324768,0.4872366786003113,2,Right,"[0.1083161011338234, 0.800000011920929, -0.5266582369804382]","[0.1083161011338234, 0.0, 0.03334170579910278]",20983,20998,16,41997,true,true,true,true,,,,
316,art_cw,Minecart,minecart,model_20.pt,0,4,3,2,Right,1,Left,5,"[0.0, 0.800000011920929, -0.7399998903274536]","[0.0, 0.800000011920929, -0.559999942779541]",5.780774817165657e-11,1.0,false,8.30002309998963,0.0,0.0,23.623897552490234,23.623897552490234,-23.573898315429688,5.780774817165657e-11,1.0,1,Left,"[0.0, 0.800000011920929, -0.559999942779541]","[0.0, 0.0, 0.0]",,,,,,,,,,3,250,750
317,ray_zoo,Minecart,minecart,model_20.pt,0,5,3,1,Left,5,None,5,"[0.0, 0.800000011920929, -0.7399998903274536]","[0.0, 0.800000011920929, -0.5399999618530273]",6.567473747054464e-07,0.9999992847442627,true,49.11350379997748,0.08756407350301743,0.13134610652923584,0.035207755863666534,0.0,0.050757646560668945,0.5126864910125732,0.48731309175491333,1,Left,"[0.0, 0.9313461184501648, -0.5399999618530273]","[0.0, 0.13134610652923584, 0.0]",20983,20998,16,41997,true,true,false,false,,,,
317,art_cw,Minecart,minecart,model_20.pt,0,5,3,1,Left,5,None,5,"[0.0, 0.800000011920929, -0.7399998903274536]","[0.0, 0.800000011920929, -0.5399999618530273]",6.567473747054464e-07,0.9999992847442627,true,8.34683260001475,0.002132053254172206,0.040150247514247894,4.545650881482288e-06,0.0,1.0141398906707764,0.6635178327560425,0.24066738784313202,1,Left,"[0.0, 0.7968160510063171, -0.5800237655639648]","[0.0, -0.0031839609146118164, -0.0400238037109375]",,,,,,,,,,3,250,750
318,ray_zoo,Minecart,minecart,model_20.pt,0,5,3,2,Right,5,None,5,"[0.0, 0.800000011920929, -0.7399998903274536]","[0.0, 0.800000011920929, -0.5399999618530273]",1.3783051366900168e-09,0.9999992847442627,true,49.07726009999169,0.003532693488523364,0.7065386772155762,1.2547588084999006e-05,0.0,0.05003601312637329,0.4114474654197693,0.3913668692111969,2,Right,"[0.0, 0.800000011920929, -1.2465386390686035]","[0.0, 0.0, -0.7065386772155762]",20983,20998,16,41997,true,true,true,true,,,,
318,art_cw,Minecart,minecart,model_20.pt,0,5,3,2,Right,5,None,5,"[0.0, 0.800000011920929, -0.7399998903274536]","[0.0, 0.800000011920929, -0.5399999618530273]",1.3783051366900168e-09,0.9999992847442627,false,7.391186799999559,0.03607377037405968,0.6740468144416809,0.05121715599671006,0.04991583898663521,8.416175842285156e-05,0.40834689140319824,0.40831249952316284,2,Right,"[0.0, 0.7461245059967041, -1.2118902206420898]","[0.0, -0.053875505924224854, -0.6718902587890625]",,,,,,,,,,3,250,750
319,ray_zoo,Minecart,minecart,model_20.pt,0,6,3,4,Brake,1,Left,5,"[0.0, 0.800000011920929, -0.7399998903274536]","[0.0, 0.800000011920929, -0.5199999809265137]",3.7818251712451456e-06,0.9999961853027344,true,48.31259280000813,0.656377375125885,1.0634269714355469,0.8149731755256653,0.0,0.05108398199081421,0.493617445230484,0.030469026416540146,4,Brake,"[0.7910630702972412, 0.2138427495956421, -0.921890377998352]","[0.7910630702972412, -0.5861572623252869, -0.4018903970718384]",20983,20998,16,41997,true,true,false,false,,,,
319,art_cw,Minecart,minecart,model_20.pt,0,6,3,4,Brake,1,Left,5,"[0.0, 0.800000011920929, -0.7399998903274536]","[0.0, 0.800000011920929, -0.5199999809265137]",3.7818251712451456e-06,0.9999961853027344,true,9.434035900019808,0.0005653865518979728,0.06578425318002701,3.196619786649535e-07,0.0,1.6543388366699219,0.8394766449928284,0.1605234146118164,4,Brake,"[3.178603947162628e-06, 0.8006898164749146, -0.45421934127807617]","[3.178603947162628e-06, 0.0006898045539855957, 0.0657806396484375]",,,,,,,,,,3,250,750
320,ray_zoo,Minecart,minecart,model_20.pt,0,6,3,2,Right,1,Left,5,"[0.0, 0.800000011920929, -0.7399998903274536]","[0.0, 0.800000011920929, -0.5199999809265137]",1.5911973344842623e-12,0.9999961853027344,true,46.619317699980456,0.0009131484548561275,0.17687305808067322,9.53691483118746e-07,0.0,0.05012214183807373,0.399882048368454,0.3803330957889557,2,Right,"[9.602673526387662e-05, 0.7996726036071777, -0.6968727111816406]","[9.602673526387662e-05, -0.0003274083137512207, -0.17687273025512695]",20983,20998,16,41997,true,true,false,true,,,,
320,art_cw,Minecart,minecart,model_20.pt,0,6,3,2,Right,1,Left,5,"[0.0, 0.800000011920929, -0.7399998903274536]","[0.0, 0.800000011920929, -0.5199999809265137]",1.5911973344842623e-12,0.9999961853027344,true,7.484294399997452,0.024762030690908432,0.18101651966571808,0.0006131581612862647,0.0,0.47181862592697144,0.4691881835460663,0.2927108407020569,2,Right,"[0.0, 0.7628807425498962, -0.6971697807312012]","[0.0, -0.037119269371032715, -0.1771697998046875]",,,,,,,,,,3,250,750
321,ray_zoo,Minecart,minecart,model_20.pt,0,7,3,1,Left,4,Brake,5,"[0.0, 0.800000011920929, -0.7399998903274536]","[0.0, 0.800000011920929, -0.4999999701976776]",7.49762363305706e-10,1.0,true,48.557747699989704,0.08668065071105957,0.1326284557580948,0.010253079235553741,0.0,0.050431013107299805,0.5123445391654968,0.48714718222618103,1,Left,"[0.13002082705497742, 0.800000011920929, -0.47382956743240356]","[0.13002082705497742, 0.0, 0.026170402765274048]",20983,20998,16,41997,true,true,true,true,,,,
321,art_cw,Minecart,minecart,model_20.pt,0,7,3,1,Left,4,Brake,5,"[0.0, 0.800000011920929, -0.7399998903274536]","[0.0, 0.800000011920929, -0.4999999701976776]",7.49762363305706e-10,1.0,false,9.281992299976991,0.0,0.0,21.061264038085938,21.061264038085938,-21.01126480102539,7.49762363305706e-10,1.0,4,Brake,"[0.0, 0.800000011920929, -0.4999999701976776]","[0.0, 0.0, 0.0]",,,,,,,,,,3,250,750
322,ray_zoo,Minecart,minecart,model_20.pt,0,7,3,2,Right,4,Brake,5,"[0.0, 0.800000011920929, -0.7399998903274536]","[0.0, 0.800000011920929, -0.4999999701976776]",1.178775826948808e-11,1.0,true,49.32135700000799,0.011628570966422558,2.325714111328125,0.0001359023153781891,0.0,0.0500030517578125,0.3391750156879425,0.3226322829723358,2,Right,"[0.0, 0.800000011920929, -2.825714111328125]","[0.0, 0.0, -2.325714111328125]",20983,20998,16,41997,true,true,false,false,,,,
322,art_cw,Minecart,minecart,model_20.pt,0,7,3,2,Right,4,Brake,5,"[0.0, 0.800000011920929, -0.7399998903274536]","[0.0, 0.800000011920929, -0.4999999701976776]",1.178775826948808e-11,1.0,true,8.436385000008158,0.2448679655790329,0.6284455060958862,0.059960320591926575,0.0,0.20068198442459106,0.42845624685287476,0.35055115818977356,2,Right,"[0.0, 0.4327179789543152, -1.00994873046875]","[0.0, -0.36728203296661377, -0.50994873046875]",,,,,,,,,,3,250,750
323,ray_zoo,Minecart,minecart,model_20.pt,0,8,3,0,Mine,1,Left,5,"[0.0, 0.800000011920929, -0.7399998903274536]","[0.0, 0.800000011920929, -0.47999995946884155]",0.009186837822198868,0.9908131957054138,true,49.67549930000678,0.13054051995277405,0.23430313169956207,0.017040830105543137,0.0,0.050879716873168945,0.49544277787208557,0.47086527943611145,0,Mine,"[0.19580841064453125, 0.800000011920929, -0.6086740493774414]","[0.19580841064453125, 0.0, -0.12867408990859985]",20983,20998,16,41997,true,true,false,false,,,,
323,art_cw,Minecart,minecart,model_20.pt,0,8,3,0,Mine,1,Left,5,"[0.0, 0.800000011920929, -0.7399998903274536]","[0.0, 0.800000011920929, -0.47999995946884155]",0.009186837822198868,0.9908131957054138,true,9.701524200005224,0.03974102810025215,0.23380999267101288,0.001579349278472364,0.0,0.09381604194641113,0.4366028606891632,0.39750516414642334,0,Mine,"[0.0, 0.7404125928878784, -0.706089437007904]","[0.0, -0.05958741903305054, -0.2260894775390625]",,,,,,,,,,3,250,750
324,ray_zoo,Minecart,minecart,model_20.pt,0,8,3,5,None,1,Left,5,"[0.0, 0.800000011920929, -0.7399998903274536]","[0.0, 0.800000011920929, -0.47999995946884155]",2.423585954147711e-08,0.9908131957054138,false,50.141591999999946,1.0089858770370483,2.873013734817505,1.0880834348499775,0.024992037564516068,0.025007963180541992,0.2831867039203644,0.2761925756931305,5,None,"[1.5, 0.5992946624755859, -2.9221150875091553]","[1.5, -0.20070534944534302, -2.442115068435669]",20983,20998,0,41981,false,false,false,false,no_successful_seed_or_zoo_point,,,
324,art_cw,Minecart,minecart,model_20.pt,0,8,3,5,None,1,Left,5,"[0.0, 0.800000011920929, -0.7399998903274536]","[0.0, 0.800000011920929, -0.47999995946884155]",2.423585954147711e-08,0.9908131957054138,false,8.287241599988192,0.0,0.0,17.576202392578125,17.576202392578125,-17.526203155517578,2.423585954147711e-08,0.9908131957054138,1,Left,"[0.0, 0.800000011920929, -0.47999995946884155]","[0.0, 0.0, 0.0]",,,,,,,,,,3,250,750
325,ray_zoo,Minecart,minecart,model_20.pt,0,9,3,0,Mine,1,Left,5,"[0.0, 0.800000011920929, -0.7399998903274536]","[0.0, 0.800000011920929, -0.4599999487400055]",0.019185978919267654,0.9808140397071838,true,49.56383440000354,0.002057129517197609,0.411425918340683,4.251316113368375e-06,0.0,0.05000042915344238,0.3023921847343445,0.2876442074775696,0,Mine,"[0.0, 0.800000011920929, -0.8714258670806885]","[0.0, 0.0, -0.411425918340683]",20983,20998,16,41997,true,true,true,false,,,,
325,art_cw,Minecart,minecart,model_20.pt,0,9,3,0,Mine,1,Left,5,"[0.0, 0.800000011920929, -0.7399998903274536]","[0.0, 0.800000011920929, -0.4599999487400055]",0.019185978919267654,0.9808140397071838,true,8.458789600001182,0.010418574325740337,0.10168436914682388,0.00010854668653337285,0.0,0.23071718215942383,0.37570780515670776,0.2982984781265259,0,Mine,"[0.0, 0.7843903303146362, -0.5604790449142456]","[0.0, -0.015609681606292725, -0.10047909617424011]",,,,,,,,,,3,250,750
326,ray_zoo,Minecart,minecart,model_20.pt,0,9,3,5,None,1,Left,5,"[0.0, 0.800000011920929, -0.7399998903274536]","[0.0, 0.800000011920929, -0.4599999487400055]",6.987584399986702e-10,0.9808140397071838,true,48.407143400021596,0.5100791454315186,0.768271267414093,0.496721088886261,0.0,0.05003559589385986,0.30799511075019836,0.29296359419822693,5,None,"[0.6114264130592346, 0.34003907442092896, -0.5295303463935852]","[0.6114264130592346, -0.4599609375, -0.06953039765357971]",20983,20998,16,41997,true,true,false,false,,,,
326,art_cw,Minecart,minecart,model_20.pt,0,9,3,5,None,1,Left,5,"[0.0, 0.800000011920929, -0.7399998903274536]","[0.0, 0.800000011920929, -0.4599999487400055]",6.987584399986702e-10,0.9808140397071838,false,7.382451900019078,0.0,0.0,21.112342834472656,21.112342834472656,-21.06234359741211,6.987584399986702e-10,0.9808140397071838,1,Left,"[0.0, 0.800000011920929, -0.4599999487400055]","[0.0, 0.0, 0.0]",,,,,,,,,,3,250,750
327,ray_zoo,Minecart,minecart,model_20.pt,2,0,3,1,Left,2,Right,4,"[0.0, 0.0, -0.29999998211860657]","[0.0, 0.0, -0.29999998211860657]",0.1411130577325821,0.8588812947273254,true,48.72647729999153,0.45835065841674805,3.8367812633514404,0.2100864052772522,0.0,0.050008296966552734,0.2717708647251129,0.22061064839363098,1,Left,"[0.25723981857299805, 0.6369600892066956, -4.074784755706787]","[0.25723981857299805, 0.6369600892066956, -3.774784803390503]",20983,20998,16,41997,true,true,true,true,,,,
327,art_cw,Minecart,minecart,model_20.pt,2,0,3,1,Left,2,Right,4,"[0.0, 0.0, -0.29999998211860657]","[0.0, 0.0, -0.29999998211860657]",0.1411130577325821,0.8588812947273254,false,8.759938100003637,0.0,0.0,1.8560693264007568,1.8560693264007568,-1.8060693740844727,0.1411130577325821,0.8588812947273254,2,Right,"[0.0, 0.0, -0.29999998211860657]","[0.0, 0.0, 0.0]",,,,,,,,,,3,250,750
328,ray_zoo,Minecart,minecart,model_20.pt,2,0,3,3,Accelerate,2,Right,4,"[0.0, 0.0, -0.29999998211860657]","[0.0, 0.0, -0.29999998211860657]",3.910802206519293e-06,0.8588812947273254,true,49.50109020000673,0.0107567822560668,0.1601642668247223,0.00011571026698220521,0.0,0.05000436305999756,0.47193580865859985,0.4489172697067261,3,Accelerate,"[0.015748783946037292, 0.003300181357190013, -0.4593539237976074]","[0.015748783946037292, 0.003300181357190013, -0.15935394167900085]",20983,20998,16,41997,true,true,false,true,,,,
328,art_cw,Minecart,minecart,model_20.pt,2,0,3,3,Accelerate,2,Right,4,"[0.0, 0.0, -0.29999998211860657]","[0.0, 0.0, -0.29999998211860657]",3.910802206519293e-06,0.8588812947273254,true,8.442604599986225,0.0008844757103361189,0.1768951416015625,7.822972634130565e-07,0.0,0.08915722370147705,0.48032256960868835,0.439351886510849,3,Accelerate,"[0.0, 0.0, -0.47689512372016907]","[0.0, 0.0, -0.1768951416015625]",,,,,,,,,,3,250,750
329,ray_zoo,Minecart,minecart,model_20.pt,2,1,3,2,Right,3,Accelerate,4,"[0.0, 0.0, -0.29999998211860657]","[0.0, 0.0, -0.2799999713897705]",2.6514862838666886e-07,0.9999995231628418,true,48.8991978999984,0.004444845952093601,0.018460510298609734,1.9756675101234578e-05,0.0,0.050042152404785156,0.5112512111663818,0.4862966537475586,2,Right,"[0.00013827148359268904, 0.00666458485648036, -0.29721492528915405]","[0.00013827148359268904, 0.00666458485648036, -0.017214953899383545]",20983,20998,16,41997,true,true,false,true,,,,
329,art_cw,Minecart,minecart,model_20.pt,2,1,3,2,Right,3,Accelerate,4,"[0.0, 0.0, -0.29999998211860657]","[0.0, 0.0, -0.2799999713897705]",2.6514862838666886e-07,0.9999995231628418,true,9.76449989998946,0.0002161407464882359,0.0432281494140625,4.671682063417393e-08,0.0,0.6868717074394226,0.6033605337142944,0.3035793900489807,2,Right,"[0.0, 0.0, -0.323228120803833]","[0.0, 0.0, -0.0432281494140625]",,,,,,,,,,3,250,750
330,ray_zoo,Minecart,minecart,model_20.pt,2,1,3,5,None,3,Accelerate,4,"[0.0, 0.0, -0.29999998211860657]","[0.0, 0.0, -0.2799999713897705]",1.2191061671273928e-07,0.9999995231628418,false,47.74522530002287,1.4092917442321777,7.4513325691223145,2.2520493865013123,0.26594263315200806,-0.2159426212310791,0.26905596256256104,0.3339068293571472,3,Accelerate,"[1.5, 1.4885766506195068, -7.425382614135742]","[1.5, 1.4885766506195068, -7.145382881164551]",20983,20998,0,41981,false,false,false,false,no_successful_seed_or_zoo_point,,,
330,art_cw,Minecart,minecart,model_20.pt,2,1,3,5,None,3,Accelerate,4,"[0.0, 0.0, -0.29999998211860657]","[0.0, 0.0, -0.2799999713897705]",1.2191061671273928e-07,0.9999995231628418,false,7.371546000009403,0.0,0.0,15.969977378845215,15.969977378845215,-15.919977188110352,1.2191061671273928e-07,0.9999995231628418,3,Accelerate,"[0.0, 0.0, -0.2799999713897705]","[0.0, 0.0, 0.0]",,,,,,,,,,3,250,750
331,ray_zoo,Minecart,minecart,model_20.pt,2,2,3,2,Right,5,None,5,"[0.0, 0.0, -0.29999998211860657]","[0.0, 0.0, -0.15999996662139893]",0.12759986519813538,0.8723939657211304,true,48.449852899997495,0.024726180359721184,4.9452362060546875,0.0006123634520918131,0.0,0.0500178337097168,0.23357005417346954,0.21403993666172028,2,Right,"[0.0, 0.0, -5.105236053466797]","[0.0, 0.0, -4.9452362060546875]",20983,20998,16,41997,true,true,false,true,,,,
331,art_cw,Minecart,minecart,model_20.pt,2,2,3,2,Right,5,None,5,"[0.0, 0.0, -0.29999998211860657]","[0.0, 0.0, -0.15999996662139893]",0.12759986519813538,0.8723939657211304,true,8.250423499994213,7.75434891693294e-05,0.015457156114280224,6.0129927703655994e-09,0.0,2.4238224029541016,0.9185975193977356,0.08137155324220657,2,Right,"[9.475275874137878e-06, 0.0, -0.17545711994171143]","[9.475275874137878e-06, 0.0, -0.0154571533203125]",,,,,,,,,,3,250,750
332,ray_zoo,Minecart,minecart,model_20.pt,2,2,3,1,Left,5,None,5,"[0.0, 0.0, -0.29999998211860657]","[0.0, 0.0, -0.15999996662139893]",6.163935267977649e-06,0.8723939657211304,true,49.18007550001494,0.010660486295819283,2.1320972442626953,0.00011382802767911926,0.0,0.050002336502075195,0.2933046519756317,0.278999388217926,1,Left,"[0.0, 0.0, -2.2920970916748047]","[0.0, 0.0, -2.1320972442626953]",20983,20998,16,41997,true,true,true,true,,,,
332,art_cw,Minecart,minecart,model_20.pt,2,2,3,1,Left,5,None,5,"[0.0, 0.0, -0.29999998211860657]","[0.0, 0.0, -0.15999996662139893]",6.163935267977649e-06,0.8723939657211304,true,6.2057448999839835,0.00017878919607028365,0.0357208251953125,3.1965576852144295e-08,0.0,0.952271580696106,0.7173282504081726,0.2767907977104187,1,Left,"[6.258487701416016e-06, 1.047179102897644e-05, -0.12427914142608643]","[6.258487701416016e-06, 1.047179102897644e-05, 0.0357208251953125]",,,,,,,,,,3,250,750
333,ray_zoo,Minecart,minecart,model_20.pt,2,3,3,5,None,1,Left,5,"[0.0, 0.0, -0.29999998211860657]","[0.0, 0.0, -0.13999997079372406]",2.3094898438102973e-07,0.9999997615814209,true,49.10229929999332,0.0023646270856261253,0.47292542457580566,5.599297310254769e-06,0.0,0.05000162124633789,0.3365155756473541,0.3201029598712921,5,None,"[0.0, 0.0, -0.6129254102706909]","[0.0, 0.0, -0.47292542457580566]",20983,20998,16,41997,true,true,true,true,,,,
333,art_cw,Minecart,minecart,model_20.pt,2,3,3,5,None,1,Left,5,"[0.0, 0.0, -0.29999998211860657]","[0.0, 0.0, -0.13999997079372406]",2.3094898438102973e-07,0.9999997615814209,true,7.15257050000946,0.0023750304244458675,0.475006103515625,5.640769359160913e-06,0.0,0.05953705310821533,0.33903172612190247,0.3194359242916107,5,None,"[0.0, 0.0, -0.6150060892105103]","[0.0, 0.0, -0.475006103515625]",,,,,,,,,,3,250,750
334,ray_zoo,Minecart,minecart,model_20.pt,2,3,3,2,Right,1,Left,5,"[0.0, 0.0, -0.29999998211860657]","[0.0, 0.0, -0.13999997079372406]",2.7309668415576027e-11,0.9999997615814209,true,49.501147199975094,0.026906905695796013,5.3494744300842285,0.0007249842747114599,0.0,0.05005455017089844,0.2705840468406677,0.1951800286769867,2,Right,"[0.0006613291334360838, 0.004338552709668875, -5.489472389221191]","[0.0006613291334360838, 0.004338552709668875, -5.349472522735596]",20983,20998,16,41997,true,true,false,true,,,,
334,art_cw,Minecart,minecart,model_20.pt,2,3,3,2,Right,1,Left,5,"[0.0, 0.0, -0.29999998211860657]","[0.0, 0.0, -0.13999997079372406]",2.7309668415576027e-11,0.9999997615814209,true,9.673724600026617,0.0007038117037154734,0.1407623440027237,4.953508891958336e-07,0.0,0.43018925189971924,0.3416939675807953,0.22223296761512756,2,Right,"[0.0, 0.0, -0.28076231479644775]","[0.0, 0.0, -0.1407623440027237]",,,,,,,,,,3,250,750
335,ray_zoo,Minecart,minecart,model_20.pt,2,4,3,2,Right,1,Left,5,"[0.0, 0.0, -0.29999998211860657]","[0.0, 0.0, -0.1199999749660492]",3.69579438002594e-19,1.0,true,48.46173839998664,0.0017071524634957314,0.3414304852485657,2.9178695513110142e-06,0.0,0.05005002021789551,0.45316851139068604,0.43104565143585205,2,Right,"[0.0, 0.0, -0.46143046021461487]","[0.0, 0.0, -0.3414304852485657]",20983,20998,16,41997,true,true,true,true,,,,
335,art_cw,Minecart,minecart,model_20.pt,2,4,3,2,Right,1,Left,5,"[0.0, 0.0, -0.29999998211860657]","[0.0, 0.0, -0.1199999749660492]",3.69579438002594e-19,1.0,true,9.542627300019376,0.0019773102831095457,0.3954620659351349,3.909755832864903e-06,0.0,0.8020912408828735,0.6448327898979187,0.28913676738739014,2,Right,"[0.0, 0.0, -0.5154620409011841]","[0.0, 0.0, -0.3954620659351349]",,,,,,,,,,3,250,750
336,ray_zoo,Minecart,minecart,model_20.pt,2,4,3,5,None,1,Left,5,"[0.0, 0.0, -0.29999998211860657]","[0.0, 0.0, -0.1199999749660492]",1.1184844144788232e-19,1.0,true,47.97625730000436,0.43949204683303833,0.7604168653488159,0.1931532621383667,0.0,0.052519798278808594,0.5120369791984558,0.4858388900756836,5,None,"[0.658721923828125, 0.025926761329174042, -0.4990079700946808]","[0.658721923828125, 0.025926761329174042, -0.3790079951286316]",20983,20998,16,41997,true,true,false,false,,,,
336,art_cw,Minecart,minecart,model_20.pt,2,4,3,5,None,1,Left,5,"[0.0, 0.0, -0.29999998211860657]","[0.0, 0.0, -0.1199999749660492]",1.1184844144788232e-19,1.0,false,6.346908500010613,0.0,0.0,43.68714141845703,43.68714141845703,-43.637142181396484,1.1184844144788232e-19,1.0,1,Left,"[0.0, 0.0, -0.1199999749660492]","[0.0, 0.0, 0.0]",,,,,,,,,,3,250,750
337,ray_zoo,Minecart,minecart,model_20.pt,2,5,3,5,None,1,Left,5,"[0.0, 0.0, -0.29999998211860657]","[0.0, 0.0, -0.09999997913837433]",1.17985379157067e-14,1.0,true,48.43659299999126,0.44623255729675293,2.4716172218322754,0.19912363588809967,0.0,0.05000162124633789,0.2531082332134247,0.2365814447402954,5,None,"[0.3707030117511749, 0.5570356249809265, -2.4793238639831543]","[0.3707030117511749, 0.5570356249809265, -2.379323959350586]",20983,20998,16,41997,true,true,false,true,,,,
337,art_cw,Minecart,minecart,model_20.pt,2,5,3,5,None,1,Left,5,"[0.0, 0.0, -0.29999998211860657]","[0.0, 0.0, -0.09999997913837433]",1.17985379157067e-14,1.0,false,8.343091000017012,0.0001987457217182964,0.0397491455078125,0.0032592699049551754,0.0032592304050922394,0.04674077033996582,0.5060986280441284,0.48298749327659607,5,None,"[0.0, 0.0, -0.13974912464618683]","[0.0, 0.0, -0.0397491455078125]",,,,,,,,,,3,250,750
338,ray_zoo,Minecart,minecart,model_20.pt,2,5,3,2,Right,1,Left,5,"[0.0, 0.0, -0.29999998211860657]","[0.0, 0.0, -0.09999997913837433]",2.1306725013294025e-18,1.0,true,48.23432759998832,0.06129514053463936,7.529538631439209,0.0037585124373435974,0.0,0.05003774166107178,0.2549632489681244,0.24251939356327057,2,Right,"[0.07255841046571732, 0.0, -7.6291890144348145]","[0.07255841046571732, 0.0, -7.529189109802246]",20983,20998,16,41997,true,true,true,true,,,,
338,art_cw,Minecart,minecart,model_20.pt,2,5,3,2,Right,1,Left,5,"[0.0, 0.0, -0.29999998211860657]","[0.0, 0.0, -0.09999997913837433]",2.1306725013294025e-18,1.0,false,8.351073400001042,0.0,0.0,40.74009323120117,40.74009323120117,-40.690093994140625,2.1306725013294025e-18,1.0,1,Left,"[0.0, 0.0, -0.09999997913837433]","[0.0, 0.0, 0.0]",,,,,,,,,,3,250,750
339,ray_zoo,Minecart,minecart,model_20.pt,2,6,3,5,None,1,Left,5,"[0.0, 0.0, -0.29999998211860657]","[0.0, 0.0, -0.07999998331069946]",5.1350891790119625e-22,1.0,true,49.843666600005236,0.8248288631439209,9.489155769348145,0.6803444623947144,0.0,0.050017595291137695,0.3933351933956146,0.08022867888212204,5,None,"[1.197052001953125, 0.30472666025161743, -9.488415718078613]","[1.197052001953125, 0.30472666025161743, -9.408415794372559]",20983,20998,16,41997,true,true,false,false,,,,
339,art_cw,Minecart,minecart,model_20.pt,2,6,3,5,None,1,Left,5,"[0.0, 0.0, -0.29999998211860657]","[0.0, 0.0, -0.07999998331069946]",5.1350891790119625e-22,1.0,false,6.798775099974591,0.0,0.0,49.07077407836914,49.07077407836914,-49.020774841308594,5.1350891790119625e-22,1.0,1,Left,"[0.0, 0.0, -0.07999998331069946]","[0.0, 0.0, 0.0]",,,,,,,,,,3,250,750
340,ray_zoo,Minecart,minecart,model_20.pt,2,6,3,2,Right,1,Left,5,"[0.0, 0.0, -0.29999998211860657]","[0.0, 0.0, -0.07999998331069946]",4.2015672540921944e-33,1.0,true,49.054815599985886,0.0009838908445090055,0.19677817821502686,9.688161526355543e-07,0.0,0.05001723766326904,0.48481249809265137,0.46115994453430176,2,Right,"[0.0, 0.0, -0.2767781615257263]","[0.0, 0.0, -0.19677817821502686]",20983,20998,16,41997,true,true,false,true,,,,
340,art_cw,Minecart,minecart,model_20.pt,2,6,3,2,Right,1,Left,5,"[0.0, 0.0, -0.29999998211860657]","[0.0, 0.0, -0.07999998331069946]",4.2015672540921944e-33,1.0,false,8.707083699991927,0.0009483337635174394,0.189666748046875,0.04742890005530853,0.04742800071835518,0.002572000026702881,0.47273069620132446,0.47151637077331543,2,Right,"[0.0, 0.0, -0.26966673135757446]","[0.0, 0.0, -0.189666748046875]",,,,,,,,,,3,250,750
341,ray_zoo,Minecart,minecart,model_20.pt,2,7,3,5,None,1,Left,5,"[0.0, 0.0, -0.29999998211860657]","[0.0, 0.0, -0.0599999837577343]",1.146126088480864e-21,1.0,true,48.254474300018046,0.7289285063743591,1.3007808923721313,0.531336784362793,0.0,0.05000847578048706,0.4735882580280304,0.0018842493882402778,5,None,"[0.738970935344696, 0.8058547973632812, -0.7646637558937073]","[0.738970935344696, 0.8058547973632812, -0.7046637535095215]",20983,20998,16,41997,true,true,true,true,,,,
341,art_cw,Minecart,minecart,model_20.pt,2,7,3,5,None,1,Left,5,"[0.0, 0.0, -0.29999998211860657]","[0.0, 0.0, -0.0599999837577343]",1.146126088480864e-21,1.0,false,8.602967699989676,0.0,0.0,48.26789855957031,48.26789855957031,-48.217899322509766,1.146126088480864e-21,1.0,1,Left,"[0.0, 0.0, -0.0599999837577343]","[0.0, 0.0, 0.0]",,,,,,,,,,3,250,750
342,ray_zoo,Minecart,minecart,model_20.pt,2,7,3,2,Right,1,Left,5,"[0.0, 0.0, -0.29999998211860657]","[0.0, 0.0, -0.0599999837577343]",8.187946636779306e-26,1.0,true,49.171728400018765,0.0010330760851502419,0.20661522448062897,1.0678868420654908e-06,0.0,0.0501255989074707,0.3369081914424896,0.3204367756843567,2,Right,"[0.0, 0.0, -0.26661521196365356]","[0.0, 0.0, -0.20661522448062897]",20983,20998,16,41997,true,true,false,true,,,,
342,art_cw,Minecart,minecart,model_20.pt,2,7,3,2,Right,1,Left,5,"[0.0, 0.0, -0.29999998211860657]","[0.0, 0.0, -0.0599999837577343]",8.187946636779306e-26,1.0,true,9.684828500001458,0.0011177825508639216,0.2235565036535263,1.2494377870098106e-06,0.0,0.3593689799308777,0.4057503342628479,0.2705387473106384,2,Right,"[0.0, 0.0, -0.2835564911365509]","[0.0, 0.0, -0.2235565036535263]",,,,,,,,,,3,250,750
343,ray_zoo,Minecart,minecart,model_20.pt,2,8,3,5,None,1,Left,5,"[0.0, 0.0, -0.29999998211860657]","[0.0, 0.0, -0.039999984204769135]",2.5715948467897043e-12,1.0,true,49.867570200003684,0.9299572110176086,1.8004159927368164,0.8648204803466797,0.0,0.05003643035888672,0.33593735098838806,0.008801165036857128,5,None,"[0.9427624940872192, 1.0280914306640625, -1.1782989501953125]","[0.9427624940872192, 1.0280914306640625, -1.1382989883422852]",20983,20998,16,41997,true,true,false,false,,,,
343,art_cw,Minecart,minecart,model_20.pt,2,8,3,5,None,1,Left,5,"[0.0, 0.0, -0.29999998211860657]","[0.0, 0.0, -0.039999984204769135]",2.5715948467897043e-12,1.0,false,7.328074799996102,0.0,0.0,26.736494064331055,26.736494064331055,-26.686494827270508,2.5715948467897043e-12,1.0,1,Left,"[0.0, 0.0, -0.039999984204769135]","[0.0, 0.0, 0.0]",,,,,,,,,,3,250,750
344,ray_zoo,Minecart,minecart,model_20.pt,2,8,3,2,Right,1,Left,5,"[0.0, 0.0, -0.29999998211860657]","[0.0, 0.0, -0.039999984204769135]",7.545609301394146e-22,1.0,true,48.162637500005076,0.1133144423365593,0.8670754432678223,0.012840169481933117,0.0,0.050059735774993896,0.40970855951309204,0.38970357179641724,2,Right,"[0.1672617346048355, 0.029550105333328247, -0.8902764320373535]","[0.1672617346048355, 0.029550105333328247, -0.8502764701843262]",20983,20998,16,41997,true,true,false,true,,,,
344,art_cw,Minecart,minecart,model_20.pt,2,8,3,2,Right,1,Left,5,"[0.0, 0.0, -0.29999998211860657]","[0.0, 0.0, -0.039999984204769135]",7.545609301394146e-22,1.0,false,6.74299929998233,0.0,0.0,48.68590545654297,48.68590545654297,-48.63590621948242,7.545609301394146e-22,1.0,1,Left,"[0.0, 0.0, -0.039999984204769135]","[0.0, 0.0, 0.0]",,,,,,,,,,3,250,750
345,ray_zoo,Minecart,minecart,model_20.pt,2,9,3,5,None,1,Left,5,"[0.0, 0.0, -0.29999998211860657]","[0.0, 0.0, -0.01999998465180397]",0.013363108038902283,0.9866286516189575,true,48.968195199995534,1.0844759941101074,1.6267138719558716,1.1760880947113037,0.0,0.05017542839050293,0.4801596999168396,0.4566618800163269,5,None,"[1.4160743951797485, 0.8005819320678711, -0.01999998465180397]","[1.4160743951797485, 0.8005819320678711, 0.0]",20983,20998,16,41997,true,true,true,false,,,,
345,art_cw,Minecart,minecart,model_20.pt,2,9,3,5,None,1,Left,5,"[0.0, 0.0, -0.29999998211860657]","[0.0, 0.0, -0.01999998465180397]",0.013363108038902283,0.9866286516189575,false,8.200993700011168,0.0,0.0,4.3517961502075195,4.3517961502075195,-4.301795959472656,0.013363108038902283,0.9866286516189575,1,Left,"[0.0, 0.0, -0.01999998465180397]","[0.0, 0.0, 0.0]",,,,,,,,,,3,250,750
346,ray_zoo,Minecart,minecart,model_20.pt,2,9,3,2,Right,1,Left,5,"[0.0, 0.0, -0.29999998211860657]","[0.0, 0.0, -0.01999998465180397]",8.281101145257708e-06,0.9866286516189575,true,48.65333489998011,0.9747273325920105,1.4652636051177979,0.9500933885574341,0.0,0.05198240280151367,0.5120583176612854,0.0017916695214807987,2,Right,"[0.8456118106842041, 1.1927490234375, -0.11637365818023682]","[0.8456118106842041, 1.1927490234375, -0.09637367725372314]",20983,20998,16,41997,true,true,false,false,,,,
346,art_cw,Minecart,minecart,model_20.pt,2,9,3,2,Right,1,Left,5,"[0.0, 0.0, -0.29999998211860657]","[0.0, 0.0, -0.01999998465180397]",8.281101145257708e-06,0.9866286516189575,true,6.281743700004881,0.00024894712259992957,0.0497894249856472,6.19746671759458e-08,0.0,2.0659613609313965,0.8555136919021606,0.03609568625688553,2,Right,"[0.0, 0.0, -0.06978940963745117]","[0.0, 0.0, -0.0497894249856472]",,,,,,,,,,3,250,750
347,ray_zoo,Minecart,minecart,model_20.pt,4,0,3,5,None,3,Accelerate,4,"[0.3499999940395355, 1.149999976158142, -1.2199997901916504]","[0.3499999940395355, 1.149999976158142, -1.2199997901916504]",8.417277058470063e-06,0.9999898672103882,false,49.115965699980734,0.9397921562194824,1.4096885919570923,3.1656241416931152,1.6629990339279175,-1.6129990816116333,0.13250994682312012,0.6649133563041687,3,Accelerate,"[1.16530442237854, 0.0, -1.2192604541778564]","[0.8153043985366821, -1.149999976158142, 0.0007393360137939453]",20983,20998,0,41981,false,false,false,false,no_successful_seed_or_zoo_point,,,
347,art_cw,Minecart,minecart,model_20.pt,4,0,3,5,None,3,Accelerate,4,"[0.3499999940395355, 1.149999976158142, -1.2199997901916504]","[0.3499999940395355, 1.149999976158142, -1.2199997901916504]",8.417277058470063e-06,0.9999898672103882,false,9.44664529999136,0.0,0.0,11.735214233398438,11.735214233398438,-11.685214042663574,8.417277058470063e-06,0.9999898672103882,3,Accelerate,"[0.3499999940395355, 1.149999976158142, -1.2199997901916504]","[0.0, 0.0, 0.0]",,,,,,,,,,3,250,750
348,ray_zoo,Minecart,minecart,model_20.pt,4,0,3,1,Left,3,Accelerate,4,"[0.3499999940395355, 1.149999976158142, -1.2199997901916504]","[0.3499999940395355, 1.149999976158142, -1.2199997901916504]",1.6430614095952478e-06,0.9999898672103882,true,49.433579300006386,0.7840247750282288,1.4805943965911865,2.046623468399048,0.0,0.05484354496002197,0.5119273662567139,0.484607458114624,1,Left,"[0.10154767334461212, 0.00052642822265625, -0.320476770401001]","[-0.2484523206949234, -1.1494735479354858, 0.8995230197906494]",20983,20998,16,41997,true,true,true,true,,,,
348,art_cw,Minecart,minecart,model_20.pt,4,0,3,1,Left,3,Accelerate,4,"[0.3499999940395355, 1.149999976158142, -1.2199997901916504]","[0.3499999940395355, 1.149999976158142, -1.2199997901916504]",1.6430614095952478e-06,0.9999898672103882,false,7.549141800001962,0.0,0.0,13.368939399719238,13.368939399719238,-13.318939208984375,1.6430614095952478e-06,0.9999898672103882,3,Accelerate,"[0.3499999940395355, 1.149999976158142, -1.2199997901916504]","[0.0, 0.0, 0.0]",,,,,,,,,,3,250,750
349,ray_zoo,Minecart,minecart,model_20.pt,4,1,3,1,Left,5,None,5,"[0.3499999940395355, 1.149999976158142, -1.2199997901916504]","[0.3499999940395355, 1.149999976158142, -1.0999997854232788]",0.2444506138563156,0.7555294036865234,true,48.61474029999226,0.00012051642261212692,0.024103283882141113,1.4685302751615836e-08,0.0,0.05000042915344238,0.5124596953392029,0.4874665141105652,1,Left,"[0.3499999940395355, 1.149999976158142, -1.12410306930542]","[0.0, 0.0, -0.024103283882141113]",20983,20998,16,41997,true,true,true,true,,,,
349,art_cw,Minecart,minecart,model_20.pt,4,1,3,1,Left,5,None,5,"[0.3499999940395355, 1.149999976158142, -1.2199997901916504]","[0.3499999940395355, 1.149999976158142, -1.0999997854232788]",0.2444506138563156,0.7555294036865234,true,9.448707999981707,0.0014789780834689736,0.02945600263774395,2.187376139772823e-06,0.0,0.6498458385467529,0.6569064259529114,0.34298813343048096,1,Left,"[0.3510097563266754, 1.1480369567871094, -1.1293729543685913]","[0.0010097622871398926, -0.001963019371032715, -0.0293731689453125]",,,,,,,,,,3,250,750
350,ray_zoo,Minecart,minecart,model_20.pt,4,1,3,2,Right,5,None,5,"[0.3499999940395355, 1.149999976158142, -1.2199997901916504]","[0.3499999940395355, 1.149999976158142, -1.0999997854232788]",1.6043219147832133e-05,0.7555294036865234,true,49.30958939998527,0.0014872890897095203,0.29745781421661377,2.21202890315908e-06,0.0,0.05182385444641113,0.5078855752944946,0.4822353720664978,2,Right,"[0.3499999940395355, 1.149999976158142, -0.802541971206665]","[0.0, 0.0, 0.29745781421661377]",20983,20998,16,41997,true,true,false,false,,,,
350,art_cw,Minecart,minecart,model_20.pt,4,1,3,2,Right,5,None,5,"[0.3499999940395355, 1.149999976158142, -1.2199997901916504]","[0.3499999940395355, 1.149999976158142, -1.0999997854232788]",1.6043219147832133e-05,0.7555294036865234,true,6.280360900011146,0.6084386706352234,1.2433838844299316,0.370197594165802,0.0,40.33777618408203,1.0,6.528614837928958e-36,2,Right,"[0.13998733460903168, 0.2618563175201416, -0.2555478811264038]","[-0.21001265943050385, -0.8881436586380005, 0.844451904296875]",,,,,,,,,,3,250,750
351,ray_zoo,Minecart,minecart,model_20.pt,4,2,3,5,None,1,Left,5,"[0.3499999940395355, 1.149999976158142, -1.2199997901916504]","[0.3499999940395355, 1.149999976158142, -1.0799998044967651]",0.006659418344497681,0.9933356046676636,true,48.21954160000314,0.3071892559528351,0.4784456193447113,0.17476777732372284,0.0,0.05023908615112305,0.5125489234924316,0.4874350428581238,5,None,"[0.7966997027397156, 1.0369503498077393, -0.9512000679969788]","[0.44669970870018005, -0.11304962635040283, 0.12879973649978638]",20983,20998,16,41997,true,true,true,true,,,,
351,art_cw,Minecart,minecart,model_20.pt,4,2,3,5,None,1,Left,5,"[0.3499999940395355, 1.149999976158142, -1.2199997901916504]","[0.3499999940395355, 1.149999976158142, -1.0799998044967651]",0.006659418344497681,0.9933356046676636,false,6.829345099977218,0.0,0.0,5.055036544799805,5.055036544799805,-5.005036354064941,0.006659418344497681,0.9933356046676636,1,Left,"[0.3499999940395355, 1.149999976158142, -1.0799998044967651]","[0.0, 0.0, 0.0]",,,,,,,,,,3,250,750
352,ray_zoo,Minecart,minecart,model_20.pt,4,2,3,2,Right,1,Left,5,"[0.3499999940395355, 1.149999976158142, -1.2199997901916504]","[0.3499999940395355, 1.149999976158142, -1.0799998044967651]",5.01839804201154e-06,0.9933356046676636,true,48.46974900001078,0.024379173293709755,0.29543229937553406,0.07469391822814941,0.0,0.05095374584197998,0.5127199292182922,0.48724937438964844,2,Right,"[0.38650259375572205, 1.149999976158142, -0.786831259727478]","[0.03650259971618652, 0.0, 0.2931685447692871]",20983,20998,16,41997,true,true,true,true,,,,
352,art_cw,Minecart,minecart,model_20.pt,4,2,3,2,Right,1,Left,5,"[0.3499999940395355, 1.149999976158142, -1.2199997901916504]","[0.3499999940395355, 1.149999976158142, -1.0799998044967651]",5.01839804201154e-06,0.9933356046676636,true,9.123597900004825,0.0967845469713211,0.7289385199546814,0.00936724804341793,0.0,3.878420829772949,0.9797357320785522,2.0461261266042918e-13,2,Right,"[0.25259676575660706, 1.042481541633606, -0.36564433574676514]","[-0.09740322828292847, -0.10751843452453613, 0.71435546875]",,,,,,,,,,3,250,750
353,ray_zoo,Minecart,minecart,model_20.pt,4,3,3,2,Right,5,None,5,"[0.3499999940395355, 1.149999976158142, -1.2199997901916504]","[0.3499999940395355, 1.149999976158142, -1.0599998235702515]",0.04732634127140045,0.9431484937667847,true,47.292348699993454,0.00023360013437923044,0.046720027923583984,0.0019426500657573342,0.0,0.05013895034790039,0.5119766592979431,0.48693957924842834,2,Right,"[0.3499999940395355, 1.149999976158142, -1.0132797956466675]","[0.0, 0.0, 0.046720027923583984]",20983,20998,16,41997,true,true,true,true,,,,
353,art_cw,Minecart,minecart,model_20.pt,4,3,3,2,Right,5,None,5,"[0.3499999940395355, 1.149999976158142, -1.2199997901916504]","[0.3499999940395355, 1.149999976158142, -1.0599998235702515]",0.04732634127140045,0.9431484937667847,true,8.506234700005734,0.0034396499395370483,0.05011535808444023,1.1831190931843594e-05,0.0,0.9830396175384521,0.7270513772964478,0.27204227447509766,2,Right,"[0.3548503816127777, 1.1517187356948853, -1.010149359703064]","[0.0048503875732421875, 0.001718759536743164, 0.0498504638671875]",,,,,,,,,,3,250,750
354,ray_zoo,Minecart,minecart,model_20.pt,4,3,3,1,Left,5,None,5,"[0.3499999940395355, 1.149999976158142, -1.2199997901916504]","[0.3499999940395355, 1.149999976158142, -1.0599998235702515]",0.008325156755745411,0.9431484937667847,true,48.27329089998966,0.0728670284152031,0.3956749439239502,0.2261684238910675,0.0,0.052645206451416016,0.5093938112258911,0.4832703769207001,1,Left,"[0.24073666334152222, 1.149999976158142, -0.6797102093696594]","[-0.1092633306980133, 0.0, 0.38028961420059204]",20983,20998,16,41997,true,true,true,true,,,,
354,art_cw,Minecart,minecart,model_20.pt,4,3,3,1,Left,5,None,5,"[0.3499999940395355, 1.149999976158142, -1.2199997901916504]","[0.3499999940395355, 1.149999976158142, -1.0599998235702515]",0.008325156755745411,0.9431484937667847,false,7.091173399996478,0.0,0.0,4.779942035675049,4.779942035675049,-4.7299418449401855,0.008325156755745411,0.9431484937667847,5,None,"[0.3499999940395355, 1.149999976158142, -1.0599998235702515]","[0.0, 0.0, 0.0]",,,,,,,,,,3,250,750
355,ray_zoo,Minecart,minecart,model_20.pt,4,4,3,1,Left,5,None,5,"[0.3499999940395355, 1.149999976158142, -1.2199997901916504]","[0.3499999940395355, 1.149999976158142, -1.0399998426437378]",0.003906383644789457,0.9953881502151489,true,48.51805230000173,0.1857673078775406,0.36482447385787964,0.1823604553937912,0.0,0.050084471702575684,0.4937097132205963,0.46959149837493896,1,Left,"[0.2511475384235382, 0.8894785046577454, -0.8045138716697693]","[-0.09885245561599731, -0.26052147150039673, 0.2354859709739685]",20983,20998,16,41997,true,true,true,true,,,,
355,art_cw,Minecart,minecart,model_20.pt,4,4,3,1,Left,5,None,5,"[0.3499999940395355, 1.149999976158142, -1.2199997901916504]","[0.3499999940395355, 1.149999976158142, -1.0399998426437378]",0.003906383644789457,0.9953881502151489,false,8.198512799979653,0.009512941353023052,0.1167624443769455,0.04949695375398733,0.04940645769238472,0.0005935430526733398,0.4972756803035736,0.4969806373119354,1,Left,"[0.34434738755226135, 1.163073182106018, -1.1558903455734253]","[-0.00565260648727417, 0.013073205947875977, -0.1158905029296875]",,,,,,,,,,3,250,750
356,ray_zoo,Minecart,minecart,model_20.pt,4,4,3,2,Right,5,None,5,"[0.3499999940395355, 1.149999976158142, -1.2199997901916504]","[0.3499999940395355, 1.149999976158142, -1.0399998426437378]",0.0007028198451735079,0.9953881502151489,true,47.90616699997918,0.020978165790438652,0.032513052225112915,0.000810587836895138,0.0,0.05002737045288086,0.5123459696769714,0.48734524846076965,2,Right,"[0.3814162611961365, 1.1482105255126953, -1.0318197011947632]","[0.03141626715660095, -0.0017894506454467773, 0.00818014144897461]",20983,20998,16,41997,true,true,false,true,,,,
356,art_cw,Minecart,minecart,model_20.pt,4,4,3,2,Right,5,None,5,"[0.3499999940395355, 1.149999976158142, -1.2199997901916504]","[0.3499999940395355, 1.149999976158142, -1.0399998426437378]",0.0007028198451735079,0.9953881502151489,true,7.085760599991772,0.023971956223249435,0.041871409863233566,0.0005746546667069197,0.0,0.9875614643096924,0.7284590601921082,0.2713392376899719,2,Right,"[0.38494041562080383, 1.1415079832077026, -1.0185459852218628]","[0.03494042158126831, -0.008491992950439453, 0.021453857421875]",,,,,,,,,,3,250,750
357,ray_zoo,Minecart,minecart,model_20.pt,4,5,3,1,Left,5,None,5,"[0.3499999940395355, 1.149999976158142, -1.2199997901916504]","[0.3499999940395355, 1.149999976158142, -1.0199998617172241]",0.0006189555861055851,0.9989456534385681,true,49.10309600000619,0.02320113778114319,0.053126897662878036,0.011435098014771938,0.0,0.050174593925476074,0.5121636986732483,0.48710009455680847,1,Left,"[0.31696876883506775, 1.1609547138214111, -0.9798576235771179]","[-0.03303122520446777, 0.010954737663269043, 0.0401422381401062]",20983,20998,16,41997,true,true,true,true,,,,
357,art_cw,Minecart,minecart,model_20.pt,4,5,3,1,Left,5,None,5,"[0.3499999940395355, 1.149999976158142, -1.2199997901916504]","[0.3499999940395355, 1.149999976158142, -1.0199998617172241]",0.0006189555861055851,0.9989456534385681,true,8.451471300009871,0.15691055357456207,0.9908425211906433,0.02462092414498329,0.0,45.64226531982422,1.0,0.0,1,Left,"[0.5828967690467834, 1.1832274198532104, -0.05749070644378662]","[0.23289677500724792, 0.03322744369506836, 0.9625091552734375]",,,,,,,,,,3,250,750
358,ray_zoo,Minecart,minecart,model_20.pt,4,5,3,2,Right,5,None,5,"[0.3499999940395355, 1.149999976158142, -1.2199997901916504]","[0.3499999940395355, 1.149999976158142, -1.0199998617172241]",0.0004329148505348712,0.9989456534385681,true,48.44141169998329,0.018074881285429,0.029321540147066116,0.0006756595685146749,0.0,0.05002427101135254,0.5110372304916382,0.48610183596611023,2,Right,"[0.37710443139076233, 1.1493514776229858, -1.0088337659835815]","[0.027104437351226807, -0.00064849853515625, 0.011166095733642578]",20983,20998,16,41997,true,true,false,true,,,,
358,art_cw,Minecart,minecart,model_20.pt,4,5,3,2,Right,5,None,5,"[0.3499999940395355, 1.149999976158142, -1.2199997901916504]","[0.3499999940395355, 1.149999976158142, -1.0199998617172241]",0.0004329148505348712,0.9989456534385681,true,9.647531199996592,0.018230315297842026,0.16919663548469543,0.0003323444107081741,0.0,15.894102096557617,0.9999998807907104,1.2510628266682033e-07,2,Right,"[0.37731415033340454, 1.1496211290359497, -0.8530229330062866]","[0.02731415629386902, -0.0003788471221923828, 0.1669769287109375]",,,,,,,,,,3,250,750
359,ray_zoo,Minecart,minecart,model_20.pt,4,6,3,2,Right,5,None,5,"[0.3499999940395355, 1.149999976158142, -1.2199997901916504]","[0.3499999940395355, 1.149999976158142, -0.9999998807907104]",0.0021989261731505394,0.9978000521659851,true,48.84607080000569,0.009611476212739944,0.016960348933935165,0.00023696749121882021,0.0,0.05006051063537598,0.5125004053115845,0.4874759614467621,2,Right,"[0.36441490054130554, 1.149750828742981, -0.9910666942596436]","[0.01441490650177002, -0.0002491474151611328, 0.008933186531066895]",20983,20998,16,41997,true,true,false,true,,,,
359,art_cw,Minecart,minecart,model_20.pt,4,6,3,2,Right,5,None,5,"[0.3499999940395355, 1.149999976158142, -1.2199997901916504]","[0.3499999940395355, 1.149999976158142, -0.9999998807907104]",0.0021989261731505394,0.9978000521659851,true,8.28103480002028,0.052203383296728134,0.1145123764872551,0.0027251930441707373,0.0,18.857990264892578,1.0,6.457714807339698e-09,2,Right,"[0.4277200400829315, 1.140466570854187, -0.9164427518844604]","[0.077720046043396, -0.009533405303955078, 0.08355712890625]",,,,,,,,,,3,250,750
360,ray_zoo,Minecart,minecart,model_20.pt,4,6,3,1,Left,5,None,5,"[0.3499999940395355, 1.149999976158142, -1.2199997901916504]","[0.3499999940395355, 1.149999976158142, -0.9999998807907104]",9.896752999338787e-07,0.9978000521659851,true,49.10032619998674,0.05317651480436325,0.11112850159406662,0.057922832667827606,0.0,0.05014467239379883,0.3470555543899536,0.3300817012786865,1,Left,"[0.2715202271938324, 1.1642481088638306, -0.9226211905479431]","[-0.07847976684570312, 0.014248132705688477, 0.07737869024276733]",20983,20998,16,41997,true,true,false,false,,,,
360,art_cw,Minecart,minecart,model_20.pt,4,6,3,1,Left,5,None,5,"[0.3499999940395355, 1.149999976158142, -1.2199997901916504]","[0.3499999940395355, 1.149999976158142, -0.9999998807907104]",9.896752999338787e-07,0.9978000521659851,true,6.212988499988569,0.13686342537403107,0.9374780058860779,0.01873159594833851,0.0,36.00456237792969,1.0,0.0,1,Left,"[0.5524890422821045, 1.18312406539917, -0.08525073528289795]","[0.20248904824256897, 0.03312408924102783, 0.9147491455078125]",,,,,,,,,,3,250,750
361,ray_zoo,Minecart,minecart,model_20.pt,4,7,3,5,None,2,Right,5,"[0.3499999940395355, 1.149999976158142, -1.2199997901916504]","[0.3499999940395355, 1.149999976158142, -0.9799998998641968]",6.644558015977964e-05,0.9999045133590698,true,49.478560599993216,0.0005458068917505443,0.109161376953125,2.9790516009597923e-07,0.0,0.05046522617340088,0.48436886072158813,0.46053165197372437,5,None,"[0.3499999940395355, 1.149999976158142, -1.0891612768173218]","[0.0, 0.0, -0.109161376953125]",20983,20998,16,41997,false,true,false,true,,,,
361,art_cw,Minecart,minecart,model_20.pt,4,7,3,5,None,2,Right,5,"[0.3499999940395355, 1.149999976158142, -1.2199997901916504]","[0.3499999940395355, 1.149999976158142, -0.9799998998641968]",6.644558015977964e-05,0.9999045133590698,true,8.51902180002071,0.029227804392576218,0.09146609902381897,0.0008542645955458283,0.0,0.37501639127731323,0.5677385926246643,0.03343040496110916,5,None,"[0.3062676787376404, 1.1530359983444214, -1.0602763891220093]","[-0.04373231530189514, 0.003036022186279297, -0.0802764892578125]",,,,,,,,,,3,250,750
362,ray_zoo,Minecart,minecart,model_20.pt,4,7,3,4,Brake,2,Right,5,"[0.3499999940395355, 1.149999976158142, -1.2199997901916504]","[0.3499999940395355, 1.149999976158142, -0.9799998998641968]",2.5310950150014833e-05,0.9999045133590698,true,49.04997029999504,0.030395671725273132,0.05483194440603256,0.017748700454831123,0.0,0.05015343427658081,0.5120702981948853,0.4870215654373169,4,Brake,"[0.30468401312828064, 1.1449822187423706, -0.9495396614074707]","[-0.04531598091125488, -0.005017757415771484, 0.030460238456726074]",20983,20998,16,41997,true,true,false,true,,,,
362,art_cw,Minecart,minecart,model_20.pt,4,7,3,4,Brake,2,Right,5,"[0.3499999940395355, 1.149999976158142, -1.2199997901916504]","[0.3499999940395355, 1.149999976158142, -0.9799998998641968]",2.5310950150014833e-05,0.9999045133590698,true,7.298886499978835,0.0190017931163311,0.13434138894081116,0.0003610681160353124,0.0,0.8135794997215271,0.6785059571266174,0.01067586150020361,4,Brake,"[0.32151520252227783, 1.1497756242752075, -1.1112865209579468]","[-0.02848479151725769, -0.0002243518829345703, -0.13128662109375]",,,,,,,,,,3,250,750
363,ray_zoo,Minecart,minecart,model_20.pt,4,8,3,2,Right,4,Brake,5,"[0.3499999940395355, 1.149999976158142, -1.2199997901916504]","[0.3499999940395355, 1.149999976158142, -0.9599999189376831]",7.0673263508069795e-06,0.9999903440475464,true,48.36377959998208,0.018891489133238792,0.08320009708404541,0.007247115485370159,0.0,0.05008476972579956,0.5125057697296143,0.48746925592422485,2,Right,"[0.3499999940395355, 1.121668815612793, -0.8817720413208008]","[0.0, -0.02833116054534912, 0.07822787761688232]",20983,20998,16,41997,true,true,true,true,,,,
363,art_cw,Minecart,minecart,model_20.pt,4,8,3,2,Right,4,Brake,5,"[0.3499999940395355, 1.149999976158142, -1.2199997901916504]","[0.3499999940395355, 1.149999976158142, -0.9599999189376831]",7.0673263508069795e-06,0.9999903440475464,false,9.610907399997814,0.0,0.0,11.910018920898438,11.910018920898438,-11.860018730163574,7.0673263508069795e-06,0.9999903440475464,4,Brake,"[0.3499999940395355, 1.149999976158142, -0.9599999189376831]","[0.0, 0.0, 0.0]",,,,,,,,,,3,250,750
364,ray_zoo,Minecart,minecart,model_20.pt,4,8,3,5,None,4,Brake,5,"[0.3499999940395355, 1.149999976158142, -1.2199997901916504]","[0.3499999940395355, 1.149999976158142, -0.9599999189376831]",2.4852906790329143e-06,0.9999903440475464,false,48.93637979999767,0.7695501446723938,1.1543257236480713,1.1705583781003952,0.1630210131406784,-0.11302101612091064,0.21277016401290894,0.12226357311010361,2,Right,"[0.4498341679573059, 0.0, -0.9590412974357605]","[0.09983417391777039, -1.149999976158142, 0.0009586215019226074]",20983,20998,0,41981,false,false,false,false,no_successful_seed_or_zoo_point,,,
364,art_cw,Minecart,minecart,model_20.pt,4,8,3,5,None,4,Brake,5,"[0.3499999940395355, 1.149999976158142, -1.2199997901916504]","[0.3499999940395355, 1.149999976158142, -0.9599999189376831]",2.4852906790329143e-06,0.9999903440475464,false,9.25491509999847,0.0,0.0,12.955111503601074,12.955111503601074,-12.905111312866211,2.4852906790329143e-06,0.9999903440475464,4,Brake,"[0.3499999940395355, 1.149999976158142, -0.9599999189376831]","[0.0, 0.0, 0.0]",,,,,,,,,,3,250,750
365,ray_zoo,Minecart,minecart,model_20.pt,4,9,3,2,Right,0,Mine,5,"[0.3499999940395355, 1.149999976158142, -1.2199997901916504]","[0.3499999940395355, 1.149999976158142, -0.9399999380111694]",0.00032957750954665244,0.9996702671051025,true,48.883554000000004,0.00021456211106851697,0.042912423610687256,0.002084061037749052,0.0,0.05016899108886719,0.5125393867492676,0.4874601662158966,2,Right,"[0.3499999940395355, 1.149999976158142, -0.8970875144004822]","[0.0, 0.0, 0.042912423610687256]",20983,20998,16,41997,true,true,false,true,,,,
365,art_cw,Minecart,minecart,model_20.pt,4,9,3,2,Right,0,Mine,5,"[0.3499999940395355, 1.149999976158142, -1.2199997901916504]","[0.3499999940395355, 1.149999976158142, -0.9399999380111694]",0.00032957750954665244,0.9996702671051025,true,9.527718499972252,0.011531392112374306,0.06742489337921143,0.0001329730002908036,0.0,0.8654999732971191,0.6925285458564758,0.29144448041915894,2,Right,"[0.33323824405670166, 1.154241919517517, -1.005170226097107]","[-0.016761749982833862, 0.004241943359375, -0.0651702880859375]",,,,,,,,,,3,250,750
366,ray_zoo,Minecart,minecart,model_20.pt,4,9,3,1,Left,0,Mine,5,"[0.3499999940395355, 1.149999976158142, -1.2199997901916504]","[0.3499999940395355, 1.149999976158142, -0.9399999380111694]",6.461723245365647e-08,0.9996702671051025,true,50.07936579998932,0.3060126304626465,0.4590189456939697,0.1593182533979416,0.0,0.05015861988067627,0.2895038425922394,0.27534088492393494,1,Left,"[0.3499999940395355, 0.6909810304641724, -0.9399999380111694]","[0.0, -0.4590189456939697, 0.0]",20983,20998,16,41997,true,true,true,false,,,,
366,art_cw,Minecart,minecart,model_20.pt,4,9,3,1,Left,0,Mine,5,"[0.3499999940395355, 1.149999976158142, -1.2199997901916504]","[0.3499999940395355, 1.149999976158142, -0.9399999380111694]",6.461723245365647e-08,0.9996702671051025,false,9.45000089998939,0.0,0.0,16.604454040527344,16.604454040527344,-16.554454803466797,6.461723245365647e-08,0.9996702671051025,0,Mine,"[0.3499999940395355, 1.149999976158142, -0.9399999380111694]","[0.0, 0.0, 0.0]",,,,,,,,,,3,250,750
367,ray_zoo,Minecart,minecart,model_20.pt,6,0,3,5,None,3,Accelerate,4,"[0.4000000059604645, 1.100000023841858, -1.1399998664855957]","[0.4000000059604645, 1.100000023841858, -1.1399998664855957]",1.6907114286368596e-07,0.9999998807907104,false,49.37730769999325,0.750015914440155,31.476261138916016,1.2545382231473923,0.22950105369091034,-0.17950105667114258,0.2460809201002121,0.26407289505004883,2,Right,"[1.5, 1.0958813428878784, -32.5970344543457]","[1.100000023841858, -0.004118680953979492, -31.457035064697266]",20983,20998,0,41981,false,false,false,false,no_successful_seed_or_zoo_point,,,
367,art_cw,Minecart,minecart,model_20.pt,6,0,3,5,None,3,Accelerate,4,"[0.4000000059604645, 1.100000023841858, -1.1399998664855957]","[0.4000000059604645, 1.100000023841858, -1.1399998664855957]",1.6907114286368596e-07,0.9999998807907104,false,7.2599875000014435,0.0,0.0,15.642946243286133,15.642946243286133,-15.59294605255127,1.6907114286368596e-07,0.9999998807907104,3,Accelerate,"[0.4000000059604645, 1.100000023841858, -1.1399998664855957]","[0.0, 0.0, 0.0]",,,,,,,,,,3,250,750
368,ray_zoo,Minecart,minecart,model_20.pt,6,0,3,1,Left,3,Accelerate,4,"[0.4000000059604645, 1.100000023841858, -1.1399998664855957]","[0.4000000059604645, 1.100000023841858, -1.1399998664855957]",3.534653125747411e-11,0.9999998807907104,true,47.790871599980164,0.7597372531890869,1.4031593799591064,2.071043014526367,0.0,0.05917799472808838,0.5139353275299072,0.484404057264328,1,Left,"[0.1018630862236023, 0.00010073184967041016, -0.3213472366333008]","[-0.2981369197368622, -1.0998992919921875, 0.8186526298522949]",20983,20998,16,41997,true,true,true,true,,,,
368,art_cw,Minecart,minecart,model_20.pt,6,0,3,1,Left,3,Accelerate,4,"[0.4000000059604645, 1.100000023841858, -1.1399998664855957]","[0.4000000059604645, 1.100000023841858, -1.1399998664855957]",3.534653125747411e-11,0.9999998807907104,false,8.345146700012265,0.0,0.0,24.115819931030273,24.115819931030273,-24.065820693969727,3.534653125747411e-11,0.9999998807907104,3,Accelerate,"[0.4000000059604645, 1.100000023841858, -1.1399998664855957]","[0.0, 0.0, 0.0]",,,,,,,,,,3,250,750
369,ray_zoo,Minecart,minecart,model_20.pt,6,1,3,1,Left,5,None,5,"[0.4000000059604645, 1.100000023841858, -1.1399998664855957]","[0.4000000059604645, 1.100000023841858, -1.0199998617172241]",0.0027405880391597748,0.9972525238990784,true,48.00335709998035,0.0011943037388846278,0.06523299217224121,2.5620438464102335e-06,0.0,0.05014204978942871,0.5124596953392029,0.48739755153656006,1,Left,"[0.40172335505485535, 1.0999864339828491, -1.0852100849151611]","[0.0017233490943908691, -1.3589859008789062e-05, -0.06521022319793701]",20983,20998,16,41997,true,true,false,true,,,,
369,art_cw,Minecart,minecart,model_20.pt,6,1,3,1,Left,5,None,5,"[0.4000000059604645, 1.100000023841858, -1.1399998664855957]","[0.4000000059604645, 1.100000023841858, -1.0199998617172241]",0.0027405880391597748,0.9972525238990784,true,7.356911300012143,0.0032766410149633884,0.07439445704221725,1.0736376680142712e-05,0.0,1.359055757522583,0.7954993844032288,0.20436638593673706,1,Left,"[0.39924901723861694, 1.095174789428711, -1.0942338705062866]","[-0.0007509887218475342, -0.004825234413146973, -0.0742340087890625]",,,,,,,,,,3,250,750
370,ray_zoo,Minecart,minecart,model_20.pt,6,1,3,2,Right,5,None,5,"[0.4000000059604645, 1.100000023841858, -1.1399998664855957]","[0.4000000059604645, 1.100000023841858, -1.0199998617172241]",6.842497896286659e-06,0.9972525238990784,true,48.42123770000762,0.06808367371559143,13.572752952575684,0.004708421882241964,0.0,0.05003988742828369,0.23171357810497284,0.1954757422208786,2,Right,"[0.4012359380722046, 1.091891884803772, -14.592750549316406]","[0.0012359321117401123, -0.008108139038085938, -13.57275104522705]",20983,20998,16,41997,true,true,false,true,,,,
370,art_cw,Minecart,minecart,model_20.pt,6,1,3,2,Right,5,None,5,"[0.4000000059604645, 1.100000023841858, -1.1399998664855957]","[0.4000000059604645, 1.100000023841858, -1.0199998617172241]",6.842497896286659e-06,0.9972525238990784,true,9.611405199975707,0.38029226660728455,1.1686493158340454,0.14462220668792725,0.0,19.496524810791016,1.0,0.0,2,Right,"[0.3562295734882355, 0.5312948226928711, -0.0]","[-0.043770432472229004, -0.5687052011489868, 1.0199998617172241]",,,,,,,,,,3,250,750
371,ray_zoo,Minecart,minecart,model_20.pt,6,2,3,5,None,1,Left,5,"[0.4000000059604645, 1.100000023841858, -1.1399998664855957]","[0.4000000059604645, 1.100000023841858, -0.9999998807907104]",0.011637545190751553,0.9883224368095398,true,49.404836000001524,0.2574307322502136,0.3955576419830322,0.13058751821517944,0.0,0.05031585693359375,0.5125666260719299,0.48741447925567627,5,None,"[0.7694166898727417, 0.9875736236572266, -0.9142242670059204]","[0.3694166839122772, -0.11242640018463135, 0.08577561378479004]",20983,20998,16,41997,true,true,true,true,,,,
371,art_cw,Minecart,minecart,model_20.pt,6,2,3,5,None,1,Left,5,"[0.4000000059604645, 1.100000023841858, -1.1399998664855957]","[0.4000000059604645, 1.100000023841858, -0.9999998807907104]",0.011637545190751553,0.9883224368095398,false,9.187693199986825,0.0,0.0,4.491772651672363,4.491772651672363,-4.4417724609375,0.011637545190751553,0.9883224368095398,1,Left,"[0.4000000059604645, 1.100000023841858, -0.9999998807907104]","[0.0, 0.0, 0.0]",,,,,,,,,,3,250,750
372,ray_zoo,Minecart,minecart,model_20.pt,6,2,3,2,Right,1,Left,5,"[0.4000000059604645, 1.100000023841858, -1.1399998664855957]","[0.4000000059604645, 1.100000023841858, -0.9999998807907104]",4.007203096989542e-05,0.9883224368095398,true,49.52399750001496,0.013608566485345364,0.230829119682312,0.0532102957367897,0.0,0.05023539066314697,0.5125434994697571,0.48743167519569397,2,Right,"[0.4203398823738098, 1.100000023841858, -0.7700686454772949]","[0.020339876413345337, 0.0, 0.22993123531341553]",20983,20998,16,41997,true,true,true,true,,,,
372,art_cw,Minecart,minecart,model_20.pt,6,2,3,2,Right,1,Left,5,"[0.4000000059604645, 1.100000023841858, -1.1399998664855957]","[0.4000000059604645, 1.100000023841858, -0.9999998807907104]",4.007203096989542e-05,0.9883224368095398,true,8.05068869999377,0.32399502396583557,0.6970106959342957,0.10497277975082397,0.0,5.162512302398682,0.9942736029624939,3.1929626857163385e-05,2,Right,"[0.2621159255504608, 0.6339928507804871, -0.500350832939148]","[-0.13788408041000366, -0.46600717306137085, 0.4996490478515625]",,,,,,,,,,3,250,750
373,ray_zoo,Minecart,minecart,model_20.pt,6,3,3,5,None,2,Right,5,"[0.4000000059604645, 1.100000023841858, -1.1399998664855957]","[0.4000000059604645, 1.100000023841858, -0.9799998998641968]",0.002383521990850568,0.997506320476532,true,49.36485240000184,0.0438573956489563,0.06578609347343445,0.027048813179135323,0.0,0.05005216598510742,0.5118998289108276,0.48690876364707947,5,None,"[0.33421391248703003, 1.100000023841858, -0.9799998998641968]","[-0.06578609347343445, 0.0, 0.0]",20983,20998,16,41997,true,true,true,false,,,,
373,art_cw,Minecart,minecart,model_20.pt,6,3,3,5,None,2,Right,5,"[0.4000000059604645, 1.100000023841858, -1.1399998664855957]","[0.4000000059604645, 1.100000023841858, -0.9799998998641968]",0.002383521990850568,0.997506320476532,true,8.513670700020157,0.007918653078377247,0.11515872180461884,6.270506855798885e-05,0.0,6.931211471557617,0.9990241527557373,0.0009758635424077511,5,None,"[0.41014742851257324, 1.0938862562179565, -0.8654521703720093]","[0.010147422552108765, -0.006113767623901367, 0.1145477294921875]",,,,,,,,,,3,250,750
374,ray_zoo,Minecart,minecart,model_20.pt,6,3,3,1,Left,2,Right,5,"[0.4000000059604645, 1.100000023841858, -1.1399998664855957]","[0.4000000059604645, 1.100000023841858, -0.9799998998641968]",0.00010831782128661871,0.997506320476532,true,48.21849239998846,0.11277720332145691,0.3713923990726471,0.2926473021507263,0.0,0.0513615608215332,0.49662452936172485,0.031271498650312424,1,Left,"[0.2308523803949356, 1.100000023841858, -0.6493620276451111]","[-0.16914762556552887, 0.0, 0.3306378722190857]",20983,20998,16,41997,true,true,true,true,,,,
374,art_cw,Minecart,minecart,model_20.pt,6,3,3,1,Left,2,Right,5,"[0.4000000059604645, 1.100000023841858, -1.1399998664855957]","[0.4000000059604645, 1.100000023841858, -0.9799998998641968]",0.00010831782128661871,0.997506320476532,false,7.945078599994304,0.0,0.0,9.17794418334961,9.17794418334961,-9.127943992614746,0.00010831782128661871,0.997506320476532,2,Right,"[0.4000000059604645, 1.100000023841858, -0.9799998998641968]","[0.0, 0.0, 0.0]",,,,,,,,,,3,250,750
375,ray_zoo,Minecart,minecart,model_20.pt,6,4,3,1,Left,5,None,5,"[0.4000000059604645, 1.100000023841858, -1.1399998664855957]","[0.4000000059604645, 1.100000023841858, -0.9599999189376831]",0.0003548684762790799,0.9996442794799805,true,48.927733399992576,0.05032123252749443,0.0754818469285965,0.009412964805960655,0.0,0.05000770092010498,0.5119388699531555,0.486967533826828,1,Left,"[0.37054869532585144, 1.030500888824463, -0.9599999189376831]","[-0.029451310634613037, -0.06949913501739502, 0.0]",20983,20998,16,41997,true,true,true,true,,,,
375,art_cw,Minecart,minecart,model_20.pt,6,4,3,1,Left,5,None,5,"[0.4000000059604645, 1.100000023841858, -1.1399998664855957]","[0.4000000059604645, 1.100000023841858, -0.9599999189376831]",0.0003548684762790799,0.9996442794799805,true,7.47850679999101,0.011638393625617027,0.06330506503582001,0.00013545221008826047,0.0,0.8200144171714783,0.6934170126914978,0.3053983747959137,1,Left,"[0.4141799211502075, 1.089827060699463, -1.020851969718933]","[0.014179915189743042, -0.01017296314239502, -0.06085205078125]",,,,,,,,,,3,250,750
376,ray_zoo,Minecart,minecart,model_20.pt,6,4,3,2,Right,5,None,5,"[0.4000000059604645, 1.100000023841858, -1.1399998664855957]","[0.4000000059604645, 1.100000023841858, -0.9599999189376831]",8.923510677050217e-07,0.9996442794799805,true,48.08086890002596,0.17285577952861786,0.5578626394271851,0.32040855288505554,0.0,0.05088520050048828,0.5127178430557251,2.5266584345222963e-33,2,Right,"[0.39556917548179626, 0.8407806754112244, -0.4660399854183197]","[-0.004430830478668213, -0.25921934843063354, 0.4939599335193634]",20983,20998,16,41997,true,true,false,false,,,,
376,art_cw,Minecart,minecart,model_20.pt,6,4,3,2,Right,5,None,5,"[0.4000000059604645, 1.100000023841858, -1.1399998664855957]","[0.4000000059604645, 1.100000023841858, -0.9599999189376831]",8.923510677050217e-07,0.9996442794799805,true,8.06911820001551,0.09266413003206253,3.301769256591797,0.0085866404697299,0.0,0.07137298583984375,0.25123131275177,0.21523824334144592,2,Right,"[0.44127899408340454, 0.9696013331413269, -4.25893497467041]","[0.041278988122940063, -0.130398690700531, -3.2989349365234375]",,,,,,,,,,3,250,750
377,ray_zoo,Minecart,minecart,model_20.pt,6,5,3,1,Left,5,None,5,"[0.4000000059604645, 1.100000023841858, -1.1399998664855957]","[0.4000000059604645, 1.100000023841858, -0.9399999380111694]",0.00013012842100579292,0.999869704246521,true,49.12348940002266,0.00027920902357436717,0.055841803550720215,0.0035290936939418316,0.0,0.05019044876098633,0.512544572353363,0.4874546527862549,1,Left,"[0.4000000059604645, 1.100000023841858, -0.8841581344604492]","[0.0, 0.0, 0.055841803550720215]",20983,20998,16,41997,true,true,true,true,,,,
377,art_cw,Minecart,minecart,model_20.pt,6,5,3,1,Left,5,None,5,"[0.4000000059604645, 1.100000023841858, -1.1399998664855957]","[0.4000000059604645, 1.100000023841858, -0.9399999380111694]",0.00013012842100579292,0.999869704246521,true,8.186167400010163,0.03880704194307327,0.0882604643702507,0.0015059864381328225,0.0,0.2053319215774536,0.5510725975036621,0.4487808048725128,1,Left,"[0.3471662402153015, 1.1244298219680786, -1.0063451528549194]","[-0.052833765745162964, 0.024429798126220703, -0.06634521484375]",,,,,,,,,,3,250,750
378,ray_zoo,Minecart,minecart,model_20.pt,6,5,3,2,Right,5,None,5,"[0.4000000059604645, 1.100000023841858, -1.1399998664855957]","[0.4000000059604645, 1.100000023841858, -0.9399999380111694]",1.5390764929179568e-07,0.999869704246521,true,49.35158670000965,0.45223450660705566,0.7368019819259644,0.47391247749328613,0.0,0.05053603649139404,0.46435144543647766,0.08659321069717407,2,Right,"[0.4000000059604645, 0.4216517210006714, -0.6523877382278442]","[0.0, -0.6783483028411865, 0.2876121997833252]",20983,20998,16,41997,true,true,true,true,,,,
378,art_cw,Minecart,minecart,model_20.pt,6,5,3,2,Right,5,None,5,"[0.4000000059604645, 1.100000023841858, -1.1399998664855957]","[0.4000000059604645, 1.100000023841858, -0.9399999380111694]",1.5390764929179568e-07,0.999869704246521,false,7.6468853999977,0.026478959247469902,0.6944918632507324,0.03024970949627459,0.02954857423901558,0.02045142650604248,0.257020503282547,0.24414826929569244,2,Right,"[0.38684073090553284, 1.06288743019104, -1.633374571800232]","[-0.01315927505493164, -0.03711259365081787, -0.6933746337890625]",,,,,,,,,,3,250,750
379,ray_zoo,Minecart,minecart,model_20.pt,6,6,3,5,None,1,Left,5,"[0.4000000059604645, 1.100000023841858, -1.1399998664855957]","[0.4000000059604645, 1.100000023841858, -0.9199999570846558]",1.7726627277170337e-08,1.0,true,48.716562200017506,0.6607561707496643,1.4482319355010986,0.811833381652832,0.0,0.05001252889633179,0.45220592617988586,0.04430259019136429,5,None,"[1.106282114982605, 0.4046943783760071, -1.9759788513183594]","[0.7062821388244629, -0.6953056454658508, -1.0559788942337036]",20983,20998,16,41997,true,true,false,false,,,,
379,art_cw,Minecart,minecart,model_20.pt,6,6,3,5,None,1,Left,5,"[0.4000000059604645, 1.100000023841858, -1.1399998664855957]","[0.4000000059604645, 1.100000023841858, -0.9199999570846558]",1.7726627277170337e-08,1.0,false,9.461465999978827,0.0,0.0,17.898197174072266,17.898197174072266,-17.84819793701172,1.7726627277170337e-08,1.0,1,Left,"[0.4000000059604645, 1.100000023841858, -0.9199999570846558]","[0.0, 0.0, 0.0]",,,,,,,,,,3,250,750
380,ray_zoo,Minecart,minecart,model_20.pt,6,6,3,2,Right,1,Left,5,"[0.4000000059604645, 1.100000023841858, -1.1399998664855957]","[0.4000000059604645, 1.100000023841858, -0.9199999570846558]",3.633133571767644e-09,1.0,true,48.06733379999059,0.46663615107536316,0.6999542117118835,0.4049057066440582,0.0,0.05001330375671387,0.3926757276058197,0.12098657339811325,2,Right,"[0.4000000059604645, 0.40004581212997437, -0.9199999570846558]","[0.0, -0.6999542117118835, 0.0]",20983,20998,16,41997,true,true,false,false,,,,
380,art_cw,Minecart,minecart,model_20.pt,6,6,3,2,Right,1,Left,5,"[0.4000000059604645, 1.100000023841858, -1.1399998664855957]","[0.4000000059604645, 1.100000023841858, -0.9199999570846558]",3.633133571767644e-09,1.0,true,7.264881000010064,0.11429239809513092,0.40968576073646545,0.013062751851975918,0.0,0.22584033012390137,0.29005321860313416,0.21077680587768555,2,Right,"[0.24148505926132202, 1.0347588062286377, -1.2921007871627808]","[-0.15851494669914246, -0.06524121761322021, -0.372100830078125]",,,,,,,,,,3,250,750
381,ray_zoo,Minecart,minecart,model_20.pt,6,7,3,5,None,1,Left,5,"[0.4000000059604645, 1.100000023841858, -1.1399998664855957]","[0.4000000059604645, 1.100000023841858, -0.8999999761581421]",5.0993812692468055e-06,0.9999947547912598,false,50.477762900001835,0.7360914945602417,1.104137659072876,2.037023186683655,1.029485821723938,-0.979485809803009,0.16892676055431366,0.08820224553346634,2,Right,"[0.4954935908317566, 0.0, -0.8991012573242188]","[0.09549358487129211, -1.100000023841858, 0.0008987188339233398]",20983,20998,0,41981,false,false,false,false,no_successful_seed_or_zoo_point,,,
381,art_cw,Minecart,minecart,model_20.pt,6,7,3,5,None,1,Left,5,"[0.4000000059604645, 1.100000023841858, -1.1399998664855957]","[0.4000000059604645, 1.100000023841858, -0.8999999761581421]",5.0993812692468055e-06,0.9999947547912598,true,8.199504800024442,0.08033174276351929,0.39720210433006287,0.006453188601881266,0.0,0.1493384838104248,0.31495389342308044,0.2712627053260803,5,None,"[0.4312576651573181, 0.9836618304252625, -1.2784942388534546]","[0.03125765919685364, -0.11633819341659546, -0.3784942626953125]",,,,,,,,,,3,250,750
382,ray_zoo,Minecart,minecart,model_20.pt,6,7,3,2,Right,1,Left,5,"[0.4000000059604645, 1.100000023841858, -1.1399998664855957]","[0.4000000059604645, 1.100000023841858, -0.8999999761581421]",1.0842696696045095e-07,0.9999947547912598,true,49.210252999997465,0.07821580022573471,0.11732369661331177,0.011375908739864826,0.0,0.050188302993774414,0.35438796877861023,0.33704084157943726,2,Right,"[0.477489173412323, 1.0119075775146484, -0.8999999761581421]","[0.07748916745185852, -0.08809244632720947, 0.0]",20983,20998,16,41997,true,true,true,true,,,,
382,art_cw,Minecart,minecart,model_20.pt,6,7,3,2,Right,1,Left,5,"[0.4000000059604645, 1.100000023841858, -1.1399998664855957]","[0.4000000059604645, 1.100000023841858, -0.8999999761581421]",1.0842696696045095e-07,0.9999947547912598,true,8.585527399991406,0.02115972526371479,0.36447256803512573,0.00044773396803066134,0.0,0.15333032608032227,0.32790660858154297,0.2204720675945282,2,Right,"[0.4129275679588318, 1.0711406469345093, -1.263098120689392]","[0.01292756199836731, -0.028859376907348633, -0.36309814453125]",,,,,,,,,,3,250,750
383,ray_zoo,Minecart,minecart,model_20.pt,6,8,3,1,Left,4,Brake,5,"[0.4000000059604645, 1.100000023841858, -1.1399998664855957]","[0.4000000059604645, 1.100000023841858, -0.8799999952316284]",2.1524946269835254e-09,1.0,true,48.17974820002564,0.055054400116205215,0.09836670756340027,0.046310845762491226,0.0,0.05020713806152344,0.5125449895858765,0.4874468743801117,1,Left,"[0.3174193799495697, 1.100000023841858, -0.8265542387962341]","[-0.08258062601089478, 0.0, 0.05344575643539429]",20983,20998,16,41997,true,true,true,true,,,,
383,art_cw,Minecart,minecart,model_20.pt,6,8,3,1,Left,4,Brake,5,"[0.4000000059604645, 1.100000023841858, -1.1399998664855957]","[0.4000000059604645, 1.100000023841858, -0.8799999952316284]",2.1524946269835254e-09,1.0,false,8.271062499989057,0.0,0.0,20.006637573242188,20.006637573242188,-19.95663833618164,2.1524946269835254e-09,1.0,4,Brake,"[0.4000000059604645, 1.100000023841858, -0.8799999952316284]","[0.0, 0.0, 0.0]",,,,,,,,,,3,250,750
384,ray_zoo,Minecart,minecart,model_20.pt,6,8,3,5,None,4,Brake,5,"[0.4000000059604645, 1.100000023841858, -1.1399998664855957]","[0.4000000059604645, 1.100000023841858, -0.8799999952316284]",2.659978348695802e-10,1.0,false,47.726031300000614,0.5538236498832703,97.07930755615234,1.4686478823423386,0.23090331256389618,-0.18090331554412842,0.18689106404781342,0.18577228486537933,1,Left,"[0.0, 1.102874517440796, -97.95848083496094]","[-0.4000000059604645, 0.0028744935989379883, -97.07848358154297]",20983,20998,0,41981,false,false,false,false,no_successful_seed_or_zoo_point,,,
384,art_cw,Minecart,minecart,model_20.pt,6,8,3,5,None,4,Brake,5,"[0.4000000059604645, 1.100000023841858, -1.1399998664855957]","[0.4000000059604645, 1.100000023841858, -0.8799999952316284]",2.659978348695802e-10,1.0,false,9.165063599997666,0.0,0.0,22.097532272338867,22.097532272338867,-22.04753303527832,2.659978348695802e-10,1.0,4,Brake,"[0.4000000059604645, 1.100000023841858, -0.8799999952316284]","[0.0, 0.0, 0.0]",,,,,,,,,,3,250,750
385,ray_zoo,Minecart,minecart,model_20.pt,6,9,3,0,Mine,1,Left,5,"[0.4000000059604645, 1.100000023841858, -1.1399998664855957]","[0.4000000059604645, 1.100000023841858, -0.8600000143051147]",0.03536805883049965,0.9646169543266296,true,48.184921899985056,0.24740448594093323,46.10237121582031,0.06860831379890442,0.0,0.050006866455078125,0.29164254665374756,0.27741706371307373,0,Mine,"[0.41617637872695923, 0.966193437576294, -46.96217346191406]","[0.01617637276649475, -0.13380658626556396, -46.1021728515625]",20983,20998,16,41997,true,true,false,false,,,,
385,art_cw,Minecart,minecart,model_20.pt,6,9,3,0,Mine,1,Left,5,"[0.4000000059604645, 1.100000023841858, -1.1399998664855957]","[0.4000000059604645, 1.100000023841858, -0.8600000143051147]",0.03536805883049965,0.9646169543266296,false,8.316295199998422,0.01804085075855255,0.1919599026441574,0.03113766497699544,0.03081219270825386,0.0191878080368042,0.37082916498184204,0.363781601190567,0,Mine,"[0.4026629626750946, 1.0731078386306763, -1.0500482320785522]","[0.002662956714630127, -0.02689218521118164, -0.1900482177734375]",,,,,,,,,,3,250,750
386,ray_zoo,Minecart,minecart,model_20.pt,6,9,3,5,None,1,Left,5,"[0.4000000059604645, 1.100000023841858, -1.1399998664855957]","[0.4000000059604645, 1.100000023841858, -0.8600000143051147]",1.4507962077914272e-05,0.9646169543266296,false,49.59584449999966,0.7548466324806213,5.4563093185424805,1.4007698893547058,0.3418425917625427,-0.29184257984161377,0.20089688897132874,0.2689792811870575,1,Left,"[1.5, 0.8346083760261536, -6.1976847648620605]","[1.100000023841858, -0.26539164781570435, -5.337684631347656]",20983,20998,0,41981,false,false,false,false,no_successful_seed_or_zoo_point,,,
386,art_cw,Minecart,minecart,model_20.pt,6,9,3,5,None,1,Left,5,"[0.4000000059604645, 1.100000023841858, -1.1399998664855957]","[0.4000000059604645, 1.100000023841858, -0.8600000143051147]",1.4507962077914272e-05,0.9646169543266296,false,7.139889299985953,0.0,0.0,11.154788970947266,11.154788970947266,-11.104788780212402,1.4507962077914272e-05,0.9646169543266296,1,Left,"[0.4000000059604645, 1.100000023841858, -0.8600000143051147]","[0.0, 0.0, 0.0]",,,,,,,,,,3,250,750
387,ray_zoo,Minecart,minecart,model_20.pt,8,0,3,5,None,3,Accelerate,4,"[0.6000000238418579, 0.4000000059604645, -0.779999852180481]","[0.6000000238418579, 0.4000000059604645, -0.779999852180481]",3.7133649488652054e-09,1.0,false,49.140101400000276,0.8417826890945435,4.719966888427734,1.5622362345457077,0.08865039050579071,-0.03865039348602295,0.27413269877433777,0.28493544459342957,3,Accelerate,"[1.2190172672271729, 1.5, -5.328065872192383]","[0.6190172433853149, 1.100000023841858, -4.548066139221191]",20983,20998,0,41981,false,false,false,false,no_successful_seed_or_zoo_point,,,
387,art_cw,Minecart,minecart,model_20.pt,8,0,3,5,None,3,Accelerate,4,"[0.6000000238418579, 0.4000000059604645, -0.779999852180481]","[0.6000000238418579, 0.4000000059604645, -0.779999852180481]",3.7133649488652054e-09,1.0,false,8.23431649999111,0.0,0.0,19.461326599121094,19.461326599121094,-19.411327362060547,3.7133649488652054e-09,1.0,3,Accelerate,"[0.6000000238418579, 0.4000000059604645, -0.779999852180481]","[0.0, 0.0, 0.0]",,,,,,,,,,3,250,750
388,ray_zoo,Minecart,minecart,model_20.pt,8,0,3,1,Left,3,Accelerate,4,"[0.6000000238418579, 0.4000000059604645, -0.779999852180481]","[0.6000000238418579, 0.4000000059604645, -0.779999852180481]",6.53128870431452e-11,1.0,true,48.88060260002385,0.44352978467941284,0.8016849756240845,1.848931074142456,0.0,0.05038189888000488,0.34395796060562134,0.32705801725387573,1,Left,"[0.0009034276008605957, 0.11070951819419861, -0.3326822817325592]","[-0.5990965962409973, -0.28929048776626587, 0.44731757044792175]",20983,20998,16,41997,true,true,true,true,,,,
388,art_cw,Minecart,minecart,model_20.pt,8,0,3,1,Left,3,Accelerate,4,"[0.6000000238418579, 0.4000000059604645, -0.779999852180481]","[0.6000000238418579, 0.4000000059604645, -0.779999852180481]",6.53128870431452e-11,1.0,false,7.03653799998574,0.0,0.0,23.5018310546875,23.5018310546875,-23.451831817626953,6.53128870431452e-11,1.0,3,Accelerate,"[0.6000000238418579, 0.4000000059604645, -0.779999852180481]","[0.0, 0.0, 0.0]",,,,,,,,,,3,250,750
389,ray_zoo,Minecart,minecart,model_20.pt,8,1,3,5,None,2,Right,5,"[0.6000000238418579, 0.4000000059604645, -0.779999852180481]","[0.6000000238418579, 0.4000000059604645, -0.6599998474121094]",0.018980812281370163,0.9810189604759216,true,48.56868610001402,0.08418162167072296,0.13521254062652588,0.01351976115256548,0.0,0.05014348030090332,0.5045154094696045,0.47984108328819275,5,None,"[0.5867544412612915, 0.5255752801895142, -0.7083510160446167]","[-0.013245582580566406, 0.12557527422904968, -0.048351168632507324]",20983,20998,16,41997,true,true,false,true,,,,
389,art_cw,Minecart,minecart,model_20.pt,8,1,3,5,None,2,Right,5,"[0.6000000238418579, 0.4000000059604645, -0.779999852180481]","[0.6000000238418579, 0.4000000059604645, -0.6599998474121094]",0.018980812281370163,0.9810189604759216,false,9.473940500000026,0.0,0.0,3.9951632022857666,3.9951632022857666,-3.9451632499694824,0.018980812281370163,0.9810189604759216,2,Right,"[0.6000000238418579, 0.4000000059604645, -0.6599998474121094]","[0.0, 0.0, 0.0]",,,,,,,,,,3,250,750
390,ray_zoo,Minecart,minecart,model_20.pt,8,1,3,1,Left,2,Right,5,"[0.6000000238418579, 0.4000000059604645, -0.779999852180481]","[0.6000000238418579, 0.4000000059604645, -0.6599998474121094]",2.3516466285400384e-07,0.9810189604759216,true,49.68407380001736,0.06012978032231331,1.7683676481246948,0.006756938062608242,0.0,0.05001974105834961,0.2777983248233795,0.21076542139053345,1,Left,"[0.5928327441215515, 0.4889283776283264, -2.4261155128479004]","[-0.0071672797203063965, 0.08892837166786194, -1.766115665435791]",20983,20998,16,41997,true,true,false,true,,,,
390,art_cw,Minecart,minecart,model_20.pt,8,1,3,1,Left,2,Right,5,"[0.6000000238418579, 0.4000000059604645, -0.779999852180481]","[0.6000000238418579, 0.4000000059604645, -0.6599998474121094]",2.3516466285400384e-07,0.9810189604759216,true,7.3823268999985885,0.15540243685245514,0.26426467299461365,0.02414991892874241,0.0,0.988534688949585,0.7254037857055664,0.00423163827508688,1,Left,"[0.41891157627105713, 0.5467767715454102, -0.7844963073730469]","[-0.18108844757080078, 0.14677676558494568, -0.1244964599609375]",,,,,,,,,,3,250,750
391,ray_zoo,Minecart,minecart,model_20.pt,8,2,3,1,Left,5,None,5,"[0.6000000238418579, 0.4000000059604645, -0.779999852180481]","[0.6000000238418579, 0.4000000059604645, -0.6399998664855957]",0.0170857273042202,0.9828693270683289,true,50.65195650001988,0.030502023175358772,5.832503795623779,0.001004538731649518,0.0,0.05000197887420654,0.28650251030921936,0.27252909541130066,1,Left,"[0.6000000238418579, 0.41341015696525574, -6.4724884033203125]","[0.0, 0.01341015100479126, -5.832488536834717]",20983,20998,16,41997,true,true,true,true,,,,
391,art_cw,Minecart,minecart,model_20.pt,8,2,3,1,Left,5,None,5,"[0.6000000238418579, 0.4000000059604645, -0.779999852180481]","[0.6000000238418579, 0.4000000059604645, -0.6399998664855957]",0.0170857273042202,0.9828693270683289,false,9.165452099987306,0.0,0.0,4.102232933044434,4.102232933044434,-4.05223274230957,0.0170857273042202,0.9828693270683289,5,None,"[0.6000000238418579, 0.4000000059604645, -0.6399998664855957]","[0.0, 0.0, 0.0]",,,,,,,,,,3,250,750
392,ray_zoo,Minecart,minecart,model_20.pt,8,2,3,2,Right,5,None,5,"[0.6000000238418579, 0.4000000059604645, -0.779999852180481]","[0.6000000238418579, 0.4000000059604645, -0.6399998664855957]",4.498658745433204e-05,0.9828693270683289,true,49.56340159999672,0.04510562866926193,9.021125793457031,0.0020476013887673616,0.0,0.05004847049713135,0.2281014323234558,0.20765602588653564,2,Right,"[0.6000000238418579, 0.4000000059604645, -9.661125183105469]","[0.0, 0.0, -9.021125793457031]",20983,20998,16,41997,true,true,true,false,,,,
392,art_cw,Minecart,minecart,model_20.pt,8,2,3,2,Right,5,None,5,"[0.6000000238418579, 0.4000000059604645, -0.779999852180481]","[0.6000000238418579, 0.4000000059604645, -0.6399998664855957]",4.498658745433204e-05,0.9828693270683289,true,7.461923599999864,0.29485905170440674,0.9583590626716614,0.08694185316562653,0.0,0.4385315775871277,0.3709549605846405,0.23925960063934326,2,Right,"[0.15966802835464478, 0.4410638213157654, -1.4902195930480957]","[-0.44033199548721313, 0.0410638153553009, -0.8502197265625]",,,,,,,,,,3,250,750
393,ray_zoo,Minecart,minecart,model_20.pt,8,3,3,1,Left,5,None,5,"[0.6000000238418579, 0.4000000059604645, -0.779999852180481]","[0.6000000238418579, 0.4000000059604645, -0.619999885559082]",1.5066437981658964e-06,0.9999983310699463,true,48.48890160000883,0.011976330541074276,2.395266056060791,0.0001443259243387729,0.0,0.05001068115234375,0.3700316250324249,0.35198119282722473,1,Left,"[0.6000000238418579, 0.4000000059604645, -3.015265941619873]","[0.0, 0.0, -2.395266056060791]",20983,20998,16,41997,true,true,true,true,,,,
393,art_cw,Minecart,minecart,model_20.pt,8,3,3,1,Left,5,None,5,"[0.6000000238418579, 0.4000000059604645, -0.779999852180481]","[0.6000000238418579, 0.4000000059604645, -0.619999885559082]",1.5066437981658964e-06,0.9999983310699463,true,9.847680700011551,0.15850865840911865,0.24098746478557587,0.025124993175268173,0.0,1.5377529859542847,0.8171402215957642,0.17557349801063538,1,Left,"[0.3966395854949951, 0.5231896042823792, -0.6592912673950195]","[-0.2033604383468628, 0.12318959832191467, -0.0392913818359375]",,,,,,,,,,3,250,750
394,ray_zoo,Minecart,minecart,model_20.pt,8,3,3,2,Right,5,None,5,"[0.6000000238418579, 0.4000000059604645, -0.779999852180481]","[0.6000000238418579, 0.4000000059604645, -0.619999885559082]",2.0581882154147024e-07,0.9999983310699463,true,48.46709089999786,0.15342001616954803,0.23013003170490265,0.06538200378417969,0.0,0.05032181739807129,0.5124850869178772,0.0001809109526220709,2,Right,"[0.8301274180412292, 0.4011000096797943, -0.619999885559082]","[0.23012739419937134, 0.001100003719329834, 0.0]",20983,20998,16,41997,true,true,true,false,,,,
394,art_cw,Minecart,minecart,model_20.pt,8,3,3,2,Right,5,None,5,"[0.6000000238418579, 0.4000000059604645, -0.779999852180481]","[0.6000000238418579, 0.4000000059604645, -0.619999885559082]",2.0581882154147024e-07,0.9999983310699463,true,8.342865400016308,0.3149667978286743,0.6183381080627441,0.09920407831668854,0.0,7.756932258605957,0.9995724558830261,7.630803189347622e-20,2,Right,"[0.17609545588493347, 0.19142115116119385, -0.22107410430908203]","[-0.42390456795692444, -0.20857885479927063, 0.39892578125]",,,,,,,,,,3,250,750
395,ray_zoo,Minecart,minecart,model_20.pt,8,4,3,5,None,1,Left,5,"[0.6000000238418579, 0.4000000059604645, -0.779999852180481]","[0.6000000238418579, 0.4000000059604645, -0.5999999046325684]",1.2723477084364276e-05,0.9999872446060181,true,49.110027699993225,0.4324217736721039,1.3932266235351562,0.5193368196487427,0.0,0.05001425743103027,0.3308057487010956,0.314667671918869,5,None,"[1.2485504150390625, 0.4046023488044739, -1.8330618143081665]","[0.6485503911972046, 0.004602342844009399, -1.2330619096755981]",20983,20998,16,41997,true,true,false,false,,,,
395,art_cw,Minecart,minecart,model_20.pt,8,4,3,5,None,1,Left,5,"[0.6000000238418579, 0.4000000059604645, -0.779999852180481]","[0.6000000238418579, 0.4000000059604645, -0.5999999046325684]",1.2723477084364276e-05,0.9999872446060181,true,9.798299999994924,0.247640460729599,0.5406104922294617,0.0613257996737957,0.0,0.12201440334320068,0.5295187830924988,0.4686959683895111,5,None,"[0.9403320550918579, 0.2511763572692871, -0.9927916526794434]","[0.34033203125, -0.14882364869117737, -0.392791748046875]",,,,,,,,,,3,250,750
396,ray_zoo,Minecart,minecart,model_20.pt,8,4,3,2,Right,1,Left,5,"[0.6000000238418579, 0.4000000059604645, -0.779999852180481]","[0.6000000238418579, 0.4000000059604645, -0.5999999046325684]",4.981296191503004e-12,0.9999872446060181,true,48.83184790000087,0.2001734972000122,0.40398451685905457,0.10896481573581696,0.0,0.05013000965118408,0.5045037269592285,0.4798364043235779,2,Right,"[0.890565812587738, 0.4756547808647156, -0.8702800273895264]","[0.2905657887458801, 0.0756547749042511, -0.270280122756958]",20983,20998,16,41997,true,true,false,true,,,,
396,art_cw,Minecart,minecart,model_20.pt,8,4,3,2,Right,1,Left,5,"[0.6000000238418579, 0.4000000059604645, -0.779999852180481]","[0.6000000238418579, 0.4000000059604645, -0.5999999046325684]",4.981296191503004e-12,0.9999872446060181,false,9.520772400021087,0.0,0.0,26.0753173828125,26.0753173828125,-26.025318145751953,4.981296191503004e-12,0.9999872446060181,1,Left,"[0.6000000238418579, 0.4000000059604645, -0.5999999046325684]","[0.0, 0.0, 0.0]",,,,,,,,,,3,250,750
397,ray_zoo,Minecart,minecart,model_20.pt,8,5,3,5,None,2,Right,5,"[0.6000000238418579, 0.4000000059604645, -0.779999852180481]","[0.6000000238418579, 0.4000000059604645, -0.5799999237060547]",6.115733253153621e-09,1.0,true,48.932529199984856,0.10805563628673553,0.4677720069885254,0.02638380043208599,0.0,0.050037384033203125,0.32786330580711365,0.3118615746498108,5,None,"[0.7364349961280823, 0.3125602602958679, -1.0188056230545044]","[0.13643497228622437, -0.08743974566459656, -0.4388056993484497]",20983,20998,16,41997,true,true,false,true,,,,
397,art_cw,Minecart,minecart,model_20.pt,8,5,3,5,None,2,Right,5,"[0.6000000238418579, 0.4000000059604645, -0.779999852180481]","[0.6000000238418579, 0.4000000059604645, -0.5799999237060547]",6.115733253153621e-09,1.0,false,9.580271000013454,0.0,0.0,18.962400436401367,18.962400436401367,-18.91240119934082,6.115733253153621e-09,1.0,2,Right,"[0.6000000238418579, 0.4000000059604645, -0.5799999237060547]","[0.0, 0.0, 0.0]",,,,,,,,,,3,250,750
398,ray_zoo,Minecart,minecart,model_20.pt,8,5,3,1,Left,2,Right,5,"[0.6000000238418579, 0.4000000059604645, -0.779999852180481]","[0.6000000238418579, 0.4000000059604645, -0.5799999237060547]",3.169322582152745e-09,1.0,true,48.60177109998767,0.0005044913268648088,0.10089826583862305,0.030262967571616173,0.0,0.05055767297744751,0.5126367211341858,0.4873632788658142,1,Left,"[0.6000000238418579, 0.4000000059604645, -0.47910165786743164]","[0.0, 0.0, 0.10089826583862305]",20983,20998,16,41997,true,true,true,false,,,,
398,art_cw,Minecart,minecart,model_20.pt,8,5,3,1,Left,2,Right,5,"[0.6000000238418579, 0.4000000059604645, -0.779999852180481]","[0.6000000238418579, 0.4000000059604645, -0.5799999237060547]",3.169322582152745e-09,1.0,true,7.1179813999915496,0.0037543552462011576,0.0692429468035698,1.409518336004112e-05,0.0,0.05202507972717285,0.4867511987686157,0.4620753526687622,1,Left,"[0.5955309271812439, 0.3966127634048462, -0.6490154266357422]","[-0.004469096660614014, -0.003387242555618286, -0.0690155029296875]",,,,,,,,,,3,250,750
399,ray_zoo,Minecart,minecart,model_20.pt,8,6,3,5,None,1,Left,5,"[0.6000000238418579, 0.4000000059604645, -0.779999852180481]","[0.6000000238418579, 0.4000000059604645, -0.559999942779541]",1.7686963929008925e-06,0.9999982118606567,true,49.89869550001458,0.11329121142625809,0.4427981376647949,0.05344440042972565,0.0,0.05019211769104004,0.29918211698532104,0.2514803111553192,5,None,"[0.7591232657432556, 0.3404272794723511, -0.9689022302627563]","[0.1591232419013977, -0.0595727264881134, -0.40890228748321533]",20983,20998,16,41997,true,true,false,false,,,,
399,art_cw,Minecart,minecart,model_20.pt,8,6,3,5,None,1,Left,5,"[0.6000000238418579, 0.4000000059604645, -0.779999852180481]","[0.6000000238418579, 0.4000000059604645, -0.559999942779541]",1.7686963929008925e-06,0.9999982118606567,false,9.330003300012322,0.0,0.0,13.295266151428223,13.295266151428223,-13.24526596069336,1.7686963929008925e-06,0.9999982118606567,1,Left,"[0.6000000238418579, 0.4000000059604645, -0.559999942779541]","[0.0, 0.0, 0.0]",,,,,,,,,,3,250,750
400,ray_zoo,Minecart,minecart,model_20.pt,8,6,3,2,Right,1,Left,5,"[0.6000000238418579, 0.4000000059604645, -0.779999852180481]","[0.6000000238418579, 0.4000000059604645, -0.559999942779541]",1.2518071024203437e-08,0.9999982118606567,true,49.5446629000071,0.00045847773435525596,0.09169554710388184,0.02681146375834942,0.0,0.05034303665161133,0.5125830173492432,1.3607130711079662e-07,2,Right,"[0.6000000238418579, 0.4000000059604645, -0.4683043956756592]","[0.0, 0.0, 0.09169554710388184]",20983,20998,16,41997,true,true,false,false,,,,
400,art_cw,Minecart,minecart,model_20.pt,8,6,3,2,Right,1,Left,5,"[0.6000000238418579, 0.4000000059604645, -0.779999852180481]","[0.6000000238418579, 0.4000000059604645, -0.559999942779541]",1.2518071024203437e-08,0.9999982118606567,true,6.148652900010347,0.02044912613928318,0.13141857087612152,0.0004181667463853955,0.0,6.901473045349121,0.998994767665863,3.1173041849675426e-14,2,Right,"[0.6297529935836792, 0.4073971211910248, -0.4322075843811035]","[0.02975296974182129, 0.007397115230560303, 0.1277923583984375]",,,,,,,,,,3,250,750
401,ray_zoo,Minecart,minecart,model_20.pt,8,7,3,5,None,1,Left,5,"[0.6000000238418579, 0.4000000059604645, -0.779999852180481]","[0.6000000238418579, 0.4000000059604645, -0.5399999618530273]",2.371327023631409e-10,1.0,true,49.87845809999271,0.007833988405764103,1.5667977333068848,6.170412962092087e-05,0.0,0.05003976821899414,0.21858398616313934,0.20791523158550262,5,None,"[0.6000000238418579, 0.4000000059604645, -2.106797695159912]","[0.0, 0.0, -1.5667977333068848]",20983,20998,16,41997,true,true,true,true,,,,
401,art_cw,Minecart,minecart,model_20.pt,8,7,3,5,None,1,Left,5,"[0.6000000238418579, 0.4000000059604645, -0.779999852180481]","[0.6000000238418579, 0.4000000059604645, -0.5399999618530273]",2.371327023631409e-10,1.0,false,9.441898299992317,0.07092292606830597,0.9415045380592346,0.0399962211959064,0.034966159611940384,0.015033841133117676,0.22941534221172333,0.2197955846786499,5,None,"[0.49978089332580566, 0.36500662565231323, -1.4755010604858398]","[-0.10021913051605225, -0.034993380308151245, -0.9355010986328125]",,,,,,,,,,3,250,750
402,ray_zoo,Minecart,minecart,model_20.pt,8,7,3,2,Right,1,Left,5,"[0.6000000238418579, 0.4000000059604645, -0.779999852180481]","[0.6000000238418579, 0.4000000059604645, -0.5399999618530273]",7.569031512666413e-11,1.0,true,49.288312199991196,0.03870096802711487,0.41091814637184143,0.0015474798856303096,0.0,0.05004453659057617,0.3054146468639374,0.2905064523220062,2,Right,"[0.6079304814338684, 0.34257379174232483, -0.9468083381652832]","[0.007930457592010498, -0.05742621421813965, -0.40680837631225586]",20983,20998,16,41997,true,true,false,true,,,,
402,art_cw,Minecart,minecart,model_20.pt,8,7,3,2,Right,1,Left,5,"[0.6000000238418579, 0.4000000059604645, -0.779999852180481]","[0.6000000238418579, 0.4000000059604645, -0.5399999618530273]",7.569031512666413e-11,1.0,true,8.281658000021707,0.124200239777565,0.3161236047744751,0.015425699763000011,0.0,0.2886981964111328,0.3671649992465973,0.27509406208992004,2,Right,"[0.4764086902141571, 0.2606108486652374, -0.7954015731811523]","[-0.1235913336277008, -0.13938915729522705, -0.255401611328125]",,,,,,,,,,3,250,750
403,ray_zoo,Minecart,minecart,model_20.pt,8,8,3,2,Right,1,Left,5,"[0.6000000238418579, 0.4000000059604645, -0.779999852180481]","[0.6000000238418579, 0.4000000059604645, -0.5199999809265137]",2.7692101056686624e-08,1.0,true,49.645469800016144,0.007054087705910206,1.2049880027770996,4.99496454722248e-05,0.0,0.050005197525024414,0.2892480790615082,0.14784054458141327,2,Right,"[0.6000000238418579, 0.3944966197013855, -1.7249754667282104]","[0.0, -0.0055033862590789795, -1.2049754858016968]",20983,20998,16,41997,true,true,true,true,,,,
403,art_cw,Minecart,minecart,model_20.pt,8,8,3,2,Right,1,Left,5,"[0.6000000238418579, 0.4000000059604645, -0.779999852180481]","[0.6000000238418579, 0.4000000059604645, -0.5199999809265137]",2.7692101056686624e-08,1.0,true,8.585424699995201,0.03798353672027588,0.23808202147483826,0.0014427489368245006,0.0,0.9194965362548828,0.546751856803894,0.18199950456619263,2,Right,"[0.578105092048645, 0.34742823243141174, -0.7511706352233887]","[-0.02189493179321289, -0.052571773529052734, -0.231170654296875]",,,,,,,,,,3,250,750
404,ray_zoo,Minecart,minecart,model_20.pt,8,8,3,4,Brake,1,Left,5,"[0.6000000238418579, 0.4000000059604645, -0.779999852180481]","[0.6000000238418579, 0.4000000059604645, -0.5199999809265137]",1.155629636429012e-08,1.0,true,48.53942799998913,0.04119373485445976,0.46939846873283386,0.018079640343785286,0.0,0.05006128549575806,0.43093591928482056,0.09545885026454926,4,Brake,"[0.6337493658065796, 0.348358154296875, -0.9853267669677734]","[0.03374934196472168, -0.05164185166358948, -0.46532678604125977]",20983,20998,16,41997,true,true,false,false,,,,
404,art_cw,Minecart,minecart,model_20.pt,8,8,3,4,Brake,1,Left,5,"[0.6000000238418579, 0.4000000059604645, -0.779999852180481]","[0.6000000238418579, 0.4000000059604645, -0.5199999809265137]",1.155629636429012e-08,1.0,true,8.315479400014738,0.10588067024946213,0.17027083039283752,0.01121071632951498,0.0,3.59381103515625,0.9732422828674316,0.02675769478082657,4,Brake,"[0.7200304269790649, 0.29599711298942566, -0.45861387252807617]","[0.12003040313720703, -0.10400289297103882, 0.0613861083984375]",,,,,,,,,,3,250,750
405,ray_zoo,Minecart,minecart,model_20.pt,8,9,3,1,Left,4,Brake,5,"[0.6000000238418579, 0.4000000059604645, -0.779999852180481]","[0.6000000238418579, 0.4000000059604645, -0.4999999701976776]",5.567533662542701e-06,0.9999943971633911,true,48.06478629997582,0.03165940195322037,0.049559030681848526,0.007068028207868338,0.0,0.05023956298828125,0.5125571489334106,0.48744267225265503,1,Left,"[0.5525110363960266, 0.4000000059604645, -0.4858262836933136]","[-0.0474889874458313, 0.0, 0.014173686504364014]",20983,20998,16,41997,true,true,true,true,,,,
405,art_cw,Minecart,minecart,model_20.pt,8,9,3,1,Left,4,Brake,5,"[0.6000000238418579, 0.4000000059604645, -0.779999852180481]","[0.6000000238418579, 0.4000000059604645, -0.4999999701976776]",5.567533662542701e-06,0.9999943971633911,true,8.636063699988881,0.23923344910144806,0.3795025944709778,0.05723264068365097,0.0,1.488595724105835,0.8028041124343872,0.010658775456249714,1,Left,"[0.3448602557182312, 0.6523416042327881, -0.6234893798828125]","[-0.2551397681236267, 0.2523415982723236, -0.12348940968513489]",,,,,,,,,,3,250,750
406,ray_zoo,Minecart,minecart,model_20.pt,8,9,3,2,Right,4,Brake,5,"[0.6000000238418579, 0.4000000059604645, -0.779999852180481]","[0.6000000238418579, 0.4000000059604645, -0.4999999701976776]",5.326488139445473e-10,0.9999943971633911,true,48.84319129999494,0.00196927972137928,0.3938559591770172,3.897525857610162e-06,0.0,0.05000418424606323,0.489431768655777,0.4655599594116211,2,Right,"[0.6000000238418579, 0.4000000059604645, -0.8938559293746948]","[0.0, 0.0, -0.3938559591770172]",20983,20998,16,41997,true,true,true,true,,,,
406,art_cw,Minecart,minecart,model_20.pt,8,9,3,2,Right,4,Brake,5,"[0.6000000238418579, 0.4000000059604645, -0.779999852180481]","[0.6000000238418579, 0.4000000059604645, -0.4999999701976776]",5.326488139445473e-10,0.9999943971633911,true,8.564017600001534,0.11523476988077164,0.6119540929794312,0.013279051519930363,0.0,0.07520854473114014,0.3167674243450165,0.2938176393508911,2,Right,"[0.43185335397720337, 0.43981432914733887, -1.0870513916015625]","[-0.16814666986465454, 0.03981432318687439, -0.5870513916015625]",,,,,,,,,,3,250,750
407,ray_zoo,Minecart,minecart,model_20.pt,10,0,3,2,Right,3,Accelerate,4,"[0.6499999761581421, 0.8500000238418579, -1.1999998092651367]","[0.6499999761581421, 0.8500000238418579, -1.1999998092651367]",4.1560462705092505e-05,0.9999299049377441,true,49.478603499999736,0.0022747099865227938,0.454941987991333,0.1437307447195053,0.0,0.055153846740722656,0.5137849450111389,0.4862150251865387,2,Right,"[0.6499999761581421, 0.8500000238418579, -0.7450578212738037]","[0.0, 0.0, 0.454941987991333]",20983,20998,16,41997,true,true,true,false,,,,
407,art_cw,Minecart,minecart,model_20.pt,10,0,3,2,Right,3,Accelerate,4,"[0.6499999761581421, 0.8500000238418579, -1.1999998092651367]","[0.6499999761581421, 0.8500000238418579, -1.1999998092651367]",4.1560462705092505e-05,0.9999299049377441,false,9.474313999991864,0.0,0.0,10.138291358947754,10.138291358947754,-10.08829116821289,4.1560462705092505e-05,0.9999299049377441,3,Accelerate,"[0.6499999761581421, 0.8500000238418579, -1.1999998092651367]","[0.0, 0.0, 0.0]",,,,,,,,,,3,250,750
408,ray_zoo,Minecart,minecart,model_20.pt,10,0,3,5,None,3,Accelerate,4,"[0.6499999761581421, 0.8500000238418579, -1.1999998092651367]","[0.6499999761581421, 0.8500000238418579, -1.1999998092651367]",2.0830399080296047e-05,0.9999299049377441,false,49.2342520999955,0.6610066294670105,0.9915107488632202,3.068187117576599,1.7075049877166748,-1.6575050354003906,0.1283990442752838,0.6736077070236206,3,Accelerate,"[1.1604821681976318, 0.0, -1.1987459659576416]","[0.5104821920394897, -0.8500000238418579, 0.0012538433074951172]",20983,20998,0,41981,false,false,false,false,no_successful_seed_or_zoo_point,,,
408,art_cw,Minecart,minecart,model_20.pt,10,0,3,5,None,3,Accelerate,4,"[0.6499999761581421, 0.8500000238418579, -1.1999998092651367]","[0.6499999761581421, 0.8500000238418579, -1.1999998092651367]",2.0830399080296047e-05,0.9999299049377441,false,8.123423900018679,0.0,0.0,10.82902717590332,10.82902717590332,-10.779026985168457,2.0830399080296047e-05,0.9999299049377441,3,Accelerate,"[0.6499999761581421, 0.8500000238418579, -1.1999998092651367]","[0.0, 0.0, 0.0]",,,,,,,,,,3,250,750
409,ray_zoo,Minecart,minecart,model_20.pt,10,1,3,5,None,1,Left,5,"[0.6499999761581421, 0.8500000238418579, -1.1999998092651367]","[0.6499999761581421, 0.8500000238418579, -1.0799998044967651]",0.11476026475429535,0.8851332664489746,true,48.69708909999463,0.02698902040719986,0.14168451726436615,0.019683076068758965,0.0,0.05007612705230713,0.4204123616218567,0.3998781740665436,5,None,"[0.6499999761581421, 0.8904707431793213, -0.9442182779312134]","[0.0, 0.04047071933746338, 0.13578152656555176]",20983,20998,16,41997,true,true,true,true,,,,
409,art_cw,Minecart,minecart,model_20.pt,10,1,3,5,None,1,Left,5,"[0.6499999761581421, 0.8500000238418579, -1.1999998092651367]","[0.6499999761581421, 0.8500000238418579, -1.0799998044967651]",0.11476026475429535,0.8851332664489746,false,9.262542099982966,0.0,0.0,2.09289288520813,2.09289288520813,-2.0428929328918457,0.11476026475429535,0.8851332664489746,1,Left,"[0.6499999761581421, 0.8500000238418579, -1.0799998044967651]","[0.0, 0.0, 0.0]",,,,,,,,,,3,250,750
410,ray_zoo,Minecart,minecart,model_20.pt,10,1,3,2,Right,1,Left,5,"[0.6499999761581421, 0.8500000238418579, -1.1999998092651367]","[0.6499999761581421, 0.8500000238418579, -1.0799998044967651]",0.0001003167126327753,0.8851332664489746,true,49.82372019998729,0.0819692313671112,16.39384651184082,0.006792111787945032,0.0,0.050003767013549805,0.2316979616880417,0.22039709985256195,2,Right,"[0.6499999761581421, 0.8500000238418579, -17.473846435546875]","[0.0, 0.0, -16.39384651184082]",20983,20998,16,41997,true,true,true,true,,,,
410,art_cw,Minecart,minecart,model_20.pt,10,1,3,2,Right,1,Left,5,"[0.6499999761581421, 0.8500000238418579, -1.1999998092651367]","[0.6499999761581421, 0.8500000238418579, -1.0799998044967651]",0.0001003167126327753,0.8851332664489746,true,8.777935599995544,0.06216641888022423,0.4991306662559509,0.003864663653075695,0.0,26.56554412841797,1.0,2.9022229498104624e-12,2,Right,"[0.6960389018058777, 0.9310085773468018, -0.5896433591842651]","[0.046038925647735596, 0.08100855350494385, 0.4903564453125]",,,,,,,,,,3,250,750
411,ray_zoo,Minecart,minecart,model_20.pt,10,2,3,5,None,2,Right,5,"[0.6499999761581421, 0.8500000238418579, -1.1999998092651367]","[0.6499999761581421, 0.8500000238418579, -1.0599998235702515]",0.1962817758321762,0.8032244443893433,true,49.50366779998876,0.08128631860017776,0.13211742043495178,0.03518741577863693,0.0,0.05003023147583008,0.5108141899108887,0.4858867824077606,5,None,"[0.5773967504501343, 0.9479562640190125, -1.1108757257461548]","[-0.07260322570800781, 0.09795624017715454, -0.05087590217590332]",20983,20998,16,41997,true,true,false,true,,,,
411,art_cw,Minecart,minecart,model_20.pt,10,2,3,5,None,2,Right,5,"[0.6499999761581421, 0.8500000238418579, -1.1999998092651367]","[0.6499999761581421, 0.8500000238418579, -1.0599998235702515]",0.1962817758321762,0.8032244443893433,false,8.511100600007921,0.0,0.0,1.459082841873169,1.459082841873169,-1.4090828895568848,0.1962817758321762,0.8032244443893433,2,Right,"[0.6499999761581421, 0.8500000238418579, -1.0599998235702515]","[0.0, 0.0, 0.0]",,,,,,,,,,3,250,750
412,ray_zoo,Minecart,minecart,model_20.pt,10,2,3,1,Left,2,Right,5,"[0.6499999761581421, 0.8500000238418579, -1.1999998092651367]","[0.6499999761581421, 0.8500000238418579, -1.0599998235702515]",0.0004900363855995238,0.8032244443893433,true,47.821890199993504,0.004497834015637636,0.8995668292045593,2.0230510926921852e-05,0.0,0.06422948837280273,0.5160518288612366,0.48394814133644104,1,Left,"[0.6499999761581421, 0.8500000238418579, -0.16043299436569214]","[0.0, 0.0, 0.8995668292045593]",20983,20998,16,41997,true,true,false,false,,,,
412,art_cw,Minecart,minecart,model_20.pt,10,2,3,1,Left,2,Right,5,"[0.6499999761581421, 0.8500000238418579, -1.1999998092651367]","[0.6499999761581421, 0.8500000238418579, -1.0599998235702515]",0.0004900363855995238,0.8032244443893433,false,8.629814199986868,0.0,0.0,7.451910018920898,7.451910018920898,-7.401909828186035,0.0004900363855995238,0.8032244443893433,2,Right,"[0.6499999761581421, 0.8500000238418579, -1.0599998235702515]","[0.0, 0.0, 0.0]",,,,,,,,,,3,250,750
413,ray_zoo,Minecart,minecart,model_20.pt,10,3,3,5,None,1,Left,5,"[0.6499999761581421, 0.8500000238418579, -1.1999998092651367]","[0.6499999761581421, 0.8500000238418579, -1.0399998426437378]",0.02333204075694084,0.9764387607574463,true,48.91922679997515,0.1330372542142868,1.7628068923950195,0.054955556988716125,0.0,0.05001950263977051,0.4051910936832428,0.3854221701622009,5,None,"[0.8462486267089844, 0.8162887692451477, -2.7915244102478027]","[0.19624865055084229, -0.033711254596710205, -1.751524567604065]",20983,20998,16,41997,true,true,false,false,,,,
413,art_cw,Minecart,minecart,model_20.pt,10,3,3,5,None,1,Left,5,"[0.6499999761581421, 0.8500000238418579, -1.1999998092651367]","[0.6499999761581421, 0.8500000238418579, -1.0399998426437378]",0.02333204075694084,0.9764387607574463,false,9.002191800012952,0.2797871232032776,0.5411236882209778,0.10977132990956306,0.031490493565797806,0.018509507179260254,0.36607879400253296,0.22619058191776276,5,None,"[0.8078204393386841, 0.4611324071884155, -1.3815983533859253]","[0.157820463180542, -0.3888676166534424, -0.3415985107421875]",,,,,,,,,,3,250,750
414,ray_zoo,Minecart,minecart,model_20.pt,10,3,3,3,Accelerate,1,Left,5,"[0.6499999761581421, 0.8500000238418579, -1.1999998092651367]","[0.6499999761581421, 0.8500000238418579, -1.0399998426437378]",0.0001629627076908946,0.9764387607574463,false,48.65711870000814,0.4387967586517334,13.784187316894531,1.4540989995002747,0.4491751790046692,-0.39917516708374023,0.18194720149040222,0.2712095379829407,1,Left,"[0.6424576044082642, 1.5, -14.80885124206543]","[-0.00754237174987793, 0.6499999761581421, -13.768851280212402]",20983,20998,0,41981,false,false,false,false,no_successful_seed_or_zoo_point,,,
414,art_cw,Minecart,minecart,model_20.pt,10,3,3,3,Accelerate,1,Left,5,"[0.6499999761581421, 0.8500000238418579, -1.1999998092651367]","[0.6499999761581421, 0.8500000238418579, -1.0399998426437378]",0.0001629627076908946,0.9764387607574463,false,8.970873899990693,0.0,0.0,8.748146057128906,8.748146057128906,-8.698145866394043,0.0001629627076908946,0.9764387607574463,1,Left,"[0.6499999761581421, 0.8500000238418579, -1.0399998426437378]","[0.0, 0.0, 0.0]",,,,,,,,,,3,250,750
415,ray_zoo,Minecart,minecart,model_20.pt,10,4,3,5,None,2,Right,5,"[0.6499999761581421, 0.8500000238418579, -1.1999998092651367]","[0.6499999761581421, 0.8500000238418579, -1.0199998617172241]",0.008094261400401592,0.9917656779289246,true,49.38426709998748,0.08137708157300949,0.12206563353538513,0.03526631370186806,0.0,0.0500340461730957,0.5072758197784424,0.4825192391872406,5,None,"[0.5333681702613831, 0.886014461517334, -1.0199998617172241]","[-0.11663180589675903, 0.036014437675476074, 0.0]",20983,20998,16,41997,true,true,true,true,,,,
415,art_cw,Minecart,minecart,model_20.pt,10,4,3,5,None,2,Right,5,"[0.6499999761581421, 0.8500000238418579, -1.1999998092651367]","[0.6499999761581421, 0.8500000238418579, -1.0199998617172241]",0.008094261400401592,0.9917656779289246,true,8.541703399998369,0.09993172436952591,0.18791376054286957,0.009986349381506443,0.0,0.20633745193481445,0.5457099080085754,0.44396695494651794,5,None,"[0.5098897814750671, 0.7967299818992615, -1.1333268880844116]","[-0.14011019468307495, -0.053270041942596436, -0.1133270263671875]",,,,,,,,,,3,250,750
416,ray_zoo,Minecart,minecart,model_20.pt,10,4,3,1,Left,2,Right,5,"[0.6499999761581421, 0.8500000238418579, -1.1999998092651367]","[0.6499999761581421, 0.8500000238418579, -1.0199998617172241]",0.00013752476661466062,0.9917656779289246,true,49.86582899998757,0.23348687589168549,0.4166916012763977,0.3392786979675293,0.0,0.05023646354675293,0.34291186928749084,0.32366612553596497,1,Left,"[0.29981911182403564, 0.8443642854690552, -0.7942267656326294]","[-0.35018086433410645, -0.005635738372802734, 0.22577309608459473]",20983,20998,16,41997,true,true,true,true,,,,
416,art_cw,Minecart,minecart,model_20.pt,10,4,3,1,Left,2,Right,5,"[0.6499999761581421, 0.8500000238418579, -1.1999998092651367]","[0.6499999761581421, 0.8500000238418579, -1.0199998617172241]",0.00013752476661466062,0.9917656779289246,false,9.375660299992887,0.0,0.0,8.933438301086426,8.933438301086426,-8.883438110351562,0.00013752476661466062,0.9917656779289246,2,Right,"[0.6499999761581421, 0.8500000238418579, -1.0199998617172241]","[0.0, 0.0, 0.0]",,,,,,,,,,3,250,750
417,ray_zoo,Minecart,minecart,model_20.pt,10,5,3,5,None,1,Left,5,"[0.6499999761581421, 0.8500000238418579, -1.1999998092651367]","[0.6499999761581421, 0.8500000238418579, -0.9999998807907104]",0.005882117431610823,0.9939060807228088,true,48.7038082999934,0.13235525786876678,0.4483182728290558,0.21612457931041718,0.0,0.0511322021484375,0.5127377510070801,0.48717933893203735,5,None,"[0.6499999761581421, 0.6514900326728821, -0.598025918006897]","[0.0, -0.19850999116897583, 0.4019739627838135]",20983,20998,16,41997,true,true,true,true,,,,
417,art_cw,Minecart,minecart,model_20.pt,10,5,3,5,None,1,Left,5,"[0.6499999761581421, 0.8500000238418579, -1.1999998092651367]","[0.6499999761581421, 0.8500000238418579, -0.9999998807907104]",0.005882117431610823,0.9939060807228088,true,9.551048599998467,0.17677657306194305,0.6711900234222412,0.031249957159161568,0.0,0.5344473123550415,0.5354340076446533,0.3137606084346771,5,None,"[0.8289351463317871, 0.6543645858764648, -1.6166075468063354]","[0.17893517017364502, -0.19563543796539307, -0.616607666015625]",,,,,,,,,,3,250,750
418,ray_zoo,Minecart,minecart,model_20.pt,10,5,3,3,Accelerate,1,Left,5,"[0.6499999761581421, 0.8500000238418579, -1.1999998092651367]","[0.6499999761581421, 0.8500000238418579, -0.9999998807907104]",0.0002011367178056389,0.9939060807228088,false,49.421222300006775,0.5688477754592896,8.172221183776855,1.14751498401165,0.14329390227794647,-0.09329390525817871,0.20007404685020447,0.20884068310260773,2,Right,"[0.693087637424469, 0.0, -9.127781867980957]","[0.043087661266326904, -0.8500000238418579, -8.127781867980957]",20983,20998,0,41981,false,false,false,false,no_successful_seed_or_zoo_point,,,
418,art_cw,Minecart,minecart,model_20.pt,10,5,3,3,Accelerate,1,Left,5,"[0.6499999761581421, 0.8500000238418579, -1.1999998092651367]","[0.6499999761581421, 0.8500000238418579, -0.9999998807907104]",0.0002011367178056389,0.9939060807228088,false,8.290867200004868,0.0,0.0,8.555413246154785,8.555413246154785,-8.505413055419922,0.0002011367178056389,0.9939060807228088,1,Left,"[0.6499999761581421, 0.8500000238418579, -0.9999998807907104]","[0.0, 0.0, 0.0]",,,,,,,,,,3,250,750
419,ray_zoo,Minecart,minecart,model_20.pt,10,6,3,5,None,2,Right,5,"[0.6499999761581421, 0.8500000238418579, -1.1999998092651367]","[0.6499999761581421, 0.8500000238418579, -0.9799998998641968]",4.281140718376264e-05,0.9999525547027588,true,49.294981699989876,0.2017788141965866,0.30699586868286133,0.2168235033750534,0.0,0.050385475158691406,0.49513962864875793,0.47080984711647034,5,None,"[0.35974347591400146, 0.9357849955558777, -1.0313668251037598]","[-0.2902565002441406, 0.08578497171401978, -0.05136692523956299]",20983,20998,16,41997,true,true,false,false,,,,
419,art_cw,Minecart,minecart,model_20.pt,10,6,3,5,None,2,Right,5,"[0.6499999761581421, 0.8500000238418579, -1.1999998092651367]","[0.6499999761581421, 0.8500000238418579, -0.9799998998641968]",4.281140718376264e-05,0.9999525547027588,false,7.471656800014898,0.0,0.0,10.108658790588379,10.108658790588379,-10.058658599853516,4.281140718376264e-05,0.9999525547027588,2,Right,"[0.6499999761581421, 0.8500000238418579, -0.9799998998641968]","[0.0, 0.0, 0.0]",,,,,,,,,,3,250,750
420,ray_zoo,Minecart,minecart,model_20.pt,10,6,3,1,Left,2,Right,5,"[0.6499999761581421, 0.8500000238418579, -1.1999998092651367]","[0.6499999761581421, 0.8500000238418579, -0.9799998998641968]",4.300681666791206e-06,0.9999525547027588,true,49.243116700003156,0.08682093769311905,0.44129490852355957,0.22524070739746094,0.0,0.050058841705322266,0.5125076770782471,0.4874837398529053,1,Left,"[0.5745046734809875, 0.9560692310333252, -0.558347225189209]","[-0.07549530267715454, 0.10606920719146729, 0.4216526746749878]",20983,20998,16,41997,true,true,true,true,,,,
420,art_cw,Minecart,minecart,model_20.pt,10,6,3,1,Left,2,Right,5,"[0.6499999761581421, 0.8500000238418579, -1.1999998092651367]","[0.6499999761581421, 0.8500000238418579, -0.9799998998641968]",4.300681666791206e-06,0.9999525547027588,false,9.49640730000101,0.0,0.0,12.406689643859863,12.406689643859863,-12.356689453125,4.300681666791206e-06,0.9999525547027588,2,Right,"[0.6499999761581421, 0.8500000238418579, -0.9799998998641968]","[0.0, 0.0, 0.0]",,,,,,,,,,3,250,750
421,ray_zoo,Minecart,minecart,model_20.pt,10,7,3,2,Right,5,None,5,"[0.6499999761581421, 0.8500000238418579, -1.1999998092651367]","[0.6499999761581421, 0.8500000238418579, -0.9599999189376831]",0.007756211329251528,0.9920611381530762,true,48.60333049998735,0.008176855742931366,0.05405331775546074,0.0033628155943006277,0.0,0.050178587436676025,0.49712544679641724,0.47279587388038635,2,Right,"[0.6377463936805725, 0.8496381044387817, -0.9073550701141357]","[-0.01225358247756958, -0.0003619194030761719, 0.05264484882354736]",20983,20998,16,41997,true,true,false,true,,,,
421,art_cw,Minecart,minecart,model_20.pt,10,7,3,2,Right,5,None,5,"[0.6499999761581421, 0.8500000238418579, -1.1999998092651367]","[0.6499999761581421, 0.8500000238418579, -0.9599999189376831]",0.007756211329251528,0.9920611381530762,true,6.201316899998346,0.011963245458900928,0.0321844220161438,0.00014311923587229103,0.0,0.2322523593902588,0.5383731722831726,0.4267931878566742,2,Right,"[0.6415791511535645, 0.8658451437950134, -0.9332817792892456]","[-0.008420825004577637, 0.015845119953155518, 0.0267181396484375]",,,,,,,,,,3,250,750
422,ray_zoo,Minecart,minecart,model_20.pt,10,7,3,1,Left,5,None,5,"[0.6499999761581421, 0.8500000238418579, -1.1999998092651367]","[0.6499999761581421, 0.8500000238418579, -0.9599999189376831]",0.0001809770183172077,0.9920611381530762,true,48.51439520000713,0.11145061999559402,0.21105951070785522,0.08415775746107101,0.0,0.0501018762588501,0.5033668279647827,0.010677016340196133,1,Left,"[0.4847787022590637, 0.8754713535308838, -0.8311617970466614]","[-0.16522127389907837, 0.02547132968902588, 0.12883812189102173]",20983,20998,16,41997,true,true,true,true,,,,
422,art_cw,Minecart,minecart,model_20.pt,10,7,3,1,Left,5,None,5,"[0.6499999761581421, 0.8500000238418579, -1.1999998092651367]","[0.6499999761581421, 0.8500000238418579, -0.9599999189376831]",0.0001809770183172077,0.9920611381530762,true,9.503485900000669,0.05654788389801979,0.24411608278751373,0.0031976632308214903,0.0,0.23532748222351074,0.4055192768573761,0.1497461497783661,1,Left,"[0.5686758160591125, 0.8740453124046326, -1.188912272453308]","[-0.08132416009902954, 0.024045288562774658, -0.228912353515625]",,,,,,,,,,3,250,750
423,ray_zoo,Minecart,minecart,model_20.pt,10,8,3,4,Brake,2,Right,5,"[0.6499999761581421, 0.8500000238418579, -1.1999998092651367]","[0.6499999761581421, 0.8500000238418579, -0.9399999380111694]",0.4202969968318939,0.5795665383338928,true,49.66909909999231,0.006253900937736034,0.010302001610398293,0.00022880296455696225,0.0,0.05000662803649902,0.512141764163971,0.48716112971305847,4,Brake,"[0.6415000557899475, 0.8539687395095825, -0.9357417821884155]","[-0.00849992036819458, 0.003968715667724609, 0.004258155822753906]",20983,20998,16,41997,true,true,false,false,,,,
423,art_cw,Minecart,minecart,model_20.pt,10,8,3,4,Brake,2,Right,5,"[0.6499999761581421, 0.8500000238418579, -1.1999998092651367]","[0.6499999761581421, 0.8500000238418579, -0.9399999380111694]",0.4202969968318939,0.5795665383338928,true,8.328110000002198,0.016137966886162758,0.02499464340507984,0.00026043399702757597,0.0,0.45632490515708923,0.6067271828651428,0.38442713022232056,4,Brake,"[0.6315221190452576, 0.8656378984451294, -0.9337743520736694]","[-0.01847785711288452, 0.015637874603271484, 0.0062255859375]",,,,,,,,,,3,250,750
424,ray_zoo,Minecart,minecart,model_20.pt,10,8,3,5,None,2,Right,5,"[0.6499999761581421, 0.8500000238418579, -1.1999998092651367]","[0.6499999761581421, 0.8500000238418579, -0.9399999380111694]",0.00010133975592907518,0.5795665383338928,false,49.52363090001745,0.5936170220375061,1.8260520696640015,1.1041675098240376,0.006921101361513138,0.04307889938354492,0.2552226781845093,0.24446138739585876,5,None,"[0.9149806499481201, 5.960464477539063e-08, -2.5342869758605957]","[0.264980673789978, -0.8499999642372131, -1.5942870378494263]",20983,20998,0,41981,false,false,false,false,no_successful_seed_or_zoo_point,,,
424,art_cw,Minecart,minecart,model_20.pt,10,8,3,5,None,2,Right,5,"[0.6499999761581421, 0.8500000238418579, -1.1999998092651367]","[0.6499999761581421, 0.8500000238418579, -0.9399999380111694]",0.00010133975592907518,0.5795665383338928,false,9.790220199996838,0.04361545667052269,0.2930331230163574,0.020723953610286117,0.01882164552807808,0.03117835521697998,0.3042154908180237,0.26456311345100403,5,None,"[0.6444727778434753, 0.7848459482192993, -1.2256444692611694]","[-0.005527198314666748, -0.0651540756225586, -0.28564453125]",,,,,,,,,,3,250,750
425,ray_zoo,Minecart,minecart,model_20.pt,10,9,3,2,Right,4,Brake,5,"[0.6499999761581421, 0.8500000238418579, -1.1999998092651367]","[0.6499999761581421, 0.8500000238418579, -0.9199999570846558]",1.0164537798118545e-06,0.999998927116394,true,47.81995530001586,0.0878879725933075,0.13583475351333618,0.025320744141936302,0.0,0.050368547439575195,0.5102710723876953,0.4852059781551361,2,Right,"[0.6499228477478027, 0.718168318271637, -0.8872665166854858]","[-7.712841033935547e-05, -0.13183170557022095, 0.03273344039916992]",20983,20998,16,41997,true,true,false,true,,,,
425,art_cw,Minecart,minecart,model_20.pt,10,9,3,2,Right,4,Brake,5,"[0.6499999761581421, 0.8500000238418579, -1.1999998092651367]","[0.6499999761581421, 0.8500000238418579, -0.9199999570846558]",1.0164537798118545e-06,0.999998927116394,true,9.354378800024278,0.18629692494869232,0.6226558089256287,0.03470654413104057,0.0,19.115095138549805,1.0,4.670356712043605e-14,2,Right,"[0.42572450637817383, 0.6833482384681702, -0.36355769634246826]","[-0.22427546977996826, -0.16665178537368774, 0.5564422607421875]",,,,,,,,,,3,250,750
426,ray_zoo,Minecart,minecart,model_20.pt,10,9,3,1,Left,4,Brake,5,"[0.6499999761581421, 0.8500000238418579, -1.1999998092651367]","[0.6499999761581421, 0.8500000238418579, -0.9199999570846558]",1.0102672831635573e-07,0.999998927116394,true,49.745678300008876,0.185532808303833,0.5433333516120911,0.4405788779258728,0.0,0.05015754699707031,0.35118919610977173,0.3340089023113251,1,Left,"[0.3717227578163147, 0.8500000238418579, -0.45333853363990784]","[-0.2782772183418274, 0.0, 0.4666614234447479]",20983,20998,16,41997,true,true,true,true,,,,
426,art_cw,Minecart,minecart,model_20.pt,10,9,3,1,Left,4,Brake,5,"[0.6499999761581421, 0.8500000238418579, -1.1999998092651367]","[0.6499999761581421, 0.8500000238418579, -0.9199999570846558]",1.0102672831635573e-07,0.999998927116394,false,8.861988299991935,0.0,0.0,16.157878875732422,16.157878875732422,-16.107879638671875,1.0102672831635573e-07,0.999998927116394,4,Brake,"[0.6499999761581421, 0.8500000238418579, -0.9199999570846558]","[0.0, 0.0, 0.0]",,,,,,,,,,3,250,750
427,ray_zoo,Minecart,minecart,model_20.pt,11,0,3,2,Right,3,Accelerate,4,"[0.699999988079071, 0.800000011920929, -1.1999998092651367]","[0.699999988079071, 0.800000011920929, -1.1999998092651367]",0.00010337989078834653,0.9998218417167664,true,49.6843763999932,0.04615703597664833,0.4833720624446869,0.16869257390499115,0.0,0.05903816223144531,0.5147552490234375,0.4852447509765625,2,Right,"[0.6308574676513672, 0.800000011920929, -0.7215984463691711]","[-0.06914252042770386, 0.0, 0.4784013628959656]",20983,20998,16,41997,true,true,true,true,,,,
427,art_cw,Minecart,minecart,model_20.pt,11,0,3,2,Right,3,Accelerate,4,"[0.699999988079071, 0.800000011920929, -1.1999998092651367]","[0.699999988079071, 0.800000011920929, -1.1999998092651367]",0.00010337989078834653,0.9998218417167664,true,9.786398399999598,0.35441312193870544,0.7420362830162048,0.1256086677312851,0.0,56.024261474609375,1.0,1.0761331194251412e-33,2,Right,"[1.2222900390625, 0.7009166479110718, -0.6822996139526367]","[0.522290050983429, -0.09908336400985718, 0.5177001953125]",,,,,,,,,,3,250,750
428,ray_zoo,Minecart,minecart,model_20.pt,11,0,3,1,Left,3,Accelerate,4,"[0.699999988079071, 0.800000011920929, -1.1999998092651367]","[0.699999988079071, 0.800000011920929, -1.1999998092651367]",4.665094820666127e-05,0.9998218417167664,true,49.947621100000106,0.6548255085945129,1.3037188053131104,2.2150018215179443,0.0,0.05178022384643555,0.3466893434524536,0.3291945457458496,1,Left,"[0.05789506435394287, 0.05672895908355713, -0.3427179455757141]","[-0.6421049237251282, -0.7432710528373718, 0.8572818636894226]",20983,20998,16,41997,true,true,true,true,,,,
428,art_cw,Minecart,minecart,model_20.pt,11,0,3,1,Left,3,Accelerate,4,"[0.699999988079071, 0.800000011920929, -1.1999998092651367]","[0.699999988079071, 0.800000011920929, -1.1999998092651367]",4.665094820666127e-05,0.9998218417167664,false,8.892763400013791,0.0,0.0,10.022639274597168,10.022639274597168,-9.972639083862305,4.665094820666127e-05,0.9998218417167664,3,Accelerate,"[0.699999988079071, 0.800000011920929, -1.1999998092651367]","[0.0, 0.0, 0.0]",,,,,,,,,,3,250,750
429,ray_zoo,Minecart,minecart,model_20.pt,11,1,3,5,None,1,Left,5,"[0.699999988079071, 0.800000011920929, -1.1999998092651367]","[0.699999988079071, 0.800000011920929, -1.0799998044967651]",0.4310063123703003,0.5689066648483276,true,48.713176499994006,0.0006567782256752253,0.1313556432723999,0.01479279063642025,0.0,0.050055503845214844,0.5068753957748413,0.4821280241012573,5,None,"[0.699999988079071, 0.800000011920929, -0.9486441612243652]","[0.0, 0.0, 0.1313556432723999]",20983,20998,16,41997,true,true,true,true,,,,
429,art_cw,Minecart,minecart,model_20.pt,11,1,3,5,None,1,Left,5,"[0.699999988079071, 0.800000011920929, -1.1999998092651367]","[0.699999988079071, 0.800000011920929, -1.0799998044967651]",0.4310063123703003,0.5689066648483276,true,9.83056669999496,0.0075783501379191875,0.017292141914367676,5.7431392633588985e-05,0.0,0.661008358001709,0.6593848466873169,0.34046047925949097,5,None,"[0.7100740075111389, 0.794734537601471, -1.0669687986373901]","[0.010074019432067871, -0.005265474319458008, 0.013031005859375]",,,,,,,,,,3,250,750
430,ray_zoo,Minecart,minecart,model_20.pt,11,1,3,2,Right,1,Left,5,"[0.699999988079071, 0.800000011920929, -1.1999998092651367]","[0.699999988079071, 0.800000011920929, -1.0799998044967651]",6.797372043365613e-05,0.5689066648483276,true,47.72724340000423,0.08424846082925797,16.849353790283203,0.007175797130912542,0.0,0.05000627040863037,0.23167239129543304,0.22037221491336823,2,Right,"[0.699999988079071, 0.7992001175880432, -17.929353713989258]","[0.0, -0.0007998943328857422, -16.849353790283203]",20983,20998,16,41997,true,true,true,true,,,,
430,art_cw,Minecart,minecart,model_20.pt,11,1,3,2,Right,1,Left,5,"[0.699999988079071, 0.800000011920929, -1.1999998092651367]","[0.699999988079071, 0.800000011920929, -1.0799998044967651]",6.797372043365613e-05,0.5689066648483276,true,9.336003700009314,0.11014151573181152,0.4961225688457489,0.012131153605878353,0.0,22.120563507080078,1.0,2.4726423686338705e-10,2,Right,"[0.8142880201339722, 0.9192519783973694, -0.6121805906295776]","[0.11428803205490112, 0.11925196647644043, 0.4678192138671875]",,,,,,,,,,3,250,750
431,ray_zoo,Minecart,minecart,model_20.pt,11,2,3,5,None,2,Right,5,"[0.699999988079071, 0.800000011920929, -1.1999998092651367]","[0.699999988079071, 0.800000011920929, -1.0599998235702515]",0.207159161567688,0.791916012763977,true,49.544304000010015,0.12926815450191498,0.1977749913930893,0.0767306461930275,0.0,0.05005025863647461,0.5103879570960999,0.4854716658592224,5,None,"[0.5649617314338684, 0.939149796962738, -1.0989478826522827]","[-0.13503825664520264, 0.13914978504180908, -0.03894805908203125]",20983,20998,16,41997,true,true,false,true,,,,
431,art_cw,Minecart,minecart,model_20.pt,11,2,3,5,None,2,Right,5,"[0.699999988079071, 0.800000011920929, -1.1999998092651367]","[0.699999988079071, 0.800000011920929, -1.0599998235702515]",0.207159161567688,0.791916012763977,false,9.92328180000186,0.0,0.0,1.3909679651260376,1.3909679651260376,-1.3409680128097534,0.207159161567688,0.791916012763977,2,Right,"[0.699999988079071, 0.800000011920929, -1.0599998235702515]","[0.0, 0.0, 0.0]",,,,,,,,,,3,250,750
432,ray_zoo,Minecart,minecart,model_20.pt,11,2,3,1,Left,2,Right,5,"[0.699999988079071, 0.800000011920929, -1.1999998092651367]","[0.699999988079071, 0.800000011920929, -1.0599998235702515]",0.0008691835682839155,0.791916012763977,true,48.77303659997415,0.004518537316471338,0.9037074446678162,2.0417179257492535e-05,0.0,0.05782127380371094,0.5144513249397278,0.485548734664917,1,Left,"[0.699999988079071, 0.800000011920929, -0.1562923789024353]","[0.0, 0.0, 0.9037074446678162]",20983,20998,16,41997,true,true,false,false,,,,
432,art_cw,Minecart,minecart,model_20.pt,11,2,3,1,Left,2,Right,5,"[0.699999988079071, 0.800000011920929, -1.1999998092651367]","[0.699999988079071, 0.800000011920929, -1.0599998235702515]",0.0008691835682839155,0.791916012763977,false,9.51167379997787,0.0,0.0,6.864656448364258,6.864656448364258,-6.8146562576293945,0.0008691835682839155,0.791916012763977,2,Right,"[0.699999988079071, 0.800000011920929, -1.0599998235702515]","[0.0, 0.0, 0.0]",,,,,,,,,,3,250,750
433,ray_zoo,Minecart,minecart,model_20.pt,11,3,3,5,None,1,Left,5,"[0.699999988079071, 0.800000011920929, -1.1999998092651367]","[0.699999988079071, 0.800000011920929, -1.0399998426437378]",0.00508906552568078,0.9948881268501282,true,49.573416400002316,0.06305801123380661,1.4569345712661743,0.01384628377854824,0.0,0.05002802610397339,0.4249461889266968,0.40421000123023987,5,None,"[0.7760812044143677, 0.744868814945221, -2.4939017295837402]","[0.07608121633529663, -0.05513119697570801, -1.4539018869400024]",20983,20998,16,41997,true,true,true,true,,,,
433,art_cw,Minecart,minecart,model_20.pt,11,3,3,5,None,1,Left,5,"[0.699999988079071, 0.800000011920929, -1.1999998092651367]","[0.699999988079071, 0.800000011920929, -1.0399998426437378]",0.00508906552568078,0.9948881268501282,true,9.505490299983649,0.11811281740665436,0.17736071348190308,0.013950638473033905,0.0,0.35994160175323486,0.5101328492164612,0.3559283912181854,5,None,"[0.8253209590911865, 0.6747658848762512, -1.0317600965499878]","[0.12532097101211548, -0.12523412704467773, 0.00823974609375]",,,,,,,,,,3,250,750
434,ray_zoo,Minecart,minecart,model_20.pt,11,3,3,2,Right,1,Left,5,"[0.699999988079071, 0.800000011920929, -1.1999998092651367]","[0.699999988079071, 0.800000011920929, -1.0399998426437378]",1.071570750355022e-05,0.9948881268501282,true,50.18291520001367,0.13602995872497559,0.20971223711967468,0.06722154468297958,0.0,0.05005216598510742,0.3475123643875122,0.3219042122364044,2,Right,"[0.8268265128135681, 0.6401587128639221, -0.9915745258331299]","[0.12682652473449707, -0.15984129905700684, 0.04842531681060791]",20983,20998,16,41997,true,true,false,true,,,,
434,art_cw,Minecart,minecart,model_20.pt,11,3,3,2,Right,1,Left,5,"[0.699999988079071, 0.800000011920929, -1.1999998092651367]","[0.699999988079071, 0.800000011920929, -1.0399998426437378]",1.071570750355022e-05,0.9948881268501282,true,8.219732700003078,0.18059517443180084,0.27351874113082886,0.03261461481451988,0.0,1.014622688293457,0.6057244539260864,0.21959884464740753,2,Right,"[0.7746527194976807, 0.5395969152450562, -1.0021885633468628]","[0.07465273141860962, -0.2604030966758728, 0.037811279296875]",,,,,,,,,,3,250,750
435,ray_zoo,Minecart,minecart,model_20.pt,11,4,3,5,None,2,Right,5,"[0.699999988079071, 0.800000011920929, -1.1999998092651367]","[0.699999988079071, 0.800000011920929, -1.0199998617172241]",0.01563764549791813,0.9842066764831543,true,49.298899099987466,0.12353608757257462,0.18530413508415222,0.07007678598165512,0.0,0.05004322528839111,0.505974531173706,0.4812770485877991,5,None,"[0.5288225412368774, 0.8709641098976135, -1.0199998617172241]","[-0.1711774468421936, 0.07096409797668457, 0.0]",20983,20998,16,41997,true,true,true,true,,,,
435,art_cw,Minecart,minecart,model_20.pt,11,4,3,5,None,2,Right,5,"[0.699999988079071, 0.800000011920929, -1.1999998092651367]","[0.699999988079071, 0.800000011920929, -1.0199998617172241]",0.01563764549791813,0.9842066764831543,true,9.505483900022227,0.14202186465263367,0.38735029101371765,0.02017020806670189,0.0,0.24493741989135742,0.5513386130332947,0.43156227469444275,5,None,"[0.4963168501853943, 0.7376280426979065, -1.3435167074203491]","[-0.20368313789367676, -0.06237196922302246, -0.323516845703125]",,,,,,,,,,3,250,750
436,ray_zoo,Minecart,minecart,model_20.pt,11,4,3,1,Left,2,Right,5,"[0.699999988079071, 0.800000011920929, -1.1999998092651367]","[0.699999988079071, 0.800000011920929, -1.0199998617172241]",0.00015182174684014171,0.9842066764831543,true,50.2462715000147,0.26520976424217224,0.4623490273952484,0.3763236701488495,0.0,0.05074584484100342,0.34567856788635254,0.3285744786262512,1,Left,"[0.30218926072120667, 0.800000011920929, -0.7843873500823975]","[-0.3978107273578644, 0.0, 0.23561251163482666]",20983,20998,16,41997,true,true,true,true,,,,
436,art_cw,Minecart,minecart,model_20.pt,11,4,3,1,Left,2,Right,5,"[0.699999988079071, 0.800000011920929, -1.1999998092651367]","[0.699999988079071, 0.800000011920929, -1.0199998617172241]",0.00015182174684014171,0.9842066764831543,true,9.44927959999768,0.4667859673500061,0.700201690196991,0.21788914501667023,0.0,0.05727183818817139,0.29438555240631104,0.26851168274879456,1,Left,"[0.7267444729804993, 0.10033202171325684, -1.0256456136703491]","[0.026744484901428223, -0.6996679902076721, -0.005645751953125]",,,,,,,,,,3,250,750
437,ray_zoo,Minecart,minecart,model_20.pt,11,5,3,5,None,1,Left,5,"[0.699999988079071, 0.800000011920929, -1.1999998092651367]","[0.699999988079071, 0.800000011920929, -0.9999998807907104]",0.008682230487465858,0.9912742972373962,true,49.721169099997496,0.10594496876001358,0.4079923629760742,0.18065914511680603,0.0,0.051601409912109375,0.5123916268348694,0.4866220951080322,5,None,"[0.699999988079071, 0.6411075592041016, -0.6242194175720215]","[0.0, -0.1588924527168274, 0.37578046321868896]",20983,20998,16,41997,true,true,true,true,,,,
437,art_cw,Minecart,minecart,model_20.pt,11,5,3,5,None,1,Left,5,"[0.699999988079071, 0.800000011920929, -1.1999998092651367]","[0.699999988079071, 0.800000011920929, -0.9999998807907104]",0.008682230487465858,0.9912742972373962,true,9.633616099978099,0.15059113502502441,0.4830716848373413,0.022677691653370857,0.0,0.36511456966400146,0.51596599817276,0.3581407964229584,5,None,"[0.8129141330718994, 0.6043857336044312, -1.427017092704773]","[0.11291414499282837, -0.1956142783164978, -0.4270172119140625]",,,,,,,,,,3,250,750
438,ray_zoo,Minecart,minecart,model_20.pt,11,5,3,3,Accelerate,1,Left,5,"[0.699999988079071, 0.800000011920929, -1.1999998092651367]","[0.699999988079071, 0.800000011920929, -0.9999998807907104]",4.037661710754037e-05,0.9912742972373962,false,48.657293199998094,0.5349263548851013,8.24185848236084,1.1447463482618332,0.14299552142620087,-0.0929955244064331,0.20023798942565918,0.2086728811264038,2,Right,"[0.7066306471824646, 0.0, -9.202938079833984]","[0.006630659103393555, -0.800000011920929, -8.202938079833984]",20983,20998,0,41981,false,false,false,false,no_successful_seed_or_zoo_point,,,
438,art_cw,Minecart,minecart,model_20.pt,11,5,3,3,Accelerate,1,Left,5,"[0.699999988079071, 0.800000011920929, -1.1999998092651367]","[0.699999988079071, 0.800000011920929, -0.9999998807907104]",4.037661710754037e-05,0.9912742972373962,false,9.447507799981395,0.0,0.0,10.158495903015137,10.158495903015137,-10.108495712280273,4.037661710754037e-05,0.9912742972373962,1,Left,"[0.699999988079071, 0.800000011920929, -0.9999998807907104]","[0.0, 0.0, 0.0]",,,,,,,,,,3,250,750
439,ray_zoo,Minecart,minecart,model_20.pt,11,6,3,5,None,2,Right,5,"[0.699999988079071, 0.800000011920929, -1.1999998092651367]","[0.699999988079071, 0.800000011920929, -0.9799998998641968]",0.00018444193119648844,0.9997979998588562,true,48.66452049999498,0.17151984572410583,0.31087595224380493,0.13508477807044983,0.0,0.05006784200668335,0.499737948179245,0.47533318400382996,5,None,"[0.645632266998291, 1.0514663457870483, -1.1545069217681885]","[-0.05436772108078003, 0.2514663338661194, -0.1745070219039917]",20983,20998,16,41997,true,true,false,false,,,,
439,art_cw,Minecart,minecart,model_20.pt,11,6,3,5,None,2,Right,5,"[0.699999988079071, 0.800000011920929, -1.1999998092651367]","[0.699999988079071, 0.800000011920929, -0.9799998998641968]",0.00018444193119648844,0.9997979998588562,false,9.66785530000925,0.0,0.0,8.647974014282227,8.647974014282227,-8.597973823547363,0.00018444193119648844,0.9997979998588562,2,Right,"[0.699999988079071, 0.800000011920929, -0.9799998998641968]","[0.0, 0.0, 0.0]",,,,,,,,,,3,250,750
440,ray_zoo,Minecart,minecart,model_20.pt,11,6,3,1,Left,2,Right,5,"[0.699999988079071, 0.800000011920929, -1.1999998092651367]","[0.699999988079071, 0.800000011920929, -0.9799998998641968]",1.254366543435026e-05,0.9997979998588562,true,47.653618500015,0.1322583705186844,0.4674132764339447,0.2668147087097168,0.0,0.05021190643310547,0.5125465393066406,0.48744603991508484,1,Left,"[0.5865445733070374, 0.9627127051353455, -0.5567651987075806]","[-0.11345541477203369, 0.1627126932144165, 0.4232347011566162]",20983,20998,16,41997,true,true,true,false,,,,
440,art_cw,Minecart,minecart,model_20.pt,11,6,3,1,Left,2,Right,5,"[0.699999988079071, 0.800000011920929, -1.1999998092651367]","[0.699999988079071, 0.800000011920929, -0.9799998998641968]",1.254366543435026e-05,0.9997979998588562,false,8.401880699995672,0.0,0.0,11.336092948913574,11.336092948913574,-11.286092758178711,1.254366543435026e-05,0.9997979998588562,2,Right,"[0.699999988079071, 0.800000011920929, -0.9799998998641968]","[0.0, 0.0, 0.0]",,,,,,,,,,3,250,750
441,ray_zoo,Minecart,minecart,model_20.pt,11,7,3,2,Right,5,None,5,"[0.699999988079071, 0.800000011920929, -1.1999998092651367]","[0.699999988079071, 0.800000011920929, -0.9599999189376831]",0.22410368919372559,0.77537602186203,true,49.27370019999216,0.006814122200012207,0.01022118330001831,0.00016323842282872647,0.0,0.05000215768814087,0.5121675133705139,0.4871877431869507,2,Right,"[0.699999988079071, 0.7897788286209106, -0.9599999189376831]","[0.0, -0.01022118330001831, 0.0]",20983,20998,16,41997,true,true,true,false,,,,
441,art_cw,Minecart,minecart,model_20.pt,11,7,3,2,Right,5,None,5,"[0.699999988079071, 0.800000011920929, -1.1999998092651367]","[0.699999988079071, 0.800000011920929, -0.9599999189376831]",0.22410368919372559,0.77537602186203,true,9.456403799995314,0.019366677850484848,0.02922619879245758,0.00037506819353438914,0.0,3.8447065353393555,0.9785006642341614,0.020932748913764954,2,Right,"[0.7209568619728088, 0.779882550239563, -0.9632042646408081]","[0.020956873893737793, -0.020117461681365967, -0.003204345703125]",,,,,,,,,,3,250,750
442,ray_zoo,Minecart,minecart,model_20.pt,11,7,3,1,Left,5,None,5,"[0.699999988079071, 0.800000011920929, -1.1999998092651367]","[0.699999988079071, 0.800000011920929, -0.9599999189376831]",0.00050896848551929,0.77537602186203,true,48.65080049997778,0.13917659223079681,0.26471054553985596,0.11768531799316406,0.0,0.05002504587173462,0.5006991624832153,0.011164563708007336,1,Left,"[0.493405818939209, 0.8300023078918457, -0.7972412705421448]","[-0.20659416913986206, 0.030002295970916748, 0.16275864839553833]",20983,20998,16,41997,true,true,true,true,,,,
442,art_cw,Minecart,minecart,model_20.pt,11,7,3,1,Left,5,None,5,"[0.699999988079071, 0.800000011920929, -1.1999998092651367]","[0.699999988079071, 0.800000011920929, -0.9599999189376831]",0.00050896848551929,0.77537602186203,false,9.243952999997418,0.0,0.0,7.378717422485352,7.378717422485352,-7.328717231750488,0.00050896848551929,0.77537602186203,5,None,"[0.699999988079071, 0.800000011920929, -0.9599999189376831]","[0.0, 0.0, 0.0]",,,,,,,,,,3,250,750
443,ray_zoo,Minecart,minecart,model_20.pt,11,8,3,4,Brake,2,Right,5,"[0.699999988079071, 0.800000011920929, -1.1999998092651367]","[0.699999988079071, 0.800000011920929, -0.9399999380111694]",1.4585937606170774e-05,0.9999805688858032,true,48.91318830000819,0.04849526286125183,0.07274289429187775,0.010799039155244827,0.0,0.05020904541015625,0.5122115612030029,0.4871289134025574,4,Brake,"[0.6424152851104736, 0.8444469571113586, -0.9399999380111694]","[-0.05758470296859741, 0.04444694519042969, 0.0]",20983,20998,16,41997,true,true,true,true,,,,
443,art_cw,Minecart,minecart,model_20.pt,11,8,3,4,Brake,2,Right,5,"[0.699999988079071, 0.800000011920929, -1.1999998092651367]","[0.699999988079071, 0.800000011920929, -0.9399999380111694]",1.4585937606170774e-05,0.9999805688858032,true,9.637107200018363,0.07262250036001205,0.18291346728801727,0.005274027585983276,0.0,0.3110273480415344,0.43197765946388245,0.31650736927986145,4,Brake,"[0.5991842150688171, 0.7587504386901855, -1.0869420766830444]","[-0.1008157730102539, -0.04124957323074341, -0.146942138671875]",,,,,,,,,,3,250,750
444,ray_zoo,Minecart,minecart,model_20.pt,11,8,3,5,None,2,Right,5,"[0.699999988079071, 0.800000011920929, -1.1999998092651367]","[0.699999988079071, 0.800000011920929, -0.9399999380111694]",4.37317430623807e-06,0.9999805688858032,false,48.990571399976034,0.5421949625015259,1.6733808517456055,1.0387521274387836,0.0053796060383319855,0.044620394706726074,0.25746119022369385,0.24622571468353271,5,None,"[0.8460279107093811, 0.0, -2.4024906158447266]","[0.14602792263031006, -0.800000011920929, -1.4624906778335571]",20983,20998,0,41981,false,false,false,false,no_successful_seed_or_zoo_point,,,
444,art_cw,Minecart,minecart,model_20.pt,11,8,3,5,None,2,Right,5,"[0.699999988079071, 0.800000011920929, -1.1999998092651367]","[0.699999988079071, 0.800000011920929, -0.9399999380111694]",4.37317430623807e-06,0.9999805688858032,false,8.478458700003102,0.030157558619976044,0.3062681257724762,0.01872869295766577,0.01781921461224556,0.0321807861328125,0.30025824904441833,0.27229389548301697,5,None,"[0.6559309959411621, 0.7900456786155701, -1.2429174184799194]","[-0.044068992137908936, -0.009954333305358887, -0.30291748046875]",,,,,,,,,,3,250,750
445,ray_zoo,Minecart,minecart,model_20.pt,11,9,3,2,Right,4,Brake,5,"[0.699999988079071, 0.800000011920929, -1.1999998092651367]","[0.699999988079071, 0.800000011920929, -0.9199999570846558]",0.0001684933085925877,0.9998268485069275,true,49.09695469998405,0.03098495863378048,0.046477437019348145,0.0033752378076314926,0.0,0.050189971923828125,0.5028676986694336,0.47825169563293457,2,Right,"[0.699999988079071, 0.7535225749015808, -0.9199999570846558]","[0.0, -0.046477437019348145, 0.0]",20983,20998,16,41997,true,true,true,false,,,,
445,art_cw,Minecart,minecart,model_20.pt,11,9,3,2,Right,4,Brake,5,"[0.699999988079071, 0.800000011920929, -1.1999998092651367]","[0.699999988079071, 0.800000011920929, -0.9199999570846558]",0.0001684933085925877,0.9998268485069275,true,7.261229800002184,0.05151727795600891,0.07759539783000946,0.0026540299877524376,0.0,4.263146877288818,0.9741711020469666,0.013714313507080078,2,Right,"[0.7552555799484253, 0.7459779381752014, -0.9270342588424683]","[0.05525559186935425, -0.05402207374572754, -0.0070343017578125]",,,,,,,,,,3,250,750
446,ray_zoo,Minecart,minecart,model_20.pt,11,9,3,1,Left,4,Brake,5,"[0.699999988079071, 0.800000011920929, -1.1999998092651367]","[0.699999988079071, 0.800000011920929, -0.9199999570846558]",3.5415405363892205e-06,0.9998268485069275,true,49.52924360000179,0.29723989963531494,0.6342315673828125,0.39451825618743896,0.0,0.05164146423339844,0.3538495898246765,0.33604007959365845,1,Left,"[0.497012197971344, 1.1969578266143799, -0.46892330050468445]","[-0.20298779010772705, 0.3969578146934509, 0.4510766565799713]",20983,20998,16,41997,true,true,true,true,,,,
446,art_cw,Minecart,minecart,model_20.pt,11,9,3,1,Left,4,Brake,5,"[0.699999988079071, 0.800000011920929, -1.1999998092651367]","[0.699999988079071, 0.800000011920929, -0.9199999570846558]",3.5415405363892205e-06,0.9998268485069275,true,9.422558599995682,0.3286077380180359,0.6204200387001038,0.1079830527305603,0.0,0.05153191089630127,0.33028310537338257,0.14454418420791626,1,Left,"[1.0558621883392334, 0.45894870162010193, -1.2967852354049683]","[0.35586220026016235, -0.341051310300827, -0.3767852783203125]",,,,,,,,,,3,250,750
447,ray_zoo,Minecart,minecart,model_20.pt,13,0,3,5,None,3,Accelerate,4,"[0.800000011920929, 0.0, -0.7399998903274536]","[0.800000011920929, 0.0, -0.7399998903274536]",2.466010726241523e-14,1.0,false,49.601971299998695,1.0334912538528442,7.986729145050049,1.150008961558342,0.08189325034618378,-0.031893253326416016,0.24934567511081696,0.24943792819976807,2,Right,"[0.41298335790634155, 1.4999998807907104, -8.575053215026855]","[-0.3870166540145874, 1.4999998807907104, -7.835053443908691]",20983,20998,0,41981,false,false,false,false,no_successful_seed_or_zoo_point,,,
447,art_cw,Minecart,minecart,model_20.pt,13,0,3,5,None,3,Accelerate,4,"[0.800000011920929, 0.0, -0.7399998903274536]","[0.800000011920929, 0.0, -0.7399998903274536]",2.466010726241523e-14,1.0,false,9.481069600005867,0.0,0.0,31.383588790893555,31.383588790893555,-31.333589553833008,2.466010726241523e-14,1.0,3,Accelerate,"[0.800000011920929, 0.0, -0.7399998903274536]","[0.0, 0.0, 0.0]",,,,,,,,,,3,250,750
448,ray_zoo,Minecart,minecart,model_20.pt,13,0,3,2,Right,3,Accelerate,4,"[0.800000011920929, 0.0, -0.7399998903274536]","[0.800000011920929, 0.0, -0.7399998903274536]",2.4634623578056646e-18,1.0,true,48.81185749999713,0.09364541620016098,0.18068338930606842,0.03235556185245514,0.0,0.050591468811035156,0.5126451849937439,0.4873548448085785,2,Right,"[0.800000011920929, 0.14046552777290344, -0.6263516545295715]","[0.0, 0.14046552777290344, 0.11364823579788208]",20983,20998,16,41997,true,true,true,true,,,,
448,art_cw,Minecart,minecart,model_20.pt,13,0,3,2,Right,3,Accelerate,4,"[0.800000011920929, 0.0, -0.7399998903274536]","[0.800000011920929, 0.0, -0.7399998903274536]",2.4634623578056646e-18,1.0,true,9.484540099976584,0.03552231565117836,0.2123689502477646,0.0012618348700925708,0.0,12.002584457397461,0.9999939203262329,6.128316272224765e-06,2,Right,"[0.746738851070404, 0.0, -0.5344182252883911]","[-0.0532611608505249, 0.0, 0.2055816650390625]",,,,,,,,,,3,250,750
449,ray_zoo,Minecart,minecart,model_20.pt,13,1,3,5,None,2,Right,5,"[0.800000011920929, 0.0, -0.7399998903274536]","[0.800000011920929, 0.0, -0.619999885559082]",0.007977278903126717,0.9920222759246826,true,49.791963299998315,0.27212080359458923,1.7739561796188354,0.07495610415935516,0.0,0.050158023834228516,0.4147982597351074,0.39450597763061523,5,None,"[0.7715349793434143, 0.40698155760765076, -2.346405506134033]","[-0.02846503257751465, 0.40698155760765076, -1.7264056205749512]",20983,20998,16,41997,true,true,true,true,,,,
449,art_cw,Minecart,minecart,model_20.pt,13,1,3,5,None,2,Right,5,"[0.800000011920929, 0.0, -0.7399998903274536]","[0.800000011920929, 0.0, -0.619999885559082]",0.007977278903126717,0.9920222759246826,true,7.23440240000491,0.40110695362091064,0.6507776379585266,0.16088679432868958,0.0,0.09899961948394775,0.3325611650943756,0.30121496319770813,5,None,"[0.19834375381469727, 0.0012537166476249695, -0.8680315017700195]","[-0.6016562581062317, 0.0012537166476249695, -0.2480316162109375]",,,,,,,,,,3,250,750
450,ray_zoo,Minecart,minecart,model_20.pt,13,1,3,1,Left,2,Right,5,"[0.800000011920929, 0.0, -0.7399998903274536]","[0.800000011920929, 0.0, -0.619999885559082]",4.900054477730009e-07,0.9920222759246826,true,49.33887569999206,0.1542114019393921,8.427712440490723,0.023792210966348648,0.0,0.05000567436218262,0.22885040938854218,0.21768800914287567,1,Left,"[0.800000011920929, 0.22252002358436584, -9.044774055480957]","[0.0, 0.22252002358436584, -8.424774169921875]",20983,20998,16,41997,true,true,true,true,,,,
450,art_cw,Minecart,minecart,model_20.pt,13,1,3,1,Left,2,Right,5,"[0.800000011920929, 0.0, -0.7399998903274536]","[0.800000011920929, 0.0, -0.619999885559082]",4.900054477730009e-07,0.9920222759246826,false,9.71852329999092,0.0,0.0,14.570839881896973,14.570839881896973,-14.52083969116211,4.900054477730009e-07,0.9920222759246826,2,Right,"[0.800000011920929, 0.0, -0.619999885559082]","[0.0, 0.0, 0.0]",,,,,,,,,,3,250,750
451,ray_zoo,Minecart,minecart,model_20.pt,13,2,3,1,Left,5,None,5,"[0.800000011920929, 0.0, -0.7399998903274536]","[0.800000011920929, 0.0, -0.5999999046325684]",0.0021384728606790304,0.9978587031364441,true,48.2547558999795,0.12988808751106262,9.055062294006348,0.01688326522707939,0.0,0.05000436305999756,0.2871825695037842,0.27317532896995544,1,Left,"[0.800000011920929, 0.18261781334877014, -9.653221130371094]","[0.0, 0.18261781334877014, -9.053220748901367]",20983,20998,16,41997,true,true,true,true,,,,
451,art_cw,Minecart,minecart,model_20.pt,13,2,3,1,Left,5,None,5,"[0.800000011920929, 0.0, -0.7399998903274536]","[0.800000011920929, 0.0, -0.5999999046325684]",0.0021384728606790304,0.9978587031364441,true,9.576402999984566,0.42509326338768005,0.6549211144447327,0.1807042807340622,0.0,0.05784296989440918,0.3579743504524231,0.3378555476665497,1,Left,"[0.16236108541488647, 0.0, -0.45054006576538086]","[-0.6376389265060425, 0.0, 0.1494598388671875]",,,,,,,,,,3,250,750
452,ray_zoo,Minecart,minecart,model_20.pt,13,2,3,2,Right,5,None,5,"[0.800000011920929, 0.0, -0.7399998903274536]","[0.800000011920929, 0.0, -0.5999999046325684]",2.8275260319787776e-06,0.9978587031364441,true,48.50947780002025,0.07961992919445038,15.83080768585205,0.00637843320146203,0.0,0.050071001052856445,0.2380986213684082,0.22647035121917725,2,Right,"[0.8009154200553894, 0.012868788093328476, -16.430803298950195]","[0.0009154081344604492, 0.012868788093328476, -15.830802917480469]",20983,20998,16,41997,true,true,false,true,,,,
452,art_cw,Minecart,minecart,model_20.pt,13,2,3,2,Right,5,None,5,"[0.800000011920929, 0.0, -0.7399998903274536]","[0.800000011920929, 0.0, -0.5999999046325684]",2.8275260319787776e-06,0.9978587031364441,false,8.307480400020722,0.0,0.0,12.823965072631836,12.823965072631836,-12.773964881896973,2.8275260319787776e-06,0.9978587031364441,5,None,"[0.800000011920929, 0.0, -0.5999999046325684]","[0.0, 0.0, 0.0]",,,,,,,,,,3,250,750
453,ray_zoo,Minecart,minecart,model_20.pt,13,3,3,1,Left,5,None,5,"[0.800000011920929, 0.0, -0.7399998903274536]","[0.800000011920929, 0.0, -0.5799999237060547]",0.003564393613487482,0.9964356422424316,true,47.91306940000504,0.02699890546500683,5.3897294998168945,0.0007337575661949813,0.0,0.050022244453430176,0.3190344274044037,0.3034681975841522,1,Left,"[0.7992759346961975, 0.0023614116944372654, -5.969728946685791]","[-0.0007240772247314453, 0.0023614116944372654, -5.389729022979736]",20983,20998,16,41997,true,true,false,true,,,,
453,art_cw,Minecart,minecart,model_20.pt,13,3,3,1,Left,5,None,5,"[0.800000011920929, 0.0, -0.7399998903274536]","[0.800000011920929, 0.0, -0.5799999237060547]",0.003564393613487482,0.9964356422424316,true,9.406178699980956,0.5113142132759094,0.7669713497161865,0.2614422142505646,0.0,0.2947899103164673,0.36142659187316895,0.2679424583911896,1,Left,"[0.03302872180938721, 7.198844105005264e-05, -0.5797710418701172]","[-0.7669712901115417, 7.198844105005264e-05, 0.0002288818359375]",,,,,,,,,,3,250,750
454,ray_zoo,Minecart,minecart,model_20.pt,13,3,3,2,Right,5,None,5,"[0.800000011920929, 0.0, -0.7399998903274536]","[0.800000011920929, 0.0, -0.5799999237060547]",1.0046202092439671e-08,0.9964356422424316,true,48.66777130000992,0.1067318320274353,0.16009773313999176,0.015178066678345203,0.0,0.05048108100891113,0.5109801888465881,0.0031942015048116446,2,Right,"[0.8487018346786499, 0.1525103896856308, -0.5799999237060547]","[0.04870182275772095, 0.1525103896856308, 0.0]",20983,20998,16,41997,true,true,true,true,,,,
454,art_cw,Minecart,minecart,model_20.pt,13,3,3,2,Right,5,None,5,"[0.800000011920929, 0.0, -0.7399998903274536]","[0.800000011920929, 0.0, -0.5799999237060547]",1.0046202092439671e-08,0.9964356422424316,false,9.288842000009026,0.0,0.0,18.462499618530273,18.462499618530273,-18.412500381469727,1.0046202092439671e-08,0.9964356422424316,5,None,"[0.800000011920929, 0.0, -0.5799999237060547]","[0.0, 0.0, 0.0]",,,,,,,,,,3,250,750
455,ray_zoo,Minecart,minecart,model_20.pt,13,4,3,5,None,1,Left,5,"[0.800000011920929, 0.0, -0.7399998903274536]","[0.800000011920929, 0.0, -0.559999942779541]",1.1814229594619974e-07,0.9999998807907104,true,49.957863299991004,0.1140761524438858,0.2867690324783325,0.0398356132209301,0.0,0.05019545555114746,0.4403345286846161,0.14082404971122742,5,None,"[0.9296225309371948, 0.11169200390577316, -0.7901290059089661]","[0.12962251901626587, 0.11169200390577316, -0.23012906312942505]",20983,20998,16,41997,true,true,false,true,,,,
455,art_cw,Minecart,minecart,model_20.pt,13,4,3,5,None,1,Left,5,"[0.800000011920929, 0.0, -0.7399998903274536]","[0.800000011920929, 0.0, -0.559999942779541]",1.1814229594619974e-07,0.9999998807907104,false,9.476781900011702,0.008352367207407951,0.0721391811966896,0.048074676109536085,0.048004914075136185,0.001995086669921875,0.39264416694641113,0.2143573760986328,5,None,"[0.7874827980995178, 0.0, -0.631044864654541]","[-0.012517213821411133, 0.0, -0.071044921875]",,,,,,,,,,3,250,750
456,ray_zoo,Minecart,minecart,model_20.pt,13,4,3,2,Right,1,Left,5,"[0.800000011920929, 0.0, -0.7399998903274536]","[0.800000011920929, 0.0, -0.559999942779541]",1.5778569562030498e-08,0.9999998807907104,true,49.044231400010176,0.06833876669406891,0.1427885740995407,0.01305701956152916,0.0,0.0500490665435791,0.5015062689781189,0.4770240783691406,2,Right,"[0.8724822998046875, 0.07248229533433914, -0.6594042181968689]","[0.07248228788375854, 0.07248229533433914, -0.09940427541732788]",20983,20998,16,41997,true,true,false,false,,,,
456,art_cw,Minecart,minecart,model_20.pt,13,4,3,2,Right,1,Left,5,"[0.800000011920929, 0.0, -0.7399998903274536]","[0.800000011920929, 0.0, -0.559999942779541]",1.5778569562030498e-08,0.9999998807907104,false,9.627492200001143,0.0,0.0,18.014612197875977,18.014612197875977,-17.96461296081543,1.5778569562030498e-08,0.9999998807907104,1,Left,"[0.800000011920929, 0.0, -0.559999942779541]","[0.0, 0.0, 0.0]",,,,,,,,,,3,250,750
457,ray_zoo,Minecart,minecart,model_20.pt,13,5,3,5,None,2,Right,5,"[0.800000011920929, 0.0, -0.7399998903274536]","[0.800000011920929, 0.0, -0.5399999618530273]",3.0767485781346693e-10,1.0,true,48.97845470000175,0.036675333976745605,3.631159782409668,0.004499170463532209,0.0,0.05000412464141846,0.274906188249588,0.26149776577949524,5,None,"[0.8444372415542603, 0.01761297695338726, -4.170845031738281]","[0.0444372296333313, 0.01761297695338726, -3.630845069885254]",20983,20998,16,41997,true,true,true,true,,,,
457,art_cw,Minecart,minecart,model_20.pt,13,5,3,5,None,2,Right,5,"[0.800000011920929, 0.0, -0.7399998903274536]","[0.800000011920929, 0.0, -0.5399999618530273]",3.0767485781346693e-10,1.0,true,7.549280799983535,0.3499356210231781,0.8258331418037415,0.1224549412727356,0.0,0.40058666467666626,0.4894140660762787,0.3278716802597046,5,None,"[1.324881672859192, 0.0, -1.1775732040405273]","[0.5248816609382629, 0.0, -0.6375732421875]",,,,,,,,,,3,250,750
458,ray_zoo,Minecart,minecart,model_20.pt,13,5,3,1,Left,2,Right,5,"[0.800000011920929, 0.0, -0.7399998903274536]","[0.800000011920929, 0.0, -0.5399999618530273]",4.692051955301757e-11,1.0,true,50.52279920000001,0.17740221321582794,0.26831501722335815,0.03552818298339844,0.0,0.051816344261169434,0.5129511952400208,0.48704883456230164,1,Left,"[0.7983404397964478, 0.2660980224609375, -0.5056193470954895]","[-0.0016595721244812012, 0.2660980224609375, 0.03438061475753784]",20983,20998,16,41997,true,true,false,false,,,,
458,art_cw,Minecart,minecart,model_20.pt,13,5,3,1,Left,2,Right,5,"[0.800000011920929, 0.0, -0.7399998903274536]","[0.800000011920929, 0.0, -0.5399999618530273]",4.692051955301757e-11,1.0,false,8.358004800014896,0.0,0.0,23.832565307617188,23.832565307617188,-23.78256607055664,4.692051955301757e-11,1.0,2,Right,"[0.800000011920929, 0.0, -0.5399999618530273]","[0.0, 0.0, 0.0]",,,,,,,,,,3,250,750
459,ray_zoo,Minecart,minecart,model_20.pt,13,6,3,4,Brake,2,Right,5,"[0.800000011920929, 0.0, -0.7399998903274536]","[0.800000011920929, 0.0, -0.5199999809265137]",6.885007841628266e-11,1.0,true,48.1557371999952,0.13142986595630646,0.19714480638504028,0.017273809760808945,0.0,0.050373077392578125,0.5125906467437744,0.487409383058548,4,Brake,"[0.800000011920929, 0.19714480638504028, -0.5199999809265137]","[0.0, 0.19714480638504028, 0.0]",20983,20998,16,41997,true,true,true,true,,,,
459,art_cw,Minecart,minecart,model_20.pt,13,6,3,4,Brake,2,Right,5,"[0.800000011920929, 0.0, -0.7399998903274536]","[0.800000011920929, 0.0, -0.5199999809265137]",6.885007841628266e-11,1.0,false,7.28988080000272,0.19966959953308105,0.3056598901748657,0.08553063869476318,0.045662689954042435,0.004337310791015625,0.30053433775901794,0.2388649433851242,4,Brake,"[0.500495970249176, 0.0, -0.5810351371765137]","[-0.29950404167175293, 0.0, -0.06103515625]",,,,,,,,,,3,250,750
460,ray_zoo,Minecart,minecart,model_20.pt,13,6,3,1,Left,2,Right,5,"[0.800000011920929, 0.0, -0.7399998903274536]","[0.800000011920929, 0.0, -0.5199999809265137]",1.636202349823701e-12,1.0,true,48.670671600004425,0.0389317087829113,1.698618769645691,0.0017464112024754286,0.0,0.05010354518890381,0.30408161878585815,0.21854226291179657,1,Left,"[0.7856461405754089, 0.055155470967292786, -2.2176623344421387]","[-0.01435387134552002, 0.055155470967292786, -1.697662353515625]",20983,20998,16,41997,true,true,false,true,,,,
460,art_cw,Minecart,minecart,model_20.pt,13,6,3,1,Left,2,Right,5,"[0.800000011920929, 0.0, -0.7399998903274536]","[0.800000011920929, 0.0, -0.5199999809265137]",1.636202349823701e-12,1.0,true,9.659612399991602,0.1194402351975441,0.19619134068489075,0.014265969395637512,0.0,0.14812934398651123,0.3433956205844879,0.29611676931381226,1,Left,"[0.6208406686782837, 0.0, -0.5999560356140137]","[-0.17915934324264526, 0.0, -0.0799560546875]",,,,,,,,,,3,250,750
461,ray_zoo,Minecart,minecart,model_20.pt,13,7,3,2,Right,4,Brake,5,"[0.800000011920929, 0.0, -0.7399998903274536]","[0.800000011920929, 0.0, -0.4999999701976776]",3.6146986985841068e-06,0.9999964237213135,true,47.28898839998874,0.050412364304065704,0.08931542187929153,0.011578183621168137,0.0,0.0503082275390625,0.5125743746757507,0.4874255955219269,2,Right,"[0.800000011920929, 0.0756177008152008, -0.4524688422679901]","[0.0, 0.0756177008152008, 0.0475311279296875]",20983,20998,16,41997,true,true,false,false,,,,
461,art_cw,Minecart,minecart,model_20.pt,13,7,3,2,Right,4,Brake,5,"[0.800000011920929, 0.0, -0.7399998903274536]","[0.800000011920929, 0.0, -0.4999999701976776]",3.6146986985841068e-06,0.9999964237213135,true,8.760649000003468,0.13598115742206573,0.23794274032115936,0.018490875139832497,0.0,24.21541976928711,1.0,3.043524460233371e-11,2,Right,"[1.003969669342041, 0.0, -0.3774718940258026]","[0.20396965742111206, 0.0, 0.122528076171875]",,,,,,,,,,3,250,750
462,ray_zoo,Minecart,minecart,model_20.pt,13,7,3,1,Left,4,Brake,5,"[0.800000011920929, 0.0, -0.7399998903274536]","[0.800000011920929, 0.0, -0.4999999701976776]",3.733988893908288e-14,0.9999964237213135,true,48.04238150001038,0.12922798097133636,25.642183303833008,0.01700839214026928,0.0,0.050049543380737305,0.22529733180999756,0.214298814535141,1,Left,"[0.7857818603515625, 0.019672365859150887, -26.14217185974121]","[-0.014218151569366455, 0.019672365859150887, -25.64217185974121]",20983,20998,16,41997,true,true,false,true,,,,
462,art_cw,Minecart,minecart,model_20.pt,13,7,3,1,Left,4,Brake,5,"[0.800000011920929, 0.0, -0.7399998903274536]","[0.800000011920929, 0.0, -0.4999999701976776]",3.733988893908288e-14,0.9999964237213135,false,9.62812069998472,0.20980806648731232,0.5087699294090271,0.05417276918888092,0.01015334203839302,0.03984665870666504,0.2415286749601364,0.23209381103515625,1,Left,"[1.114697813987732, 0.0001649884507060051, -0.8997650146484375]","[0.314697802066803, 0.0001649884507060051, -0.3997650444507599]",,,,,,,,,,3,250,750
463,ray_zoo,Minecart,minecart,model_20.pt,13,8,3,0,Mine,2,Right,5,"[0.800000011920929, 0.0, -0.7399998903274536]","[0.800000011920929, 0.0, -0.47999995946884155]",0.002480071969330311,0.9975199103355408,true,48.887012399995,0.06638778746128082,1.6131256818771362,0.004407650325447321,0.0,0.05001556873321533,0.24549967050552368,0.20623840391635895,0,Mine,"[0.8083800673484802, 0.09849093109369278, -2.0900943279266357]","[0.00838005542755127, 0.09849093109369278, -1.6100943088531494]",20983,20998,16,41997,true,true,true,true,,,,
463,art_cw,Minecart,minecart,model_20.pt,13,8,3,0,Mine,2,Right,5,"[0.800000011920929, 0.0, -0.7399998903274536]","[0.800000011920929, 0.0, -0.47999995946884155]",0.002480071969330311,0.9975199103355408,false,9.748569299990777,0.0,0.0,6.046984672546387,6.046984672546387,-5.996984481811523,0.002480071969330311,0.9975199103355408,2,Right,"[0.800000011920929, 0.0, -0.47999995946884155]","[0.0, 0.0, 0.0]",,,,,,,,,,3,250,750
464,ray_zoo,Minecart,minecart,model_20.pt,13,8,3,5,None,2,Right,5,"[0.800000011920929, 0.0, -0.7399998903274536]","[0.800000011920929, 0.0, -0.47999995946884155]",8.871103851504358e-10,0.9975199103355408,true,52.520227500004694,0.20517662167549133,0.4549226760864258,0.16722054779529572,0.0,0.05007946491241455,0.4765816926956177,0.4533025026321411,5,None,"[1.0799636840820312, 0.12780171632766724, -0.8150248527526855]","[0.2799636721611023, 0.12780171632766724, -0.335024893283844]",20983,20998,16,41997,true,true,false,false,,,,
464,art_cw,Minecart,minecart,model_20.pt,13,8,3,5,None,2,Right,5,"[0.800000011920929, 0.0, -0.7399998903274536]","[0.800000011920929, 0.0, -0.47999995946884155]",8.871103851504358e-10,0.9975199103355408,false,9.631873400008772,0.0,0.0,20.890567779541016,20.890567779541016,-20.84056854248047,8.871103851504358e-10,0.9975199103355408,2,Right,"[0.800000011920929, 0.0, -0.47999995946884155]","[0.0, 0.0, 0.0]",,,,,,,,,,3,250,750
465,ray_zoo,Minecart,minecart,model_20.pt,13,9,3,0,Mine,2,Right,5,"[0.800000011920929, 0.0, -0.7399998903274536]","[0.800000011920929, 0.0, -0.4599999487400055]",0.005286723375320435,0.9947130084037781,true,51.14596059999894,0.008513388223946095,1.702677607536316,7.281232683453709e-05,0.0,0.05029582977294922,0.26725777983665466,0.12596043944358826,0,Mine,"[0.800000011920929, 0.0, -2.162677526473999]","[0.0, 0.0, -1.702677607536316]",20983,20998,16,41997,true,true,true,true,,,,
465,art_cw,Minecart,minecart,model_20.pt,13,9,3,0,Mine,2,Right,5,"[0.800000011920929, 0.0, -0.7399998903274536]","[0.800000011920929, 0.0, -0.4599999487400055]",0.005286723375320435,0.9947130084037781,false,8.544124100008048,0.0,0.0,5.287255764007568,5.287255764007568,-5.237255573272705,0.005286723375320435,0.9947130084037781,2,Right,"[0.800000011920929, 0.0, -0.4599999487400055]","[0.0, 0.0, 0.0]",,,,,,,,,,3,250,750
466,ray_zoo,Minecart,minecart,model_20.pt,13,9,3,3,Accelerate,2,Right,5,"[0.800000011920929, 0.0, -0.7399998903274536]","[0.800000011920929, 0.0, -0.4599999487400055]",2.835485304331087e-07,0.9947130084037781,true,51.787084599985974,0.05510689318180084,0.5144323706626892,0.013794463127851486,0.0,0.0501859188079834,0.3113625943660736,0.2961221933364868,3,Accelerate,"[0.8820903301239014, 0.008911161683499813, -0.9677621126174927]","[0.08209031820297241, 0.008911161683499813, -0.5077621936798096]",20983,20998,16,41997,true,true,false,true,,,,
466,art_cw,Minecart,minecart,model_20.pt,13,9,3,3,Accelerate,2,Right,5,"[0.800000011920929, 0.0, -0.7399998903274536]","[0.800000011920929, 0.0, -0.4599999487400055]",2.835485304331087e-07,0.9947130084037781,false,10.65697569999611,0.035290759056806564,0.4291231334209442,0.015780555550009012,0.014535117894411087,0.03546488285064697,0.298837810754776,0.2884252667427063,3,Accelerate,"[0.7471603155136108, 0.0, -0.8858574628829956]","[-0.052839696407318115, 0.0, -0.4258575141429901]",,,,,,,,,,3,250,750
467,ray_zoo,Minecart,minecart,model_20.pt,15,0,3,2,Right,3,Accelerate,4,"[0.8500000238418579, 0.6499999761581421, -1.1999998092651367]","[0.8500000238418579, 0.6499999761581421, -1.1999998092651367]",9.016918920679018e-05,0.9997997879981995,true,49.78072209999664,0.0022942412178963423,0.458848237991333,0.14620956778526306,0.0,0.05322742462158203,0.5133037567138672,0.4866962730884552,2,Right,"[0.8500000238418579, 0.6499999761581421, -0.7411515712738037]","[0.0, 0.0, 0.458848237991333]",20983,20998,16,41997,true,true,false,true,,,,
467,art_cw,Minecart,minecart,model_20.pt,15,0,3,2,Right,3,Accelerate,4,"[0.8500000238418579, 0.6499999761581421, -1.1999998092651367]","[0.8500000238418579, 0.6499999761581421, -1.1999998092651367]",9.016918920679018e-05,0.9997997879981995,true,8.34544510001433,0.046058278530836105,0.7260980010032654,0.002121365163475275,0.0,55.9810905456543,1.0,7.502832237687936e-41,2,Right,"[0.898871123790741, 0.6985313892364502, -0.4771757125854492]","[0.04887109994888306, 0.048531413078308105, 0.7228240966796875]",,,,,,,,,,3,250,750
468,ray_zoo,Minecart,minecart,model_20.pt,15,0,3,1,Left,3,Accelerate,4,"[0.8500000238418579, 0.6499999761581421, -1.1999998092651367]","[0.8500000238418579, 0.6499999761581421, -1.1999998092651367]",8.035239443415776e-05,0.9997997879981995,true,47.122395199985476,0.6616273522377014,1.3141006231307983,2.1981253623962402,0.0,0.05068552494049072,0.36160755157470703,0.34373602271080017,1,Left,"[0.037840425968170166, 0.07965409755706787, -0.3386272192001343]","[-0.8121595978736877, -0.5703458786010742, 0.8613725900650024]",20983,20998,16,41997,true,true,true,true,,,,
468,art_cw,Minecart,minecart,model_20.pt,15,0,3,1,Left,3,Accelerate,4,"[0.8500000238418579, 0.6499999761581421, -1.1999998092651367]","[0.8500000238418579, 0.6499999761581421, -1.1999998092651367]",8.035239443415776e-05,0.9997997879981995,false,9.435716100007994,0.0,0.0,9.478888511657715,9.478888511657715,-9.428888320922852,8.035239443415776e-05,0.9997997879981995,3,Accelerate,"[0.8500000238418579, 0.6499999761581421, -1.1999998092651367]","[0.0, 0.0, 0.0]",,,,,,,,,,3,250,750
469,ray_zoo,Minecart,minecart,model_20.pt,15,1,3,2,Right,5,None,5,"[0.8500000238418579, 0.6499999761581421, -1.1999998092651367]","[0.8500000238418579, 0.6499999761581421, -1.0799998044967651]",0.007672679610550404,0.9907832145690918,true,53.866030899982434,0.028546789661049843,0.04282018542289734,0.0043398067355155945,0.0,0.050081729888916016,0.5092238187789917,0.4843491017818451,2,Right,"[0.880278468132019, 0.619721531867981, -1.0799998044967651]","[0.030278444290161133, -0.030278444290161133, 0.0]",20983,20998,16,41997,true,true,false,true,,,,
469,art_cw,Minecart,minecart,model_20.pt,15,1,3,2,Right,5,None,5,"[0.8500000238418579, 0.6499999761581421, -1.1999998092651367]","[0.8500000238418579, 0.6499999761581421, -1.0799998044967651]",0.007672679610550404,0.9907832145690918,true,13.167472900007851,0.0122502027079463,0.06672615557909012,0.0001500674698036164,0.0,1.374470591545105,0.7935356497764587,0.20074348151683807,2,Right,"[0.8663827180862427, 0.6416916847229004, -1.0158518552780151]","[0.016382694244384766, -0.0083082914352417, 0.06414794921875]",,,,,,,,,,3,250,750
470,ray_zoo,Minecart,minecart,model_20.pt,15,1,3,1,Left,5,None,5,"[0.8500000238418579, 0.6499999761581421, -1.1999998092651367]","[0.8500000238418579, 0.6499999761581421, -1.0799998044967651]",0.0013241368578746915,0.9907832145690918,true,60.475258399994345,0.012163467705249786,2.4326934814453125,0.0001495608448749408,0.0,0.0500483512878418,0.3049209713935852,0.29003578424453735,1,Left,"[0.8500000238418579, 0.6499999761581421, -3.512693405151367]","[0.0, 0.0, -2.4326934814453125]",20983,20998,16,41997,true,true,true,true,,,,
470,art_cw,Minecart,minecart,model_20.pt,15,1,3,1,Left,5,None,5,"[0.8500000238418579, 0.6499999761581421, -1.1999998092651367]","[0.8500000238418579, 0.6499999761581421, -1.0799998044967651]",0.0013241368578746915,0.9907832145690918,false,12.217512900009751,0.0,0.0,6.6677350997924805,6.6677350997924805,-6.617734909057617,0.0013241368578746915,0.9907832145690918,5,None,"[0.8500000238418579, 0.6499999761581421, -1.0799998044967651]","[0.0, 0.0, 0.0]",,,,,,,,,,3,250,750
471,ray_zoo,Minecart,minecart,model_20.pt,15,2,3,5,None,2,Right,5,"[0.8500000238418579, 0.6499999761581421, -1.1999998092651367]","[0.8500000238418579, 0.6499999761581421, -1.0599998235702515]",0.016766604036092758,0.9818885922431946,true,58.31293889999506,0.06211521103978157,0.13649265468120575,0.020869826897978783,0.0,0.0501023530960083,0.4150083065032959,0.3947277069091797,5,None,"[0.8500000238418579, 0.7431697845458984, -0.9602519869804382]","[0.0, 0.09316980838775635, 0.09974783658981323]",20983,20998,16,41997,true,true,true,true,,,,
471,art_cw,Minecart,minecart,model_20.pt,15,2,3,5,None,2,Right,5,"[0.8500000238418579, 0.6499999761581421, -1.1999998092651367]","[0.8500000238418579, 0.6499999761581421, -1.0599998235702515]",0.016766604036092758,0.9818885922431946,true,6.603037699998822,0.02465975284576416,0.17245076596736908,0.0006081034080125391,0.0,0.206312894821167,0.5490546822547913,0.4466990530490875,5,None,"[0.8510347008705139, 0.613046407699585, -1.228441596031189]","[0.0010346770286560059, -0.03695356845855713, -0.1684417724609375]",,,,,,,,,,3,250,750
472,ray_zoo,Minecart,minecart,model_20.pt,15,2,3,1,Left,2,Right,5,"[0.8500000238418579, 0.6499999761581421, -1.1999998092651367]","[0.8500000238418579, 0.6499999761581421, -1.0599998235702515]",0.0012457011034712195,0.9818885922431946,true,40.684731199988164,0.1015750914812088,0.17196255922317505,0.03778792545199394,0.0,0.050104379653930664,0.3839595913887024,0.36519554257392883,1,Left,"[0.7864699959754944, 0.7884844541549683, -0.9802683591842651]","[-0.06353002786636353, 0.13848447799682617, 0.07973146438598633]",20983,20998,16,41997,true,true,true,true,,,,
472,art_cw,Minecart,minecart,model_20.pt,15,2,3,1,Left,2,Right,5,"[0.8500000238418579, 0.6499999761581421, -1.1999998092651367]","[0.8500000238418579, 0.6499999761581421, -1.0599998235702515]",0.0012457011034712195,0.9818885922431946,true,7.575343599979533,0.1847972720861435,1.4895405769348145,0.034150030463933945,0.0,0.25732553005218506,0.4009281396865845,0.11082489788532257,1,Left,"[0.5745569467544556, 0.6208762526512146, -2.523561954498291]","[-0.27544307708740234, -0.02912372350692749, -1.4635621309280396]",,,,,,,,,,3,250,750
473,ray_zoo,Minecart,minecart,model_20.pt,15,3,3,1,Left,5,None,5,"[0.8500000238418579, 0.6499999761581421, -1.1999998092651367]","[0.8500000238418579, 0.6499999761581421, -1.0399998426437378]",0.006135858129709959,0.9936338663101196,true,44.676393200003076,0.06383208930492401,0.09574813395738602,0.015508055686950684,0.0,0.050011515617370605,0.5109744668006897,0.4860484302043915,1,Left,"[0.7706330418586731, 0.5964407920837402, -1.0399998426437378]","[-0.07936698198318481, -0.053559184074401855, 0.0]",20983,20998,16,41997,true,true,true,true,,,,
473,art_cw,Minecart,minecart,model_20.pt,15,3,3,1,Left,5,None,5,"[0.8500000238418579, 0.6499999761581421, -1.1999998092651367]","[0.8500000238418579, 0.6499999761581421, -1.0399998426437378]",0.006135858129709959,0.9936338663101196,true,10.820816800027387,0.05020744726061821,0.10560653358697891,0.002520787762477994,0.0,0.07474827766418457,0.5182522535324097,0.48092618584632874,1,Left,"[0.885419487953186, 0.5835400223731995, -1.1140354871749878]","[0.035419464111328125, -0.06645995378494263, -0.07403564453125]",,,,,,,,,,3,250,750
474,ray_zoo,Minecart,minecart,model_20.pt,15,3,3,2,Right,5,None,5,"[0.8500000238418579, 0.6499999761581421, -1.1999998092651367]","[0.8500000238418579, 0.6499999761581421, -1.0399998426437378]",0.0001682739530224353,0.9936338663101196,true,52.33385920000728,0.0019768185447901487,0.3953636884689331,3.907811333192512e-06,0.0,0.050748348236083984,0.5126826763153076,3.2822183584357845e-06,2,Right,"[0.8500000238418579, 0.6499999761581421, -0.6446361541748047]","[0.0, 0.0, 0.3953636884689331]",20983,20998,16,41997,true,true,false,false,,,,
474,art_cw,Minecart,minecart,model_20.pt,15,3,3,2,Right,5,None,5,"[0.8500000238418579, 0.6499999761581421, -1.1999998092651367]","[0.8500000238418579, 0.6499999761581421, -1.0399998426437378]",0.0001682739530224353,0.9936338663101196,false,8.69189919999917,0.0,0.0,8.73353099822998,8.73353099822998,-8.683530807495117,0.0001682739530224353,0.9936338663101196,5,None,"[0.8500000238418579, 0.6499999761581421, -1.0399998426437378]","[0.0, 0.0, 0.0]",,,,,,,,,,3,250,750
475,ray_zoo,Minecart,minecart,model_20.pt,15,4,3,5,None,1,Left,5,"[0.8500000238418579, 0.6499999761581421, -1.1999998092651367]","[0.8500000238418579, 0.6499999761581421, -1.0199998617172241]",4.3103584175696597e-05,0.9999555349349976,true,51.91466979999677,0.23045286536216736,0.34567931294441223,0.2828265130519867,0.0,0.050805091857910156,0.5046201944351196,0.4796232283115387,5,None,"[0.970665693283081, 0.3260648250579834, -1.0199998617172241]","[0.12066566944122314, -0.3239351511001587, 0.0]",20983,20998,16,41997,true,true,true,true,,,,
475,art_cw,Minecart,minecart,model_20.pt,15,4,3,5,None,1,Left,5,"[0.8500000238418579, 0.6499999761581421, -1.1999998092651367]","[0.8500000238418579, 0.6499999761581421, -1.0199998617172241]",4.3103584175696597e-05,0.9999555349349976,true,9.91485040000407,0.24771930277347565,0.37296587228775024,0.061364855617284775,0.0,3.056180477142334,0.9373778104782104,0.04411968216300011,5,None,"[0.9897979497909546, 0.30572187900543213, -1.0521348714828491]","[0.13979792594909668, -0.34427809715270996, -0.032135009765625]",,,,,,,,,,3,250,750
476,ray_zoo,Minecart,minecart,model_20.pt,15,4,3,2,Right,1,Left,5,"[0.8500000238418579, 0.6499999761581421, -1.1999998092651367]","[0.8500000238418579, 0.6499999761581421, -1.0199998617172241]",8.036751637519046e-07,0.9999555349349976,true,52.287858699972276,0.0030140390153974295,0.6028078198432922,9.084431439987384e-06,0.0,0.05082595348358154,0.5127037763595581,0.4872962534427643,2,Right,"[0.8500000238418579, 0.6499999761581421, -0.4171920418739319]","[0.0, 0.0, 0.6028078198432922]",20983,20998,16,41997,true,true,false,false,,,,
476,art_cw,Minecart,minecart,model_20.pt,15,4,3,2,Right,1,Left,5,"[0.8500000238418579, 0.6499999761581421, -1.1999998092651367]","[0.8500000238418579, 0.6499999761581421, -1.0199998617172241]",8.036751637519046e-07,0.9999555349349976,true,9.74359669999103,0.38529595732688904,0.7640126347541809,0.1484529674053192,0.0,8.670524597167969,0.9998284578323364,0.0001715396501822397,2,Right,"[1.2352879047393799, 0.2192351222038269, -0.5202897787094116]","[0.385287880897522, -0.4307648539543152, 0.4997100830078125]",,,,,,,,,,3,250,750
477,ray_zoo,Minecart,minecart,model_20.pt,15,5,3,5,None,2,Right,5,"[0.8500000238418579, 0.6499999761581421, -1.1999998092651367]","[0.8500000238418579, 0.6499999761581421, -0.9999998807907104]",0.004714506678283215,0.994983434677124,true,51.9536307999806,0.01786399818956852,0.026795998215675354,0.0009938068687915802,0.0,0.050084710121154785,0.5117576122283936,0.48675766587257385,5,None,"[0.8275765776634216, 0.6646701693534851, -0.9999998807907104]","[-0.02242344617843628, 0.014670193195343018, 0.0]",20983,20998,16,41997,true,true,true,true,,,,
477,art_cw,Minecart,minecart,model_20.pt,15,5,3,5,None,2,Right,5,"[0.8500000238418579, 0.6499999761581421, -1.1999998092651367]","[0.8500000238418579, 0.6499999761581421, -0.9999998807907104]",0.004714506678283215,0.994983434677124,true,10.464286500005983,0.03271320462226868,0.04912315309047699,0.0010701536666601896,0.0,3.0363214015960693,0.9529393911361694,0.04575173929333687,5,None,"[0.8221227526664734, 0.6903819441795349, -1.0022886991500854]","[-0.02787727117538452, 0.04038196802139282, -0.002288818359375]",,,,,,,,,,3,250,750
478,ray_zoo,Minecart,minecart,model_20.pt,15,5,3,3,Accelerate,2,Right,5,"[0.8500000238418579, 0.6499999761581421, -1.1999998092651367]","[0.8500000238418579, 0.6499999761581421, -0.9999998807907104]",0.00025484547950327396,0.994983434677124,false,50.55410409998149,0.5738381743431091,2.876675605773926,1.410922110080719,0.3858490586280823,-0.3358490467071533,0.18445643782615662,0.25807812809944153,2,Right,"[0.0, 0.7840865850448608, -3.7449560165405273]","[-0.8500000238418579, 0.13408660888671875, -2.7449560165405273]",20983,20998,0,41981,false,false,false,false,no_successful_seed_or_zoo_point,,,
478,art_cw,Minecart,minecart,model_20.pt,15,5,3,3,Accelerate,2,Right,5,"[0.8500000238418579, 0.6499999761581421, -1.1999998092651367]","[0.8500000238418579, 0.6499999761581421, -0.9999998807907104]",0.00025484547950327396,0.994983434677124,false,8.97084240001277,0.0,0.0,8.31982421875,8.31982421875,-8.269824028015137,0.00025484547950327396,0.994983434677124,2,Right,"[0.8500000238418579, 0.6499999761581421, -0.9999998807907104]","[0.0, 0.0, 0.0]",,,,,,,,,,3,250,750
479,ray_zoo,Minecart,minecart,model_20.pt,15,6,3,2,Right,1,Left,5,"[0.8500000238418579, 0.6499999761581421, -1.1999998092651367]","[0.8500000238418579, 0.6499999761581421, -0.9799998998641968]",6.067912545404397e-05,0.9999327659606934,true,50.34398289999808,0.023721015080809593,0.43135178089141846,0.1954008936882019,0.0,0.05069470405578613,0.5076867341995239,0.4825911521911621,2,Right,"[0.8500000238418579, 0.614564836025238, -0.5501060485839844]","[0.0, -0.03543514013290405, 0.4298938512802124]",20983,20998,16,41997,true,true,true,true,,,,
479,art_cw,Minecart,minecart,model_20.pt,15,6,3,2,Right,1,Left,5,"[0.8500000238418579, 0.6499999761581421, -1.1999998092651367]","[0.8500000238418579, 0.6499999761581421, -0.9799998998641968]",6.067912545404397e-05,0.9999327659606934,true,9.020094299979974,0.15958409011363983,0.6327353715896606,0.025467080995440483,0.0,25.551197052001953,1.0,1.9356828536256128e-25,2,Right,"[1.019553542137146, 0.48108214139938354, -0.3942760229110718]","[0.16955351829528809, -0.16891783475875854, 0.585723876953125]",,,,,,,,,,3,250,750
480,ray_zoo,Minecart,minecart,model_20.pt,15,6,3,5,None,1,Left,5,"[0.8500000238418579, 0.6499999761581421, -1.1999998092651367]","[0.8500000238418579, 0.6499999761581421, -0.9799998998641968]",6.434472652472323e-06,0.9999327659606934,true,52.33067339999252,0.284625768661499,0.42693865299224854,0.43142396211624146,0.0,0.051010191440582275,0.5054823160171509,0.006372055038809776,5,None,"[0.8624975085258484, 0.22324427962303162, -0.9799998998641968]","[0.012497484683990479, -0.4267556965351105, 0.0]",20983,20998,16,41997,true,true,true,true,,,,
480,art_cw,Minecart,minecart,model_20.pt,15,6,3,5,None,1,Left,5,"[0.8500000238418579, 0.6499999761581421, -1.1999998092651367]","[0.8500000238418579, 0.6499999761581421, -0.9799998998641968]",6.434472652472323e-06,0.9999327659606934,false,10.743086200003745,0.0,0.0,12.00377368927002,12.00377368927002,-11.953773498535156,6.434472652472323e-06,0.9999327659606934,1,Left,"[0.8500000238418579, 0.6499999761581421, -0.9799998998641968]","[0.0, 0.0, 0.0]",,,,,,,,,,3,250,750
481,ray_zoo,Minecart,minecart,model_20.pt,15,7,3,1,Left,5,None,5,"[0.8500000238418579, 0.6499999761581421, -1.1999998092651367]","[0.8500000238418579, 0.6499999761581421, -0.9599999189376831]",0.004949737805873156,0.9939723610877991,true,54.36941569999908,0.01014452800154686,0.10164560377597809,0.011279821395874023,0.0,0.05025780200958252,0.3109114468097687,0.29567188024520874,1,Left,"[0.8500000238418579, 0.6651980876922607, -0.8594969511032104]","[0.0, 0.015198111534118652, 0.10050296783447266]",20983,20998,16,41997,true,true,true,true,,,,
481,art_cw,Minecart,minecart,model_20.pt,15,7,3,1,Left,5,None,5,"[0.8500000238418579, 0.6499999761581421, -1.1999998092651367]","[0.8500000238418579, 0.6499999761581421, -0.9599999189376831]",0.004949737805873156,0.9939723610877991,true,8.574025300011272,0.03922071307897568,0.19205811619758606,0.0015382643323391676,0.0,0.8635022640228271,0.7015309929847717,0.0026452343445271254,1,Left,"[0.897858202457428, 0.6841878294944763, -0.7771691083908081]","[0.04785817861557007, 0.03418785333633423, 0.182830810546875]",,,,,,,,,,3,250,750
482,ray_zoo,Minecart,minecart,model_20.pt,15,7,3,2,Right,5,None,5,"[0.8500000238418579, 0.6499999761581421, -1.1999998092651367]","[0.8500000238418579, 0.6499999761581421, -0.9599999189376831]",0.0007076886831782758,0.9939723610877991,true,49.95960600001854,0.031969666481018066,0.0479544997215271,0.005442921072244644,0.0,0.05015158653259277,0.4329952001571655,0.411815345287323,2,Right,"[0.8500000238418579, 0.602045476436615, -0.9599999189376831]","[0.0, -0.0479544997215271, 0.0]",20983,20998,16,41997,true,true,true,false,,,,
482,art_cw,Minecart,minecart,model_20.pt,15,7,3,2,Right,5,None,5,"[0.8500000238418579, 0.6499999761581421, -1.1999998092651367]","[0.8500000238418579, 0.6499999761581421, -0.9599999189376831]",0.0007076886831782758,0.9939723610877991,true,6.2997610999736935,0.03276417776942253,0.07316245883703232,0.0010734914103522897,0.0,1.2094759941101074,0.6353049278259277,0.18954549729824066,2,Right,"[0.8921158313751221, 0.6246731281280518, -0.9058007001876831]","[0.04211580753326416, -0.025326848030090332, 0.05419921875]",,,,,,,,,,3,250,750
483,ray_zoo,Minecart,minecart,model_20.pt,15,8,3,5,None,4,Brake,5,"[0.8500000238418579, 0.6499999761581421, -1.1999998092651367]","[0.8500000238418579, 0.6499999761581421, -0.9399999380111694]",0.00028344878228381276,0.9994077682495117,true,52.566079500014894,0.048118509352207184,9.623702049255371,0.002315390855073929,0.0,0.05000579357147217,0.23033517599105835,0.21910032629966736,5,None,"[0.8499999642372131, 0.6499999165534973, -10.563701629638672]","[-5.960464477539063e-08, -5.960464477539063e-08, -9.623702049255371]",20983,20998,16,41997,false,true,false,false,,,,
483,art_cw,Minecart,minecart,model_20.pt,15,8,3,5,None,4,Brake,5,"[0.8500000238418579, 0.6499999761581421, -1.1999998092651367]","[0.8500000238418579, 0.6499999761581421, -0.9399999380111694]",0.00028344878228381276,0.9994077682495117,false,9.410442299995339,0.0,0.0,8.217886924743652,8.217886924743652,-8.167886734008789,0.00028344878228381276,0.9994077682495117,4,Brake,"[0.8500000238418579, 0.6499999761581421, -0.9399999380111694]","[0.0, 0.0, 0.0]",,,,,,,,,,3,250,750
484,ray_zoo,Minecart,minecart,model_20.pt,15,8,3,1,Left,4,Brake,5,"[0.8500000238418579, 0.6499999761581421, -1.1999998092651367]","[0.8500000238418579, 0.6499999761581421, -0.9399999380111694]",0.0001934712054207921,0.9994077682495117,true,52.833299000019906,0.007453614380210638,0.06540323793888092,0.004995191004127264,0.0,0.05020195245742798,0.50801020860672,0.4831366539001465,1,Left,"[0.8500000238418579, 0.6388300061225891, -0.8755576014518738]","[0.0, -0.011169970035552979, 0.06444233655929565]",20983,20998,16,41997,true,true,true,true,,,,
484,art_cw,Minecart,minecart,model_20.pt,15,8,3,1,Left,4,Brake,5,"[0.8500000238418579, 0.6499999761581421, -1.1999998092651367]","[0.8500000238418579, 0.6499999761581421, -0.9399999380111694]",0.0001934712054207921,0.9994077682495117,true,7.607270000007702,0.013200979679822922,0.08560185879468918,0.00017426586418878287,0.0,1.5968133211135864,0.8276122212409973,0.1676253378391266,1,Left,"[0.8696825504302979, 0.6479248404502869, -0.8567174673080444]","[0.01968252658843994, -0.0020751357078552246, 0.083282470703125]",,,,,,,,,,3,250,750
485,ray_zoo,Minecart,minecart,model_20.pt,15,9,3,1,Left,0,Mine,5,"[0.8500000238418579, 0.6499999761581421, -1.1999998092651367]","[0.8500000238418579, 0.6499999761581421, -0.9199999570846558]",0.000487200595671311,0.9993728995323181,true,51.884270199981984,0.13155607879161835,0.19741129875183105,0.09220346808433533,0.0,0.05000960826873779,0.26493722200393677,0.2520136535167694,1,Left,"[0.8500000238418579, 0.45266586542129517, -0.9144797921180725]","[0.0, -0.19733411073684692, 0.005520164966583252]",20983,20998,16,41997,true,true,true,true,,,,
485,art_cw,Minecart,minecart,model_20.pt,15,9,3,1,Left,0,Mine,5,"[0.8500000238418579, 0.6499999761581421, -1.1999998092651367]","[0.8500000238418579, 0.6499999761581421, -0.9199999570846558]",0.000487200595671311,0.9993728995323181,false,8.75960550000309,0.0,0.0,7.676207542419434,7.676207542419434,-7.62620735168457,0.000487200595671311,0.9993728995323181,0,Mine,"[0.8500000238418579, 0.6499999761581421, -0.9199999570846558]","[0.0, 0.0, 0.0]",,,,,,,,,,3,250,750
486,ray_zoo,Minecart,minecart,model_20.pt,15,9,3,5,None,0,Mine,5,"[0.8500000238418579, 0.6499999761581421, -1.1999998092651367]","[0.8500000238418579, 0.6499999761581421, -0.9199999570846558]",0.0001295115944230929,0.9993728995323181,false,53.98686849998194,0.4413091838359833,16.71690559387207,1.1610564440488815,0.15407948195934296,-0.1040794849395752,0.19663099944591522,0.20456655323505402,3,Accelerate,"[1.5, 0.6492946147918701, -17.624263763427734]","[0.6499999761581421, -0.0007053613662719727, -16.70426368713379]",20983,20998,0,41981,false,false,false,false,no_successful_seed_or_zoo_point,,,
486,art_cw,Minecart,minecart,model_20.pt,15,9,3,5,None,0,Mine,5,"[0.8500000238418579, 0.6499999761581421, -1.1999998092651367]","[0.8500000238418579, 0.6499999761581421, -0.9199999570846558]",0.0001295115944230929,0.9993728995323181,false,7.146404400002211,0.0,0.0,9.001112937927246,9.001112937927246,-8.951112747192383,0.0001295115944230929,0.9993728995323181,0,Mine,"[0.8500000238418579, 0.6499999761581421, -0.9199999570846558]","[0.0, 0.0, 0.0]",,,,,,,,,,3,250,750
487,ray_zoo,Minecart,minecart,model_20.pt,17,0,3,5,None,3,Accelerate,4,"[1.0800000429153442, 0.41999998688697815, -1.1999998092651367]","[1.0800000429153442, 0.41999998688697815, -1.1999998092651367]",4.5715616579400375e-05,0.9999141693115234,false,26.185220200015465,0.7200782895088196,1.2430373430252075,3.530871629714966,2.2678186893463135,-2.2178187370300293,0.07860264927148819,0.7221436500549316,3,Accelerate,"[0.0, 0.43524160981178284, -0.5847686529159546]","[-1.0800000429153442, 0.015241622924804688, 0.6152311563491821]",20983,20998,0,41981,false,false,false,false,no_successful_seed_or_zoo_point,,,
487,art_cw,Minecart,minecart,model_20.pt,17,0,3,5,None,3,Accelerate,4,"[1.0800000429153442, 0.41999998688697815, -1.1999998092651367]","[1.0800000429153442, 0.41999998688697815, -1.1999998092651367]",4.5715616579400375e-05,0.9999141693115234,false,8.065886199998204,0.0,0.0,10.042984962463379,10.042984962463379,-9.992984771728516,4.5715616579400375e-05,0.9999141693115234,3,Accelerate,"[1.0800000429153442, 0.41999998688697815, -1.1999998092651367]","[0.0, 0.0, 0.0]",,,,,,,,,,3,250,750
488,ray_zoo,Minecart,minecart,model_20.pt,17,0,3,1,Left,3,Accelerate,4,"[1.0800000429153442, 0.41999998688697815, -1.1999998092651367]","[1.0800000429153442, 0.41999998688697815, -1.1999998092651367]",3.2546959118917584e-05,0.9999141693115234,true,25.619634400005452,0.7487272620201111,1.4189822673797607,2.061331272125244,0.0,0.05078125,0.3442061245441437,0.3271632790565491,1,Left,"[9.882450103759766e-05, 0.11161038279533386, -0.3326936364173889]","[-1.0799012184143066, -0.3083896040916443, 0.8673061728477478]",20983,20998,16,41997,true,true,true,true,,,,
488,art_cw,Minecart,minecart,model_20.pt,17,0,3,1,Left,3,Accelerate,4,"[1.0800000429153442, 0.41999998688697815, -1.1999998092651367]","[1.0800000429153442, 0.41999998688697815, -1.1999998092651367]",3.2546959118917584e-05,0.9999141693115234,false,7.695233300008113,0.0,0.0,10.38274097442627,10.38274097442627,-10.332740783691406,3.2546959118917584e-05,0.9999141693115234,3,Accelerate,"[1.0800000429153442, 0.41999998688697815, -1.1999998092651367]","[0.0, 0.0, 0.0]",,,,,,,,,,3,250,750
489,ray_zoo,Minecart,minecart,model_20.pt,17,1,3,5,None,2,Right,5,"[1.0800000429153442, 0.41999998688697815, -1.1999998092651367]","[1.0800000429153442, 0.41999998688697815, -1.0799998044967651]",0.006736275274306536,0.9927762746810913,true,25.918336500006262,0.18236273527145386,0.2735441029071808,0.06415155529975891,0.0,0.05012321472167969,0.5100908279418945,0.4851536154747009,5,None,"[0.8190815448760986, 0.5021457076072693, -1.0799998044967651]","[-0.2609184980392456, 0.08214572072029114, 0.0]",20983,20998,16,41997,true,true,true,true,,,,
489,art_cw,Minecart,minecart,model_20.pt,17,1,3,5,None,2,Right,5,"[1.0800000429153442, 0.41999998688697815, -1.1999998092651367]","[1.0800000429153442, 0.41999998688697815, -1.0799998044967651]",0.006736275274306536,0.9927762746810913,true,7.169429200002924,0.005044066812843084,0.047917284071445465,2.5442610422032885e-05,0.0,0.41550230979919434,0.6017132997512817,0.39713600277900696,5,None,"[1.0860674381256104, 0.4154936969280243, -1.0326822996139526]","[0.006067395210266113, -0.004506289958953857, 0.0473175048828125]",,,,,,,,,,3,250,750
490,ray_zoo,Minecart,minecart,model_20.pt,17,1,3,1,Left,2,Right,5,"[1.0800000429153442, 0.41999998688697815, -1.1999998092651367]","[1.0800000429153442, 0.41999998688697815, -1.0799998044967651]",0.00044820428593084216,0.9927762746810913,true,26.53426230000332,0.026397651061415672,5.279530048370361,0.0007044232334010303,0.0,0.05001509189605713,0.26311194896698,0.25027602910995483,1,Left,"[1.0800000429153442, 0.41999998688697815, -6.359529972076416]","[0.0, 0.0, -5.279530048370361]",20983,20998,16,41997,true,true,true,true,,,,
490,art_cw,Minecart,minecart,model_20.pt,17,1,3,1,Left,2,Right,5,"[1.0800000429153442, 0.41999998688697815, -1.1999998092651367]","[1.0800000429153442, 0.41999998688697815, -1.0799998044967651]",0.00044820428593084216,0.9927762746810913,false,7.612894099991536,0.0,0.0,7.753011703491211,7.753011703491211,-7.703011512756348,0.00044820428593084216,0.9927762746810913,2,Right,"[1.0800000429153442, 0.41999998688697815, -1.0799998044967651]","[0.0, 0.0, 0.0]",,,,,,,,,,3,250,750
491,ray_zoo,Minecart,minecart,model_20.pt,17,2,3,5,None,2,Right,5,"[1.0800000429153442, 0.41999998688697815, -1.1999998092651367]","[1.0800000429153442, 0.41999998688697815, -1.0599998235702515]",0.011920556426048279,0.9877241849899292,true,25.60322280001128,0.0007641949341632426,0.031622156500816345,0.000895972887519747,0.0,0.05044078826904297,0.49513542652130127,0.47077980637550354,5,None,"[1.081121563911438, 0.41999998688697815, -1.028397560119629]","[0.00112152099609375, 0.0, 0.03160226345062256]",20983,20998,16,41997,true,true,true,true,,,,
491,art_cw,Minecart,minecart,model_20.pt,17,2,3,5,None,2,Right,5,"[1.0800000429153442, 0.41999998688697815, -1.1999998092651367]","[1.0800000429153442, 0.41999998688697815, -1.0599998235702515]",0.011920556426048279,0.9877241849899292,true,7.800923100003274,0.008078807964920998,0.1822676807641983,6.526714423671365e-05,0.0,1.4597262144088745,0.779807448387146,0.1811491698026657,5,None,"[1.0698057413101196, 0.4135916531085968, -1.241869330406189]","[-0.01019430160522461, -0.006408333778381348, -0.1818695068359375]",,,,,,,,,,3,250,750
492,ray_zoo,Minecart,minecart,model_20.pt,17,2,3,1,Left,2,Right,5,"[1.0800000429153442, 0.41999998688697815, -1.1999998092651367]","[1.0800000429153442, 0.41999998688697815, -1.0599998235702515]",0.00035522764665074646,0.9877241849899292,true,25.663472799991723,0.32415804266929626,0.4988904595375061,0.21379157900810242,0.0,0.050230979919433594,0.34606388211250305,0.3241322934627533,1,Left,"[0.7287123799324036, 0.7561885714530945, -0.9483490586280823]","[-0.3512876629829407, 0.33618858456611633, 0.11165076494216919]",20983,20998,16,41997,true,true,true,false,,,,
492,art_cw,Minecart,minecart,model_20.pt,17,2,3,1,Left,2,Right,5,"[1.0800000429153442, 0.41999998688697815, -1.1999998092651367]","[1.0800000429153442, 0.41999998688697815, -1.0599998235702515]",0.00035522764665074646,0.9877241849899292,true,7.144283399975393,0.02724086493253708,0.04909810423851013,0.0007420646725222468,0.0,2.1492409706115723,0.885932445526123,0.010792098939418793,1,Left,"[1.1071579456329346, 0.3894704580307007, -1.0327781438827515]","[0.027157902717590332, -0.030529528856277466, 0.0272216796875]",,,,,,,,,,3,250,750
493,ray_zoo,Minecart,minecart,model_20.pt,17,3,3,2,Right,1,Left,5,"[1.0800000429153442, 0.41999998688697815, -1.1999998092651367]","[1.0800000429153442, 0.41999998688697815, -1.0399998426437378]",8.430584585994438e-08,0.9999998807907104,true,25.36514700000407,0.0026964680291712284,0.5392935872077942,0.2688957452774048,0.0,0.051264286041259766,0.5128132700920105,0.4871867299079895,2,Right,"[1.0800000429153442, 0.41999998688697815, -0.5007062554359436]","[0.0, 0.0, 0.5392935872077942]",20983,20998,16,41997,true,true,true,false,,,,
493,art_cw,Minecart,minecart,model_20.pt,17,3,3,2,Right,1,Left,5,"[1.0800000429153442, 0.41999998688697815, -1.1999998092651367]","[1.0800000429153442, 0.41999998688697815, -1.0399998426437378]",8.430584585994438e-08,0.9999998807907104,true,7.642895500001032,0.15256735682487488,1.0530325174331665,0.02327679842710495,0.0,130.8982696533203,1.0,0.0,2,Right,"[0.8581026196479797, 0.3645482659339905, -0.012106776237487793]","[-0.2218974232673645, -0.05545172095298767, 1.02789306640625]",,,,,,,,,,3,250,750
494,ray_zoo,Minecart,minecart,model_20.pt,17,3,3,5,None,1,Left,5,"[1.0800000429153442, 0.41999998688697815, -1.1999998092651367]","[1.0800000429153442, 0.41999998688697815, -1.0399998426437378]",5.380354551508737e-15,0.9999998807907104,false,41.670367799990345,0.7890239357948303,1.3117560148239136,2.6357089281082153,1.4347927570343018,-1.3847928047180176,0.1317504346370697,0.5262110233306885,1,Left,"[0.0, 0.9040859937667847, -1.605654001235962]","[-1.0800000429153442, 0.4840860068798065, -0.5656541585922241]",20983,20998,0,41981,false,false,false,false,no_successful_seed_or_zoo_point,,,
494,art_cw,Minecart,minecart,model_20.pt,17,3,3,5,None,1,Left,5,"[1.0800000429153442, 0.41999998688697815, -1.1999998092651367]","[1.0800000429153442, 0.41999998688697815, -1.0399998426437378]",5.380354551508737e-15,0.9999998807907104,false,10.593234300002223,0.0,0.0,32.90602111816406,32.90602111816406,-32.856021881103516,5.380354551508737e-15,0.9999998807907104,1,Left,"[1.0800000429153442, 0.41999998688697815, -1.0399998426437378]","[0.0, 0.0, 0.0]",,,,,,,,,,3,250,750
495,ray_zoo,Minecart,minecart,model_20.pt,17,4,3,5,None,1,Left,5,"[1.0800000429153442, 0.41999998688697815, -1.1999998092651367]","[1.0800000429153442, 0.41999998688697815, -1.0199998617172241]",3.0457296840841197e-12,1.0,true,50.267418400006136,0.13788719475269318,0.20683079957962036,0.24251122772693634,0.0,0.050359368324279785,0.3480517566204071,0.33095812797546387,5,None,"[1.0952364206314087, 0.21373115479946136, -1.0199998617172241]","[0.015236377716064453, -0.20626883208751678, 0.0]",20983,20998,16,41997,true,true,true,true,,,,
495,art_cw,Minecart,minecart,model_20.pt,17,4,3,5,None,1,Left,5,"[1.0800000429153442, 0.41999998688697815, -1.1999998092651367]","[1.0800000429153442, 0.41999998688697815, -1.0199998617172241]",3.0457296840841197e-12,1.0,true,7.315980000013951,0.04616088792681694,0.10447121411561966,0.002130827633664012,0.0,0.3878316879272461,0.5957603454589844,0.4042392075061798,5,None,"[1.081071376800537, 0.48923054337501526, -0.9417680501937866]","[0.001071333885192871, 0.06923055648803711, 0.0782318115234375]",,,,,,,,,,3,250,750
496,ray_zoo,Minecart,minecart,model_20.pt,17,4,3,2,Right,1,Left,5,"[1.0800000429153442, 0.41999998688697815, -1.1999998092651367]","[1.0800000429153442, 0.41999998688697815, -1.0199998617172241]",6.370423665576913e-14,1.0,true,52.969195999990916,0.0013934415765106678,0.27868831157684326,1.9416793293203227e-06,0.0,0.05157047510147095,0.5128885507583618,0.48710909485816956,2,Right,"[1.0800000429153442, 0.41999998688697815, -0.7413115501403809]","[0.0, 0.0, 0.27868831157684326]",20983,20998,16,41997,true,true,false,false,,,,
496,art_cw,Minecart,minecart,model_20.pt,17,4,3,2,Right,1,Left,5,"[1.0800000429153442, 0.41999998688697815, -1.1999998092651367]","[1.0800000429153442, 0.41999998688697815, -1.0199998617172241]",6.370423665576913e-14,1.0,true,7.181856500013964,0.041790880262851715,0.2709842026233673,0.00174647755920887,0.0,1.2047250270843506,0.7693639397621155,0.2306356430053711,2,Right,"[1.086593747138977, 0.48230719566345215, -0.7563585042953491]","[0.0065937042236328125, 0.062307208776474, 0.263641357421875]",,,,,,,,,,3,250,750
497,ray_zoo,Minecart,minecart,model_20.pt,17,5,3,5,None,2,Right,5,"[1.0800000429153442, 0.41999998688697815, -1.1999998092651367]","[1.0800000429153442, 0.41999998688697815, -0.9999998807907104]",0.00034424354089424014,0.9992629885673523,true,50.97620769997593,0.00880594551563263,0.07388735562562943,0.006272569298744202,0.0,0.05008113384246826,0.5072283148765564,0.010320366360247135,5,None,"[1.0931977033615112, 0.41999998688697815, -0.927300751209259]","[0.013197660446166992, 0.0, 0.07269912958145142]",20983,20998,16,41997,true,true,true,true,,,,
497,art_cw,Minecart,minecart,model_20.pt,17,5,3,5,None,2,Right,5,"[1.0800000429153442, 0.41999998688697815, -1.1999998092651367]","[1.0800000429153442, 0.41999998688697815, -0.9999998807907104]",0.00034424354089424014,0.9992629885673523,false,7.660925000003772,0.008137236349284649,0.09633945673704147,0.009694141714135185,0.009627927094697952,0.04037207365036011,0.4701433479785919,0.07831589132547379,5,None,"[1.0881869792938232, 0.4290245771408081, -0.904434084892273]","[0.008186936378479004, 0.009024590253829956, 0.0955657958984375]",,,,,,,,,,3,250,750
498,ray_zoo,Minecart,minecart,model_20.pt,17,5,3,1,Left,2,Right,5,"[1.0800000429153442, 0.41999998688697815, -1.1999998092651367]","[1.0800000429153442, 0.41999998688697815, -0.9999998807907104]",0.00030536818667314947,0.9992629885673523,true,51.58298959999229,0.06092756614089012,0.2865888178348541,0.11605143547058105,0.0,0.05015134811401367,0.5046734809875488,0.47998759150505066,1,Left,"[1.0475742816925049, 0.3345786929130554, -0.7283660769462585]","[-0.032425761222839355, -0.08542129397392273, 0.2716338038444519]",20983,20998,16,41997,true,true,true,true,,,,
498,art_cw,Minecart,minecart,model_20.pt,17,5,3,1,Left,2,Right,5,"[1.0800000429153442, 0.41999998688697815, -1.1999998092651367]","[1.0800000429153442, 0.41999998688697815, -0.9999998807907104]",0.00030536818667314947,0.9992629885673523,true,10.807216099987272,0.004369473084807396,0.03549105301499367,1.9092294678557664e-05,0.0,1.33785080909729,0.7230687737464905,0.18973976373672485,1,Left,"[1.0837870836257935, 0.42534297704696655, -0.9651182889938354]","[0.0037870407104492188, 0.005342990159988403, 0.034881591796875]",,,,,,,,,,3,250,750
499,ray_zoo,Minecart,minecart,model_20.pt,17,6,3,5,None,1,Left,5,"[1.0800000429153442, 0.41999998688697815, -1.1999998092651367]","[1.0800000429153442, 0.41999998688697815, -0.9799998998641968]",3.7802994938829215e-06,0.9999961853027344,false,52.84549540001899,0.2800000011920929,0.41999998688697815,1.263435423374176,0.263435423374176,-0.21343541145324707,0.2513410151004791,0.3111409544944763,1,Left,"[1.0800000429153442, 0.0, -0.9799998998641968]","[0.0, -0.41999998688697815, 0.0]",20983,20998,0,41981,false,false,false,false,no_successful_seed_or_zoo_point,,,
499,art_cw,Minecart,minecart,model_20.pt,17,6,3,5,None,1,Left,5,"[1.0800000429153442, 0.41999998688697815, -1.1999998092651367]","[1.0800000429153442, 0.41999998688697815, -0.9799998998641968]",3.7802994938829215e-06,0.9999961853027344,true,10.259292200003983,0.028370732441544533,0.43428313732147217,0.0008048985037021339,0.0,0.24342387914657593,0.3940466344356537,0.3089085519313812,5,None,"[1.0538861751556396, 0.3865548074245453, -1.4122051000595093]","[-0.02611386775970459, -0.03344517946243286, -0.4322052001953125]",,,,,,,,,,3,250,750
500,ray_zoo,Minecart,minecart,model_20.pt,17,6,3,2,Right,1,Left,5,"[1.0800000429153442, 0.41999998688697815, -1.1999998092651367]","[1.0800000429153442, 0.41999998688697815, -0.9799998998641968]",2.7449255313172216e-08,0.9999961853027344,true,51.491176199982874,0.002846868708729744,0.5693737268447876,0.33755362033843994,0.0,0.05024528503417969,0.5125586986541748,3.738040820354496e-20,2,Right,"[1.0800000429153442, 0.41999998688697815, -0.4106261730194092]","[0.0, 0.0, 0.5693737268447876]",20983,20998,16,41997,true,true,false,false,,,,
500,art_cw,Minecart,minecart,model_20.pt,17,6,3,2,Right,1,Left,5,"[1.0800000429153442, 0.41999998688697815, -1.1999998092651367]","[1.0800000429153442, 0.41999998688697815, -0.9799998998641968]",2.7449255313172216e-08,0.9999961853027344,false,9.295057600014843,0.0,0.0,17.460922241210938,17.460922241210938,-17.41092300415039,2.7449255313172216e-08,0.9999961853027344,1,Left,"[1.0800000429153442, 0.41999998688697815, -0.9799998998641968]","[0.0, 0.0, 0.0]",,,,,,,,,,3,250,750
501,ray_zoo,Minecart,minecart,model_20.pt,17,7,3,1,Left,4,Brake,5,"[1.0800000429153442, 0.41999998688697815, -1.1999998092651367]","[1.0800000429153442, 0.41999998688697815, -0.9599999189376831]",0.0005598002462647855,0.9994401335716248,true,53.81982280002558,0.07733277231454849,0.11599916219711304,0.011536184698343277,0.0,0.05008220672607422,0.5055339336395264,0.48083922266960144,1,Left,"[0.9640008807182312, 0.41999998688697815, -0.9599999189376831]","[-0.11599916219711304, 0.0, 0.0]",20983,20998,16,41997,true,true,false,false,,,,
501,art_cw,Minecart,minecart,model_20.pt,17,7,3,1,Left,4,Brake,5,"[1.0800000429153442, 0.41999998688697815, -1.1999998092651367]","[1.0800000429153442, 0.41999998688697815, -0.9599999189376831]",0.0005598002462647855,0.9994401335716248,true,9.941767600015737,0.014503412880003452,0.30063021183013916,0.00021034899691585451,0.0,7.596090316772461,0.9994977712631226,0.0005021595279686153,1,Left,"[1.099556565284729, 0.4292612075805664, -0.6601494550704956]","[0.019556522369384766, 0.009261220693588257, 0.2998504638671875]",,,,,,,,,,3,250,750
502,ray_zoo,Minecart,minecart,model_20.pt,17,7,3,2,Right,4,Brake,5,"[1.0800000429153442, 0.41999998688697815, -1.1999998092651367]","[1.0800000429153442, 0.41999998688697815, -0.9599999189376831]",6.096210114492351e-08,0.9994401335716248,false,53.433968500001356,0.7259243726730347,1.0888957977294922,2.393891215324402,1.377345323562622,-1.327345371246338,0.141500785946846,0.07184931635856628,1,Left,"[0.0, 0.5588306188583374, -0.9555383324623108]","[-1.0800000429153442, 0.13883063197135925, 0.0044615864753723145]",20983,20998,0,41981,false,false,false,false,no_successful_seed_or_zoo_point,,,
502,art_cw,Minecart,minecart,model_20.pt,17,7,3,2,Right,4,Brake,5,"[1.0800000429153442, 0.41999998688697815, -1.1999998092651367]","[1.0800000429153442, 0.41999998688697815, -0.9599999189376831]",6.096210114492351e-08,0.9994401335716248,true,9.143306400015717,0.10579346865415573,0.2243979424238205,0.011192257516086102,0.0,1.118661642074585,0.7337228655815125,0.23971956968307495,2,Right,"[1.0525500774383545, 0.2637064754962921, -1.118660807609558]","[-0.027449965476989746, -0.15629351139068604, -0.158660888671875]",,,,,,,,,,3,250,750
503,ray_zoo,Minecart,minecart,model_20.pt,17,8,3,2,Right,0,Mine,5,"[1.0800000429153442, 0.41999998688697815, -1.1999998092651367]","[1.0800000429153442, 0.41999998688697815, -0.9399999380111694]",4.1503171814838424e-06,0.9999948740005493,true,53.92587119998643,0.07079680263996124,0.12761035561561584,0.015335218980908394,0.0,0.05014610290527344,0.5123379230499268,0.4872796833515167,2,Right,"[1.0800000429153442, 0.5261938571929932, -0.8692378997802734]","[0.0, 0.10619387030601501, 0.070762038230896]",20983,20998,16,41997,true,true,true,false,,,,
503,art_cw,Minecart,minecart,model_20.pt,17,8,3,2,Right,0,Mine,5,"[1.0800000429153442, 0.41999998688697815, -1.1999998092651367]","[1.0800000429153442, 0.41999998688697815, -0.9399999380111694]",4.1503171814838424e-06,0.9999948740005493,true,8.388275400007842,0.035054001957178116,0.18223008513450623,0.0012287829304113984,0.0,3.30802059173584,0.9647029042243958,0.03529705852270126,2,Right,"[1.0751162767410278, 0.4723373353481293, -0.7655156850814819]","[-0.004883766174316406, 0.05233734846115112, 0.1744842529296875]",,,,,,,,,,3,250,750
504,ray_zoo,Minecart,minecart,model_20.pt,17,8,3,3,Accelerate,0,Mine,5,"[1.0800000429153442, 0.41999998688697815, -1.1999998092651367]","[1.0800000429153442, 0.41999998688697815, -0.9399999380111694]",5.092618948765448e-07,0.9999948740005493,true,54.39760830000159,0.031364597380161285,6.272919654846191,0.0009837379911914468,0.0,0.05001115798950195,0.21773263812065125,0.18079832196235657,3,Accelerate,"[1.0800000429153442, 0.41999998688697815, -7.21291971206665]","[0.0, 0.0, -6.272919654846191]",20983,20998,16,41997,true,true,true,true,,,,
504,art_cw,Minecart,minecart,model_20.pt,17,8,3,3,Accelerate,0,Mine,5,"[1.0800000429153442, 0.41999998688697815, -1.1999998092651367]","[1.0800000429153442, 0.41999998688697815, -0.9399999380111694]",5.092618948765448e-07,0.9999948740005493,false,10.064400499977637,0.0,0.0,14.540298461914062,14.540298461914062,-14.4902982711792,5.092618948765448e-07,0.9999948740005493,0,Mine,"[1.0800000429153442, 0.41999998688697815, -0.9399999380111694]","[0.0, 0.0, 0.0]",,,,,,,,,,3,250,750
505,ray_zoo,Minecart,minecart,model_20.pt,17,9,3,1,Left,3,Accelerate,5,"[1.0800000429153442, 0.41999998688697815, -1.1999998092651367]","[1.0800000429153442, 0.41999998688697815, -0.7199999094009399]",4.279349013813771e-06,0.9999932050704956,true,50.044843199983006,0.0005917951348237693,0.1183590292930603,0.02702326700091362,0.0,0.051220715045928955,0.5080348253250122,0.48266810178756714,1,Left,"[1.0800000429153442, 0.41999998688697815, -0.6016408801078796]","[0.0, 0.0, 0.1183590292930603]",20983,20998,16,41997,true,true,true,true,,,,
505,art_cw,Minecart,minecart,model_20.pt,17,9,3,1,Left,3,Accelerate,5,"[1.0800000429153442, 0.41999998688697815, -1.1999998092651367]","[1.0800000429153442, 0.41999998688697815, -0.7199999094009399]",4.279349013813771e-06,0.9999932050704956,true,8.693637699994724,0.11435206979513168,0.17446178197860718,0.013076395727694035,0.0,0.31548142433166504,0.5768426060676575,0.42077067494392395,1,Left,"[1.1148566007614136, 0.2520510256290436, -0.6881395578384399]","[0.034856557846069336, -0.16794896125793457, 0.0318603515625]",,,,,,,,,,3,250,750
506,ray_zoo,Minecart,minecart,model_20.pt,17,9,3,5,None,3,Accelerate,5,"[1.0800000429153442, 0.41999998688697815, -1.1999998092651367]","[1.0800000429153442, 0.41999998688697815, -0.7199999094009399]",2.1265500436129514e-06,0.9999932050704956,true,52.235534500010544,0.22855645418167114,0.4009399116039276,0.19191816449165344,0.0,0.05024755001068115,0.45184028148651123,0.4296973645687103,5,None,"[0.7395356297492981, 0.3797859251499176, -0.5121065974235535]","[-0.34046441316604614, -0.04021406173706055, 0.20789331197738647]",20983,20998,16,41997,true,true,true,true,,,,
506,art_cw,Minecart,minecart,model_20.pt,17,9,3,5,None,3,Accelerate,5,"[1.0800000429153442, 0.41999998688697815, -1.1999998092651367]","[1.0800000429153442, 0.41999998688697815, -0.7199999094009399]",2.1265500436129514e-06,0.9999932050704956,false,10.11409069999354,0.0,0.0,13.111002922058105,13.111002922058105,-13.061002731323242,2.1265500436129514e-06,0.9999932050704956,3,Accelerate,"[1.0800000429153442, 0.41999998688697815, -0.7199999094009399]","[0.0, 0.0, 0.0]",,,,,,,,,,3,250,750
507,ray_zoo,Minecart,minecart,model_20.pt,19,0,3,2,Right,3,Accelerate,4,"[1.149999976158142, 0.3499999940395355, -1.2199997901916504]","[1.149999976158142, 0.3499999940395355, -1.2199997901916504]",2.221973772975616e-06,0.9999960660934448,true,56.13627830002224,0.0015924656763672829,0.318493127822876,0.06815232336521149,0.0,0.05512237548828125,0.5137771368026733,0.48622289299964905,2,Right,"[1.149999976158142, 0.3499999940395355, -0.9015066623687744]","[0.0, 0.0, 0.318493127822876]",20983,20998,16,41997,true,true,true,false,,,,
507,art_cw,Minecart,minecart,model_20.pt,19,0,3,2,Right,3,Accelerate,4,"[1.149999976158142, 0.3499999940395355, -1.2199997901916504]","[1.149999976158142, 0.3499999940395355, -1.2199997901916504]",2.221973772975616e-06,0.9999960660934448,false,11.519514099985827,0.0,0.0,13.067111015319824,13.067111015319824,-13.017110824584961,2.221973772975616e-06,0.9999960660934448,3,Accelerate,"[1.149999976158142, 0.3499999940395355, -1.2199997901916504]","[0.0, 0.0, 0.0]",,,,,,,,,,3,250,750
508,ray_zoo,Minecart,minecart,model_20.pt,19,0,3,1,Left,3,Accelerate,4,"[1.149999976158142, 0.3499999940395355, -1.2199997901916504]","[1.149999976158142, 0.3499999940395355, -1.2199997901916504]",9.726793450681726e-07,0.9999960660934448,true,53.33090679999441,0.7828629016876221,1.472112774848938,1.9961297512054443,0.0,0.05127406120300293,0.35069116950035095,0.3331630229949951,1,Left,"[0.0003509521484375, 0.11077237129211426, -0.332197368144989]","[-1.1496490240097046, -0.23922762274742126, 0.8878024220466614]",20983,20998,16,41997,true,true,true,true,,,,
508,art_cw,Minecart,minecart,model_20.pt,19,0,3,1,Left,3,Accelerate,4,"[1.149999976158142, 0.3499999940395355, -1.2199997901916504]","[1.149999976158142, 0.3499999940395355, -1.2199997901916504]",9.726793450681726e-07,0.9999960660934448,false,10.094797700003255,0.0,0.0,13.893207550048828,13.893207550048828,-13.843207359313965,9.726793450681726e-07,0.9999960660934448,3,Accelerate,"[1.149999976158142, 0.3499999940395355, -1.2199997901916504]","[0.0, 0.0, 0.0]",,,,,,,,,,3,250,750
509,ray_zoo,Minecart,minecart,model_20.pt,19,1,3,5,None,2,Right,5,"[1.149999976158142, 0.3499999940395355, -1.2199997901916504]","[1.149999976158142, 0.3499999940395355, -1.0999997854232788]",8.570251520723104e-05,0.9998553991317749,true,52.51570600000559,0.02564082108438015,0.04735838249325752,0.0017495742067694664,0.0,0.05009818077087402,0.5119313597679138,0.48691636323928833,5,None,"[1.149999976158142, 0.3884606659412384, -1.0723665952682495]","[0.0, 0.03846067190170288, 0.027633190155029297]",20983,20998,16,41997,true,true,true,true,,,,
509,art_cw,Minecart,minecart,model_20.pt,19,1,3,5,None,2,Right,5,"[1.149999976158142, 0.3499999940395355, -1.2199997901916504]","[1.149999976158142, 0.3499999940395355, -1.0999997854232788]",8.570251520723104e-05,0.9998553991317749,true,7.48256949998904,0.03657775744795799,0.06480344384908676,0.001337932306341827,0.0,0.23944330215454102,0.5584413409233093,0.4395301342010498,5,None,"[1.1318721771240234, 0.4017847776412964, -1.0655149221420288]","[-0.018127799034118652, 0.051784783601760864, 0.03448486328125]",,,,,,,,,,3,250,750
510,ray_zoo,Minecart,minecart,model_20.pt,19,1,3,1,Left,2,Right,5,"[1.149999976158142, 0.3499999940395355, -1.2199997901916504]","[1.149999976158142, 0.3499999940395355, -1.0999997854232788]",5.891949331271462e-05,0.9998553991317749,true,54.1894018999883,0.042096469551324844,8.27409839630127,0.0018335955683141947,0.0,0.050005555152893066,0.22688156366348267,0.2158152014017105,1,Left,"[1.149999976158142, 0.36167678236961365, -9.374089241027832]","[0.0, 0.011676788330078125, -8.274089813232422]",20983,20998,16,41997,true,true,true,true,,,,
510,art_cw,Minecart,minecart,model_20.pt,19,1,3,1,Left,2,Right,5,"[1.149999976158142, 0.3499999940395355, -1.2199997901916504]","[1.149999976158142, 0.3499999940395355, -1.0999997854232788]",5.891949331271462e-05,0.9998553991317749,false,13.72853930000565,0.0,0.0,9.789194107055664,9.789194107055664,-9.7391939163208,5.891949331271462e-05,0.9998553991317749,2,Right,"[1.149999976158142, 0.3499999940395355, -1.0999997854232788]","[0.0, 0.0, 0.0]",,,,,,,,,,3,250,750
511,ray_zoo,Minecart,minecart,model_20.pt,19,2,3,5,None,2,Right,5,"[1.149999976158142, 0.3499999940395355, -1.2199997901916504]","[1.149999976158142, 0.3499999940395355, -1.0799998044967651]",0.004259465727955103,0.9937421679496765,true,54.096872399997665,0.0019429413368925452,0.03396081551909447,0.0010503854136914015,0.0,0.05000638961791992,0.3450673818588257,0.32823610305786133,5,None,"[1.1529033184051514, 0.3499999940395355, -1.0461633205413818]","[0.0029033422470092773, 0.0, 0.0338364839553833]",20983,20998,16,41997,true,true,true,true,,,,
511,art_cw,Minecart,minecart,model_20.pt,19,2,3,5,None,2,Right,5,"[1.149999976158142, 0.3499999940395355, -1.2199997901916504]","[1.149999976158142, 0.3499999940395355, -1.0799998044967651]",0.004259465727955103,0.9937421679496765,true,10.030966299993452,0.0028944220393896103,0.06365352869033813,8.377678568649571e-06,0.0,1.7184147834777832,0.8295482993125916,0.021671993657946587,5,None,"[1.1536363363265991, 0.34767624735832214, -1.0164927244186401]","[0.0036363601684570312, -0.002323746681213379, 0.063507080078125]",,,,,,,,,,3,250,750
512,ray_zoo,Minecart,minecart,model_20.pt,19,2,3,1,Left,2,Right,5,"[1.149999976158142, 0.3499999940395355, -1.2199997901916504]","[1.149999976158142, 0.3499999940395355, -1.0799998044967651]",0.0019983393140137196,0.9937421679496765,true,47.034630200010724,0.01418362744152546,0.02702631801366806,0.0005804152460768819,0.0,0.05025959014892578,0.4118921458721161,0.39170223474502563,1,Left,"[1.149999976158142, 0.37127506732940674, -1.0633326768875122]","[0.0, 0.021275073289871216, 0.01666712760925293]",20983,20998,16,41997,true,true,true,true,,,,
512,art_cw,Minecart,minecart,model_20.pt,19,2,3,1,Left,2,Right,5,"[1.149999976158142, 0.3499999940395355, -1.2199997901916504]","[1.149999976158142, 0.3499999940395355, -1.0799998044967651]",0.0019983393140137196,0.9937421679496765,true,7.617529599985573,0.0024249909911304712,0.04661908745765686,5.880581284145592e-06,0.0,0.13042593002319336,0.5217291712760925,0.020337961614131927,1,Left,"[1.1527338027954102, 0.35237401723861694, -1.0335215330123901]","[0.0027338266372680664, 0.002374023199081421, 0.046478271484375]",,,,,,,,,,3,250,750
513,ray_zoo,Minecart,minecart,model_20.pt,19,3,3,2,Right,1,Left,5,"[1.149999976158142, 0.3499999940395355, -1.2199997901916504]","[1.149999976158142, 0.3499999940395355, -1.0599998235702515]",7.25194340342461e-12,1.0,true,47.63167010000325,0.0028823434840887785,0.5764687061309814,0.29576030373573303,0.0,0.050177574157714844,0.5125417709350586,0.4874582588672638,2,Right,"[1.149999976158142, 0.3499999940395355, -0.48353111743927]","[0.0, 0.0, 0.5764687061309814]",20983,20998,16,41997,true,true,false,false,,,,
513,art_cw,Minecart,minecart,model_20.pt,19,3,3,2,Right,1,Left,5,"[1.149999976158142, 0.3499999940395355, -1.2199997901916504]","[1.149999976158142, 0.3499999940395355, -1.0599998235702515]",7.25194340342461e-12,1.0,false,9.91729640000267,0.0,0.0,25.699750900268555,25.699750900268555,-25.649751663208008,7.25194340342461e-12,1.0,1,Left,"[1.149999976158142, 0.3499999940395355, -1.0599998235702515]","[0.0, 0.0, 0.0]",,,,,,,,,,3,250,750
514,ray_zoo,Minecart,minecart,model_20.pt,19,3,3,5,None,1,Left,5,"[1.149999976158142, 0.3499999940395355, -1.2199997901916504]","[1.149999976158142, 0.3499999940395355, -1.0599998235702515]",7.885726192066052e-18,1.0,false,48.09999630000675,0.7790658473968506,1.2459667921066284,2.172173261642456,0.973304033279419,-0.92330402135849,0.17939503490924835,0.45164403319358826,1,Left,"[0.0, 0.557636022567749, -0.627772331237793]","[-1.149999976158142, 0.2076360285282135, 0.4322274923324585]",20983,20998,0,41981,false,false,false,false,no_successful_seed_or_zoo_point,,,
514,art_cw,Minecart,minecart,model_20.pt,19,3,3,5,None,1,Left,5,"[1.149999976158142, 0.3499999940395355, -1.2199997901916504]","[1.149999976158142, 0.3499999940395355, -1.0599998235702515]",7.885726192066052e-18,1.0,false,7.410971800010884,0.0,0.0,39.43147659301758,39.43147659301758,-39.38147735595703,7.885726192066052e-18,1.0,1,Left,"[1.149999976158142, 0.3499999940395355, -1.0599998235702515]","[0.0, 0.0, 0.0]",,,,,,,,,,3,250,750
515,ray_zoo,Minecart,minecart,model_20.pt,19,4,3,5,None,1,Left,5,"[1.149999976158142, 0.3499999940395355, -1.2199997901916504]","[1.149999976158142, 0.3499999940395355, -1.0399998426437378]",8.05051717563815e-13,1.0,true,48.54894899998908,0.09023378044366837,0.13535067439079285,0.1495494395494461,0.0,0.05059170722961426,0.49186602234840393,0.46760067343711853,5,None,"[1.149999976158142, 0.21464931964874268, -1.0399998426437378]","[0.0, -0.13535067439079285, 0.0]",20983,20998,16,41997,true,true,true,false,,,,
515,art_cw,Minecart,minecart,model_20.pt,19,4,3,5,None,1,Left,5,"[1.149999976158142, 0.3499999940395355, -1.2199997901916504]","[1.149999976158142, 0.3499999940395355, -1.0399998426437378]",8.05051717563815e-13,1.0,true,9.747468400018988,0.0753486379981041,0.12944836914539337,0.005677417386323214,0.0,0.5620680451393127,0.6324194073677063,0.3604974150657654,5,None,"[1.1854594945907593, 0.24268463253974915, -1.1031101942062378]","[0.03545951843261719, -0.10731536149978638, -0.0631103515625]",,,,,,,,,,3,250,750
516,ray_zoo,Minecart,minecart,model_20.pt,19,4,3,3,Accelerate,1,Left,5,"[1.149999976158142, 0.3499999940395355, -1.2199997901916504]","[1.149999976158142, 0.3499999940395355, -1.0399998426437378]",1.495469465493185e-13,1.0,false,46.91999460000079,0.7671411037445068,1.2438825368881226,2.079992115497589,0.8724773526191711,-0.8224773406982422,0.17112134397029877,0.3853723108768463,2,Right,"[0.0, 0.3903091549873352, -0.5676450133323669]","[-1.149999976158142, 0.04030916094779968, 0.47235482931137085]",20983,20998,0,41981,false,false,false,false,no_successful_seed_or_zoo_point,,,
516,art_cw,Minecart,minecart,model_20.pt,19,4,3,3,Accelerate,1,Left,5,"[1.149999976158142, 0.3499999940395355, -1.2199997901916504]","[1.149999976158142, 0.3499999940395355, -1.0399998426437378]",1.495469465493185e-13,1.0,true,7.544470699998783,0.0708487331867218,0.11602843552827835,0.005019542761147022,0.0,0.5898604393005371,0.6433302164077759,0.3566652536392212,3,Accelerate,"[1.0523556470870972, 0.3080543875694275, -1.0865696668624878]","[-0.09764432907104492, -0.04194560647010803, -0.04656982421875]",,,,,,,,,,3,250,750
517,ray_zoo,Minecart,minecart,model_20.pt,19,5,3,5,None,2,Right,5,"[1.149999976158142, 0.3499999940395355, -1.2199997901916504]","[1.149999976158142, 0.3499999940395355, -1.0199998617172241]",8.731737034395337e-05,0.9999117851257324,true,48.240811499999836,0.0003518342855386436,0.07036685943603516,0.004759223200380802,0.0,0.05023151636123657,0.5047678351402283,0.4800388216972351,5,None,"[1.149999976158142, 0.3499999940395355, -0.949633002281189]","[0.0, 0.0, 0.07036685943603516]",20983,20998,16,41997,true,true,true,true,,,,
517,art_cw,Minecart,minecart,model_20.pt,19,5,3,5,None,2,Right,5,"[1.149999976158142, 0.3499999940395355, -1.2199997901916504]","[1.149999976158142, 0.3499999940395355, -1.0199998617172241]",8.731737034395337e-05,0.9999117851257324,true,6.1448595999972895,0.005788370501250029,0.08868042379617691,3.3505235478514805e-05,0.0,2.9598915576934814,0.9379209876060486,0.048607323318719864,5,None,"[1.1584467887878418, 0.35189735889434814, -0.9317430257797241]","[0.008446812629699707, 0.001897364854812622, 0.0882568359375]",,,,,,,,,,3,250,750
518,ray_zoo,Minecart,minecart,model_20.pt,19,5,3,1,Left,2,Right,5,"[1.149999976158142, 0.3499999940395355, -1.2199997901916504]","[1.149999976158142, 0.3499999940395355, -1.0199998617172241]",6.504427005893376e-07,0.9999117851257324,true,48.44464439997682,0.02418350987136364,0.2638920545578003,0.07638438045978546,0.0,0.050055503845214844,0.47020992636680603,0.44725269079208374,1,Left,"[1.149999976158142, 0.31377774477005005, -0.7586055994033813]","[0.0, -0.036222249269485474, 0.2613942623138428]",20983,20998,16,41997,true,true,true,false,,,,
518,art_cw,Minecart,minecart,model_20.pt,19,5,3,1,Left,2,Right,5,"[1.149999976158142, 0.3499999940395355, -1.2199997901916504]","[1.149999976158142, 0.3499999940395355, -1.0199998617172241]",6.504427005893376e-07,0.9999117851257324,true,8.6603031999839,0.02893100492656231,0.48195523023605347,0.0008370030554942787,0.0,18.213294982910156,1.0,1.230457158385434e-08,1,Left,"[1.1745659112930298, 0.3855922818183899, -0.5399888753890991]","[0.024565935134887695, 0.03559228777885437, 0.480010986328125]",,,,,,,,,,3,250,750
519,ray_zoo,Minecart,minecart,model_20.pt,19,6,3,5,None,1,Left,5,"[1.149999976158142, 0.3499999940395355, -1.2199997901916504]","[1.149999976158142, 0.3499999940395355, -0.9999998807907104]",7.626110800629249e-06,0.9999877214431763,false,48.735637600009795,0.24612854421138763,0.41712716221809387,1.6487428545951843,0.4983859658241272,-0.44838595390319824,0.2552511394023895,0.3996678590774536,1,Left,"[1.267478585243225, 0.0, -0.8058508634567261]","[0.11747860908508301, -0.3499999940395355, 0.19414901733398438]",20983,20998,0,41981,false,false,false,false,no_successful_seed_or_zoo_point,,,
519,art_cw,Minecart,minecart,model_20.pt,19,6,3,5,None,1,Left,5,"[1.149999976158142, 0.3499999940395355, -1.2199997901916504]","[1.149999976158142, 0.3499999940395355, -0.9999998807907104]",7.626110800629249e-06,0.9999877214431763,false,9.789019399991957,0.0,0.0,11.8339204788208,11.8339204788208,-11.783920288085938,7.626110800629249e-06,0.9999877214431763,1,Left,"[1.149999976158142, 0.3499999940395355, -0.9999998807907104]","[0.0, 0.0, 0.0]",,,,,,,,,,3,250,750
520,ray_zoo,Minecart,minecart,model_20.pt,19,6,3,2,Right,1,Left,5,"[1.149999976158142, 0.3499999940395355, -1.2199997901916504]","[1.149999976158142, 0.3499999940395355, -0.9999998807907104]",4.624420398613438e-06,0.9999877214431763,true,48.41787289999775,0.0028873439878225327,0.5774688124656677,0.33347028493881226,0.0,0.05306434631347656,0.5132629871368408,7.459464099190685e-19,2,Right,"[1.149999976158142, 0.3499999940395355, -0.4225310683250427]","[0.0, 0.0, 0.5774688124656677]",20983,20998,16,41997,true,true,false,false,,,,
520,art_cw,Minecart,minecart,model_20.pt,19,6,3,2,Right,1,Left,5,"[1.149999976158142, 0.3499999940395355, -1.2199997901916504]","[1.149999976158142, 0.3499999940395355, -0.9999998807907104]",4.624420398613438e-06,0.9999877214431763,false,9.69542299999739,0.0,0.0,12.334147453308105,12.334147453308105,-12.284147262573242,4.624420398613438e-06,0.9999877214431763,1,Left,"[1.149999976158142, 0.3499999940395355, -0.9999998807907104]","[0.0, 0.0, 0.0]",,,,,,,,,,3,250,750
521,ray_zoo,Minecart,minecart,model_20.pt,19,7,3,1,Left,4,Brake,5,"[1.149999976158142, 0.3499999940395355, -1.2199997901916504]","[1.149999976158142, 0.3499999940395355, -0.9799998998641968]",3.07223126583267e-05,0.9999672174453735,true,48.53813929998432,0.13821475207805634,0.20732443034648895,0.032501913607120514,0.0,0.050158679485321045,0.4384947121143341,0.4170428514480591,1,Left,"[0.9426778554916382, 0.3499999940395355, -0.9790207743644714]","[-0.2073221206665039, 0.0, 0.0009791254997253418]",20983,20998,16,41997,true,true,true,true,,,,
521,art_cw,Minecart,minecart,model_20.pt,19,7,3,1,Left,4,Brake,5,"[1.149999976158142, 0.3499999940395355, -1.2199997901916504]","[1.149999976158142, 0.3499999940395355, -0.9799998998641968]",3.07223126583267e-05,0.9999672174453735,true,7.7398165999911726,0.012647813186049461,0.36314135789871216,0.00015996716683730483,0.0,0.05846512317657471,0.33294805884361267,0.31404027342796326,1,Left,"[1.1327638626098633, 0.3574461042881012, -1.3426555395126343]","[-0.01723611354827881, 0.007446110248565674, -0.3626556396484375]",,,,,,,,,,3,250,750
522,ray_zoo,Minecart,minecart,model_20.pt,19,7,3,2,Right,4,Brake,5,"[1.149999976158142, 0.3499999940395355, -1.2199997901916504]","[1.149999976158142, 0.3499999940395355, -0.9799998998641968]",1.7077500160667114e-06,0.9999672174453735,false,47.60184649997973,0.7666666507720947,1.149999976158142,2.2791454792022705,1.2791454792022705,-1.2291455268859863,0.15299062430858612,0.0920620858669281,1,Left,"[0.0, 0.3499999940395355, -0.9799998998641968]","[-1.149999976158142, 0.0, 0.0]",20983,20998,0,41981,false,false,false,false,no_successful_seed_or_zoo_point,,,
522,art_cw,Minecart,minecart,model_20.pt,19,7,3,2,Right,4,Brake,5,"[1.149999976158142, 0.3499999940395355, -1.2199997901916504]","[1.149999976158142, 0.3499999940395355, -0.9799998998641968]",1.7077500160667114e-06,0.9999672174453735,false,10.031360699998913,0.0,0.0,13.330301284790039,13.330301284790039,-13.280301094055176,1.7077500160667114e-06,0.9999672174453735,4,Brake,"[1.149999976158142, 0.3499999940395355, -0.9799998998641968]","[0.0, 0.0, 0.0]",,,,,,,,,,3,250,750
523,ray_zoo,Minecart,minecart,model_20.pt,19,8,3,3,Accelerate,0,Mine,5,"[1.149999976158142, 0.3499999940395355, -1.2199997901916504]","[1.149999976158142, 0.3499999940395355, -0.9599999189376831]",3.4770971524267225e-06,0.9999908208847046,true,48.06397429999197,0.10242705792188644,0.15364205837249756,0.01784958690404892,0.0,0.051209449768066406,0.41356196999549866,0.39291679859161377,3,Accelerate,"[1.00028395652771, 0.3845042288303375, -0.9593271017074585]","[-0.14971601963043213, 0.034504234790802, 0.0006728172302246094]",20983,20998,16,41997,true,true,true,true,,,,
523,art_cw,Minecart,minecart,model_20.pt,19,8,3,3,Accelerate,0,Mine,5,"[1.149999976158142, 0.3499999940395355, -1.2199997901916504]","[1.149999976158142, 0.3499999940395355, -0.9599999189376831]",3.4770971524267225e-06,0.9999908208847046,false,8.705653400014853,0.04273166134953499,0.6362907886505127,0.02070199989248067,0.018876004964113235,0.031123995780944824,0.2514747977256775,0.19015918672084808,3,Accelerate,"[1.1190369129180908, 0.2940783202648163, -1.5930718183517456]","[-0.03096306324005127, -0.05592167377471924, -0.6330718994140625]",,,,,,,,,,3,250,750
524,ray_zoo,Minecart,minecart,model_20.pt,19,8,3,5,None,0,Mine,5,"[1.149999976158142, 0.3499999940395355, -1.2199997901916504]","[1.149999976158142, 0.3499999940395355, -0.9599999189376831]",2.516847644074005e-06,0.9999908208847046,false,49.371550199983176,0.8836907148361206,1.3255391120910645,2.8193917274475098,1.4908037185668945,-1.4408037662506104,0.14805001020431519,3.5601617209835013e-09,1,Left,"[0.0, 1.009200930595398, -0.9571249485015869]","[-1.149999976158142, 0.65920090675354, 0.0028749704360961914]",20983,20998,0,41981,false,false,false,false,no_successful_seed_or_zoo_point,,,
524,art_cw,Minecart,minecart,model_20.pt,19,8,3,5,None,0,Mine,5,"[1.149999976158142, 0.3499999940395355, -1.2199997901916504]","[1.149999976158142, 0.3499999940395355, -0.9599999189376831]",2.516847644074005e-06,0.9999908208847046,true,10.13063400000101,0.03245564550161362,0.4771016240119934,0.0010533689055591822,0.0,0.3024691343307495,0.3346886932849884,0.24733200669288635,5,None,"[1.1260085105895996, 0.3077884018421173, -1.4346245527267456]","[-0.02399146556854248, -0.04221159219741821, -0.4746246337890625]",,,,,,,,,,3,250,750
525,ray_zoo,Minecart,minecart,model_20.pt,19,9,3,1,Left,3,Accelerate,5,"[1.149999976158142, 0.3499999940395355, -1.2199997901916504]","[1.149999976158142, 0.3499999940395355, -0.7399998903274536]",7.365083001786843e-05,0.9999257326126099,true,48.6677672000078,0.0004986697458662093,0.09973394870758057,0.018164468929171562,0.0,0.05035805702209473,0.504794180393219,0.4800031781196594,1,Left,"[1.149999976158142, 0.3499999940395355, -0.640265941619873]","[0.0, 0.0, 0.09973394870758057]",20983,20998,16,41997,true,true,true,false,,,,
525,art_cw,Minecart,minecart,model_20.pt,19,9,3,1,Left,3,Accelerate,5,"[1.149999976158142, 0.3499999940395355, -1.2199997901916504]","[1.149999976158142, 0.3499999940395355, -0.7399998903274536]",7.365083001786843e-05,0.9999257326126099,true,10.014122399996268,0.09259713441133499,0.13984130322933197,0.008574229665100574,0.0,1.835266351699829,0.8316428661346436,0.13270607590675354,1,Left,"[1.2302535772323608, 0.23663614690303802, -0.7237645387649536]","[0.08025360107421875, -0.1133638471364975, 0.0162353515625]",,,,,,,,,,3,250,750
526,ray_zoo,Minecart,minecart,model_20.pt,19,9,3,5,None,3,Accelerate,5,"[1.149999976158142, 0.3499999940395355, -1.2199997901916504]","[1.149999976158142, 0.3499999940395355, -0.7399998903274536]",5.832936835759028e-07,0.9999257326126099,true,48.268133899982786,0.25685667991638184,0.44362786412239075,0.20056305825710297,0.0,0.050409555435180664,0.3586486577987671,0.341017484664917,5,None,"[0.7647184729576111, 0.3499999940395355, -0.5200820565223694]","[-0.385281503200531, 0.0, 0.21991783380508423]",20983,20998,16,41997,true,true,true,true,,,,
526,art_cw,Minecart,minecart,model_20.pt,19,9,3,5,None,3,Accelerate,5,"[1.149999976158142, 0.3499999940395355, -1.2199997901916504]","[1.149999976158142, 0.3499999940395355, -0.7399998903274536]",5.832936835759028e-07,0.9999257326126099,false,7.91913540000678,0.0,0.0,14.404500961303711,14.404500961303711,-14.354500770568848,5.832936835759028e-07,0.9999257326126099,3,Accelerate,"[1.149999976158142, 0.3499999940395355, -0.7399998903274536]","[0.0, 0.0, 0.0]",,,,,,,,,,3,250,750
527,ray_zoo,Minecart,minecart,model_20.pt,21,0,3,5,None,3,Accelerate,4,"[1.5, 0.0, -0.9599997997283936]","[1.5, 0.0, -0.9599997997283936]",1.6958574988734654e-08,1.0,false,48.25100509999902,1.019394040107727,4.5815019607543945,1.1218333691358566,0.08266465365886688,-0.03266465663909912,0.2789241373538971,0.2881855368614197,3,Accelerate,"[1.2049236297607422, 1.5, -5.278922080993652]","[-0.2950763702392578, 1.5, -4.31892204284668]",20983,20998,0,41981,false,false,false,false,no_successful_seed_or_zoo_point,,,
527,art_cw,Minecart,minecart,model_20.pt,21,0,3,5,None,3,Accelerate,4,"[1.5, 0.0, -0.9599997997283936]","[1.5, 0.0, -0.9599997997283936]",1.6958574988734654e-08,1.0,false,6.711590299993986,0.0,0.0,17.94249153137207,17.94249153137207,-17.892492294311523,1.6958574988734654e-08,1.0,3,Accelerate,"[1.5, 0.0, -0.9599997997283936]","[0.0, 0.0, 0.0]",,,,,,,,,,3,250,750
528,ray_zoo,Minecart,minecart,model_20.pt,21,0,3,1,Left,3,Accelerate,4,"[1.5, 0.0, -0.9599997997283936]","[1.5, 0.0, -0.9599997997283936]",6.638900540423265e-11,1.0,true,48.42090980001376,0.9973928332328796,1.6977468729019165,1.693666934967041,0.0,0.05194282531738281,0.5129823088645935,3.1401551883770266e-31,1,Left,"[0.003922820091247559, 0.0, -0.157443106174469]","[-1.4960771799087524, 0.0, 0.8025566935539246]",20983,20998,16,41997,true,true,true,false,,,,
528,art_cw,Minecart,minecart,model_20.pt,21,0,3,1,Left,3,Accelerate,4,"[1.5, 0.0, -0.9599997997283936]","[1.5, 0.0, -0.9599997997283936]",6.638900540423265e-11,1.0,false,7.70891680000932,0.0,0.0,23.485488891601562,23.485488891601562,-23.435489654541016,6.638900540423265e-11,1.0,3,Accelerate,"[1.5, 0.0, -0.9599997997283936]","[0.0, 0.0, 0.0]",,,,,,,,,,3,250,750
529,ray_zoo,Minecart,minecart,model_20.pt,21,1,3,5,None,2,Right,5,"[1.5, 0.0, -0.9599997997283936]","[1.5, 0.0, -0.839999794960022]",0.029800646007061005,0.9701976180076599,true,46.57698460001848,0.364441841840744,0.5736687779426575,0.1328178495168686,0.0,0.050098419189453125,0.5125192403793335,0.48747533559799194,5,None,"[1.1134521961212158, 0.38654786348342896, -1.013946533203125]","[-0.3865478038787842, 0.38654786348342896, -0.17394673824310303]",20983,20998,16,41997,true,true,false,true,,,,
529,art_cw,Minecart,minecart,model_20.pt,21,1,3,5,None,2,Right,5,"[1.5, 0.0, -0.9599997997283936]","[1.5, 0.0, -0.839999794960022]",0.029800646007061005,0.9701976180076599,false,9.680053299991414,0.0,0.0,3.5329697132110596,3.5329697132110596,-3.4829697608947754,0.029800646007061005,0.9701976180076599,2,Right,"[1.5, 0.0, -0.839999794960022]","[0.0, 0.0, 0.0]",,,,,,,,,,3,250,750
530,ray_zoo,Minecart,minecart,model_20.pt,21,1,3,1,Left,2,Right,5,"[1.5, 0.0, -0.9599997997283936]","[1.5, 0.0, -0.839999794960022]",1.7512953718323843e-06,0.9701976180076599,true,47.89599770001951,0.07683127373456955,15.36495590209961,0.005952935665845871,0.0,0.050012826919555664,0.2230108678340912,0.21213176846504211,1,Left,"[1.4985015392303467, 0.0, -16.2049560546875]","[-0.0014984607696533203, 0.0, -15.36495590209961]",20983,20998,16,41997,true,true,true,true,,,,
530,art_cw,Minecart,minecart,model_20.pt,21,1,3,1,Left,2,Right,5,"[1.5, 0.0, -0.9599997997283936]","[1.5, 0.0, -0.839999794960022]",1.7512953718323843e-06,0.9701976180076599,false,8.326770299987402,0.0,0.0,13.27489948272705,13.27489948272705,-13.224899291992188,1.7512953718323843e-06,0.9701976180076599,2,Right,"[1.5, 0.0, -0.839999794960022]","[0.0, 0.0, 0.0]",,,,,,,,,,3,250,750
531,ray_zoo,Minecart,minecart,model_20.pt,21,2,3,1,Left,5,None,5,"[1.5, 0.0, -0.9599997997283936]","[1.5, 0.0, -0.8199998140335083]",0.06879369169473648,0.9311492443084717,true,52.06788519999827,0.07849257439374924,15.698514938354492,0.006211917847394943,0.0,0.05019176006317139,0.27865955233573914,0.2650183439254761,1,Left,"[1.5, 0.0, -16.51851463317871]","[0.0, 0.0, -15.698514938354492]",20983,20998,16,41997,true,true,true,true,,,,
531,art_cw,Minecart,minecart,model_20.pt,21,2,3,1,Left,5,None,5,"[1.5, 0.0, -0.9599997997283936]","[1.5, 0.0, -0.8199998140335083]",0.06879369169473648,0.9311492443084717,false,7.865851200011093,0.0,0.0,2.6553075313568115,2.6553075313568115,-2.6053075790405273,0.06879369169473648,0.9311492443084717,5,None,"[1.5, 0.0, -0.8199998140335083]","[0.0, 0.0, 0.0]",,,,,,,,,,3,250,750
532,ray_zoo,Minecart,minecart,model_20.pt,21,2,3,2,Right,5,None,5,"[1.5, 0.0, -0.9599997997283936]","[1.5, 0.0, -0.8199998140335083]",5.708602839149535e-05,0.9311492443084717,true,61.266125699999975,0.13295555114746094,26.121543884277344,0.017817921936511993,0.0,0.05010366439819336,0.2175174355506897,0.20185431838035583,2,Right,"[1.4626901149749756, 0.0005931909545324743, -26.941516876220703]","[-0.037309885025024414, 0.0005931909545324743, -26.121517181396484]",20983,20998,16,41997,true,true,false,true,,,,
532,art_cw,Minecart,minecart,model_20.pt,21,2,3,2,Right,5,None,5,"[1.5, 0.0, -0.9599997997283936]","[1.5, 0.0, -0.8199998140335083]",5.708602839149535e-05,0.9311492443084717,false,10.41626900000847,0.0,0.0,9.749615669250488,9.749615669250488,-9.699615478515625,5.708602839149535e-05,0.9311492443084717,5,None,"[1.5, 0.0, -0.8199998140335083]","[0.0, 0.0, 0.0]",,,,,,,,,,3,250,750
533,ray_zoo,Minecart,minecart,model_20.pt,21,3,3,1,Left,5,None,5,"[1.5, 0.0, -0.9599997997283936]","[1.5, 0.0, -0.7999998331069946]",0.06072559952735901,0.9392676949501038,true,48.180838900007075,0.060955800116062164,12.154794692993164,0.003745335852727294,0.0,0.050063252449035645,0.32517632842063904,0.30929774045944214,1,Left,"[1.4948972463607788, 0.004874936304986477, -12.954792976379395]","[-0.005102753639221191, 0.004874936304986477, -12.154792785644531]",20983,20998,16,41997,true,true,false,true,,,,
533,art_cw,Minecart,minecart,model_20.pt,21,3,3,1,Left,5,None,5,"[1.5, 0.0, -0.9599997997283936]","[1.5, 0.0, -0.7999998331069946]",0.06072559952735901,0.9392676949501038,false,6.669450299988966,0.0,0.0,2.7887351512908936,2.7887351512908936,-2.7387351989746094,0.06072559952735901,0.9392676949501038,5,None,"[1.5, 0.0, -0.7999998331069946]","[0.0, 0.0, 0.0]",,,,,,,,,,3,250,750
534,ray_zoo,Minecart,minecart,model_20.pt,21,3,3,2,Right,5,None,5,"[1.5, 0.0, -0.9599997997283936]","[1.5, 0.0, -0.7999998331069946]",6.7210621637059376e-06,0.9392676949501038,true,48.14432130000205,0.7703851461410522,10.948399543762207,0.5935171246528625,0.0,0.05003762245178223,0.2260465919971466,0.1899854838848114,2,Right,"[0.3473109006881714, 0.0, -11.687551498413086]","[-1.1526890993118286, 0.0, -10.887551307678223]",20983,20998,16,41997,true,true,true,false,,,,
534,art_cw,Minecart,minecart,model_20.pt,21,3,3,2,Right,5,None,5,"[1.5, 0.0, -0.9599997997283936]","[1.5, 0.0, -0.7999998331069946]",6.7210621637059376e-06,0.9392676949501038,false,6.506019799999194,0.0,0.0,11.89760971069336,11.89760971069336,-11.847609519958496,6.7210621637059376e-06,0.9392676949501038,5,None,"[1.5, 0.0, -0.7999998331069946]","[0.0, 0.0, 0.0]",,,,,,,,,,3,250,750
535,ray_zoo,Minecart,minecart,model_20.pt,21,4,3,2,Right,1,Left,5,"[1.5, 0.0, -0.9599997997283936]","[1.5, 0.0, -0.779999852180481]",2.0650456917792326e-06,0.9999966621398926,true,49.66636269999435,0.1227695643901825,0.20228657126426697,0.015072368085384369,0.0,0.050072669982910156,0.4816073477268219,0.4580858051776886,2,Right,"[1.3697839975357056, 0.1302160620689392, -0.8637102246284485]","[-0.13021600246429443, 0.1302160620689392, -0.08371037244796753]",20983,20998,16,41997,true,true,false,true,,,,
535,art_cw,Minecart,minecart,model_20.pt,21,4,3,2,Right,1,Left,5,"[1.5, 0.0, -0.9599997997283936]","[1.5, 0.0, -0.779999852180481]",2.0650456917792326e-06,0.9999966621398926,false,7.951434899994638,0.0,0.0,13.140355110168457,13.140355110168457,-13.090354919433594,2.0650456917792326e-06,0.9999966621398926,1,Left,"[1.5, 0.0, -0.779999852180481]","[0.0, 0.0, 0.0]",,,,,,,,,,3,250,750
536,ray_zoo,Minecart,minecart,model_20.pt,21,4,3,5,None,1,Left,5,"[1.5, 0.0, -0.9599997997283936]","[1.5, 0.0, -0.779999852180481]",1.2980653991689906e-06,0.9999966621398926,false,47.6773511999927,1.0226683616638184,5.71754264831543,2.3648473024368286,1.31899094581604,-1.2689909934997559,0.15812109410762787,0.5624780654907227,1,Left,"[1.1814767122268677, 1.5, -6.288070201873779]","[-0.3185232877731323, 1.5, -5.508070468902588]",20983,20998,0,41981,false,false,false,false,no_successful_seed_or_zoo_point,,,
536,art_cw,Minecart,minecart,model_20.pt,21,4,3,5,None,1,Left,5,"[1.5, 0.0, -0.9599997997283936]","[1.5, 0.0, -0.779999852180481]",1.2980653991689906e-06,0.9999966621398926,false,8.224670499999775,0.007365322671830654,1.4730528593063354,0.01379269019162166,0.013738442212343216,0.036261558532714844,0.36190077662467957,0.34901273250579834,5,None,"[1.4999560117721558, 0.0, -2.2530527114868164]","[-4.398822784423828e-05, 0.0, -1.4730528593063354]",,,,,,,,,,3,250,750
537,ray_zoo,Minecart,minecart,model_20.pt,21,5,3,1,Left,2,Right,5,"[1.5, 0.0, -0.9599997997283936]","[1.5, 0.0, -0.7599998712539673]",1.6999872798351134e-07,0.9999998807907104,true,48.482925599993905,0.2074681520462036,0.3473012149333954,0.08420008420944214,0.0,0.05055415630340576,0.5126358270645142,0.48736414313316345,1,Left,"[1.5, 0.3112000823020935, -0.6058160662651062]","[0.0, 0.3112000823020935, 0.15418380498886108]",20983,20998,16,41997,true,true,true,true,,,,
537,art_cw,Minecart,minecart,model_20.pt,21,5,3,1,Left,2,Right,5,"[1.5, 0.0, -0.9599997997283936]","[1.5, 0.0, -0.7599998712539673]",1.6999872798351134e-07,0.9999998807907104,false,8.840327699988848,0.0,0.0,15.63747501373291,15.63747501373291,-15.587474822998047,1.6999872798351134e-07,0.9999998807907104,2,Right,"[1.5, 0.0, -0.7599998712539673]","[0.0, 0.0, 0.0]",,,,,,,,,,3,250,750
538,ray_zoo,Minecart,minecart,model_20.pt,21,5,3,5,None,2,Right,5,"[1.5, 0.0, -0.9599997997283936]","[1.5, 0.0, -0.7599998712539673]",2.226947071193308e-09,0.9999998807907104,true,48.355876799992984,0.24403274059295654,0.3660491108894348,0.05955198034644127,0.0,0.0513228178024292,0.5128082633018494,0.4871535003185272,5,None,"[1.226150393486023, 0.24289575219154358, -0.7599998712539673]","[-0.27384960651397705, 0.24289575219154358, 0.0]",20983,20998,16,41997,true,true,true,false,,,,
538,art_cw,Minecart,minecart,model_20.pt,21,5,3,5,None,2,Right,5,"[1.5, 0.0, -0.9599997997283936]","[1.5, 0.0, -0.7599998712539673]",2.226947071193308e-09,0.9999998807907104,true,8.743026700016344,0.0023838472552597523,0.47674560546875,5.6827279877325054e-06,0.0,0.12571173906326294,0.4543173313140869,0.4006483852863312,5,None,"[1.4999642372131348, 0.0, -1.2367454767227173]","[-3.5762786865234375e-05, 0.0, -0.47674560546875]",,,,,,,,,,3,250,750
539,ray_zoo,Minecart,minecart,model_20.pt,21,6,3,1,Left,2,Right,5,"[1.5, 0.0, -0.9599997997283936]","[1.5, 0.0, -0.7399998903274536]",3.8918247422491115e-13,1.0,true,47.83458840000094,0.024871965870261192,4.878183364868164,0.0006230415892787278,0.0,0.05013573169708252,0.24727213382720947,0.23518060147762299,1,Left,"[1.5, 0.007302277721464634, -5.61817741394043]","[0.0, 0.007302277721464634, -4.878177642822266]",20983,20998,16,41997,true,true,true,true,,,,
539,art_cw,Minecart,minecart,model_20.pt,21,6,3,1,Left,2,Right,5,"[1.5, 0.0, -0.9599997997283936]","[1.5, 0.0, -0.7399998903274536]",3.8918247422491115e-13,1.0,true,8.28175750002265,0.030540114268660545,6.108001708984375,0.0009326986037194729,0.0,0.11819422245025635,0.2459179013967514,0.19083133339881897,1,Left,"[1.4998786449432373, 0.0, -6.848001480102539]","[-0.00012135505676269531, 0.0, -6.108001708984375]",,,,,,,,,,3,250,750
540,ray_zoo,Minecart,minecart,model_20.pt,21,6,3,4,Brake,2,Right,5,"[1.5, 0.0, -0.9599997997283936]","[1.5, 0.0, -0.7399998903274536]",1.356776832810852e-13,1.0,true,49.14814550001756,0.4615939259529114,0.6923908591270447,0.21306894719600677,0.0,0.050756096839904785,0.5126863121986389,6.301773680661427e-08,4,Brake,"[1.3618228435516357, 0.6784631013870239, -0.7399998903274536]","[-0.13817715644836426, 0.6784631013870239, 0.0]",20983,20998,16,41997,true,true,true,true,,,,
540,art_cw,Minecart,minecart,model_20.pt,21,6,3,4,Brake,2,Right,5,"[1.5, 0.0, -0.9599997997283936]","[1.5, 0.0, -0.7399998903274536]",1.356776832810852e-13,1.0,false,6.398672699986491,0.0,0.0,29.67849349975586,29.67849349975586,-29.628494262695312,1.356776832810852e-13,1.0,2,Right,"[1.5, 0.0, -0.7399998903274536]","[0.0, 0.0, 0.0]",,,,,,,,,,3,250,750
541,ray_zoo,Minecart,minecart,model_20.pt,21,7,3,2,Right,4,Brake,5,"[1.5, 0.0, -0.9599997997283936]","[1.5, 0.0, -0.7199999094009399]",3.915691593192605e-08,1.0,true,47.80869770000572,0.05072080343961716,0.2607015073299408,0.12251788377761841,0.0,0.05036354064941406,0.5125882625579834,0.487411767244339,2,Right,"[1.486424446105957, 0.074836865067482, -0.4706398844718933]","[-0.013575553894042969, 0.074836865067482, 0.24936002492904663]",20983,20998,16,41997,true,true,false,true,,,,
541,art_cw,Minecart,minecart,model_20.pt,21,7,3,2,Right,4,Brake,5,"[1.5, 0.0, -0.9599997997283936]","[1.5, 0.0, -0.7199999094009399]",3.915691593192605e-08,1.0,true,7.15729360000114,0.0026596214156597853,0.5287477374076843,7.073585493344581e-06,0.0,42.546791076660156,1.0,0.0,2,Right,"[1.4995646476745605, 0.0, -0.19125235080718994]","[-0.0004353523254394531, 0.0, 0.52874755859375]",,,,,,,,,,3,250,750
542,ray_zoo,Minecart,minecart,model_20.pt,21,7,3,1,Left,4,Brake,5,"[1.5, 0.0, -0.9599997997283936]","[1.5, 0.0, -0.7199999094009399]",1.0837307457107982e-16,1.0,true,46.49297110000043,0.3906685709953308,0.5860028266906738,0.15262192487716675,0.0,0.050289154052734375,0.5123883485794067,0.4872579574584961,1,Left,"[0.9624493718147278, 0.23332089185714722, -0.7199999094009399]","[-0.5375506281852722, 0.23332089185714722, 0.0]",20983,20998,16,41997,true,true,true,true,,,,
542,art_cw,Minecart,minecart,model_20.pt,21,7,3,1,Left,4,Brake,5,"[1.5, 0.0, -0.9599997997283936]","[1.5, 0.0, -0.7199999094009399]",1.0837307457107982e-16,1.0,true,6.952368300000671,0.00119611038826406,0.23919677734375,1.4306801858765539e-06,0.0,0.33589768409729004,0.35415253043174744,0.25311145186424255,1,Left,"[1.4999738931655884, 0.0, -0.9591966867446899]","[-2.6106834411621094e-05, 0.0, -0.23919677734375]",,,,,,,,,,3,250,750
543,ray_zoo,Minecart,minecart,model_20.pt,21,8,3,0,Mine,2,Right,5,"[1.5, 0.0, -0.9599997997283936]","[1.5, 0.0, -0.6999999284744263]",3.047446625714656e-06,0.9999969005584717,true,48.4893960999907,0.12739768624305725,2.245880126953125,0.016231052577495575,0.0,0.050020813941955566,0.25071001052856445,0.16783376038074493,0,Mine,"[1.4064438343048096, 0.16578131914138794, -2.937798023223877]","[-0.09355616569519043, 0.16578131914138794, -2.2377982139587402]",20983,20998,16,41997,true,true,true,true,,,,
543,art_cw,Minecart,minecart,model_20.pt,21,8,3,0,Mine,2,Right,5,"[1.5, 0.0, -0.9599997997283936]","[1.5, 0.0, -0.6999999284744263]",3.047446625714656e-06,0.9999969005584717,false,8.541413799975999,0.0,0.0,12.751203536987305,12.751203536987305,-12.701203346252441,3.047446625714656e-06,0.9999969005584717,2,Right,"[1.5, 0.0, -0.6999999284744263]","[0.0, 0.0, 0.0]",,,,,,,,,,3,250,750
544,ray_zoo,Minecart,minecart,model_20.pt,21,8,3,5,None,2,Right,5,"[1.5, 0.0, -0.9599997997283936]","[1.5, 0.0, -0.6999999284744263]",3.668131878971359e-13,0.9999969005584717,true,48.07579169998644,0.6305503845214844,4.720332145690918,0.3975975513458252,0.0,0.0501093864440918,0.22805553674697876,0.19636757671833038,5,None,"[1.3438076972961426, 0.9321946501731873, -5.324732303619385]","[-0.15619230270385742, 0.9321946501731873, -4.624732494354248]",20983,20998,16,41997,true,true,true,true,,,,
544,art_cw,Minecart,minecart,model_20.pt,21,8,3,5,None,2,Right,5,"[1.5, 0.0, -0.9599997997283936]","[1.5, 0.0, -0.6999999284744263]",3.668131878971359e-13,0.9999969005584717,false,8.068467300006887,0.0,0.0,28.68391990661621,28.68391990661621,-28.633920669555664,3.668131878971359e-13,0.9999969005584717,2,Right,"[1.5, 0.0, -0.6999999284744263]","[0.0, 0.0, 0.0]",,,,,,,,,,3,250,750
545,ray_zoo,Minecart,minecart,model_20.pt,21,9,3,0,Mine,2,Right,5,"[1.5, 0.0, -0.9599997997283936]","[1.5, 0.0, -0.6799999475479126]",0.03659145534038544,0.9634085297584534,true,48.088310599996476,0.023381853476166725,4.676370620727539,0.0005467110895551741,0.0,0.05008673667907715,0.25209641456604004,0.21859592199325562,0,Mine,"[1.5, 0.0, -5.356370449066162]","[0.0, 0.0, -4.676370620727539]",20983,20998,16,41997,true,true,true,true,,,,
545,art_cw,Minecart,minecart,model_20.pt,21,9,3,0,Mine,2,Right,5,"[1.5, 0.0, -0.9599997997283936]","[1.5, 0.0, -0.6799999475479126]",0.03659145534038544,0.9634085297584534,true,8.661862599983579,0.0014698473969474435,0.2939605712890625,2.160451231247862e-06,0.0,0.45351338386535645,0.6047875881195068,0.3842771053314209,0,Mine,"[1.4999828338623047, 0.0, -0.9739605188369751]","[-1.71661376953125e-05, 0.0, -0.2939605712890625]",,,,,,,,,,3,250,750
546,ray_zoo,Minecart,minecart,model_20.pt,21,9,3,5,None,2,Right,5,"[1.5, 0.0, -0.9599997997283936]","[1.5, 0.0, -0.6799999475479126]",1.0861681332130502e-08,0.9634085297584534,false,46.75349430000642,1.0166343450546265,2.4393484592437744,1.2770805805921555,0.2435346096754074,-0.19353461265563965,0.215604767203331,0.25371745228767395,3,Accelerate,"[1.2256401777267456, 1.5, -2.583981990814209]","[-0.2743598222732544, 1.5, -1.9039820432662964]",20983,20998,0,41981,false,false,false,false,no_successful_seed_or_zoo_point,,,
546,art_cw,Minecart,minecart,model_20.pt,21,9,3,5,None,2,Right,5,"[1.5, 0.0, -0.9599997997283936]","[1.5, 0.0, -0.6799999475479126]",1.0861681332130502e-08,0.9634085297584534,false,10.135694600001443,0.0,0.0,18.350746154785156,18.350746154785156,-18.30074691772461,1.0861681332130502e-08,0.9634085297584534,2,Right,"[1.5, 0.0, -0.6799999475479126]","[0.0, 0.0, 0.0]",,,,,,,,,,3,250,750
547,ray_zoo,reward_line,reward-line,model_10.pt,0,0,2,1,up,0,right,3,"[0.0, 1.0]","[0.0, 1.0]",0.485047847032547,0.5149507522583008,true,44.69475580001017,0.07071201503276825,0.07071201503276825,0.005000188946723938,0.0,0.05000162124633789,0.512497067451477,0.48750144243240356,1,up,"[0.06543375551700592, 0.9731930494308472]","[0.06543375551700592, -0.026806950569152832]",20983,20998,16,41997,true,true,true,true,,,,
547,art_cw,reward_line,reward-line,model_10.pt,0,0,2,1,up,0,right,3,"[0.0, 1.0]","[0.0, 1.0]",0.485047847032547,0.5149507522583008,false,7.006065099994885,0.05769500881433487,0.05769500881433487,0.03148504300042987,0.028156328946352005,0.021843671798706055,0.5054599046707153,0.4945385456085205,1,up,"[0.05530615150928497, 0.9835700392723083]","[0.05530615150928497, -0.01642996072769165]",,,,,,,,,,3,250,750
548,ray_zoo,reward_line,reward-line,model_10.pt,0,0,2,2,left,0,right,3,"[0.0, 1.0]","[0.0, 1.0]",1.4163892956275959e-06,0.5149507522583008,true,44.09420400002273,0.9331281185150146,0.9331281185150146,0.8707281351089478,0.0,0.050073862075805664,0.512515127658844,1.4051183825358748e-06,2,left,"[0.566284716129303, 0.2583466172218323]","[0.566284716129303, -0.7416533827781677]",20983,20998,16,41997,true,true,false,false,,,,
548,art_cw,reward_line,reward-line,model_10.pt,0,0,2,2,left,0,right,3,"[0.0, 1.0]","[0.0, 1.0]",1.4163892956275959e-06,0.5149507522583008,true,7.458628699998371,1.4142135381698608,1.4142135381698608,2.0,0.0,6.264768123626709,0.9980995059013367,1.9829121811199e-06,2,left,"[1.0, 0.0]","[1.0, -1.0]",,,,,,,,,,3,250,750
549,ray_zoo,reward_line,reward-line,model_10.pt,0,1,2,1,up,0,right,3,"[0.0, 1.0]","[0.0, 1.0]",0.16465729475021362,0.8353413343429565,true,43.903916100010974,0.2548966109752655,0.2548966109752655,0.06497228890657425,0.0,0.05003643035888672,0.5125057697296143,0.4874928295612335,1,up,"[0.23727090656757355, 0.9068613648414612]","[0.23727090656757355, -0.09313863515853882]",20983,20998,16,41997,true,true,true,false,,,,
549,art_cw,reward_line,reward-line,model_10.pt,0,1,2,1,up,0,right,3,"[0.0, 1.0]","[0.0, 1.0]",0.16465729475021362,0.8353413343429565,true,8.275139100005617,0.33550041913986206,0.33550041913986206,0.11256052553653717,0.0,0.9178805947303772,0.7146093845367432,0.28538966178894043,1,up,"[0.334283709526062, 0.971453070640564]","[0.334283709526062, -0.028546929359436035]",,,,,,,,,,3,250,750
550,ray_zoo,reward_line,reward-line,model_10.pt,0,1,2,2,left,0,right,3,"[0.0, 1.0]","[0.0, 1.0]",1.407869604008738e-06,0.8353413343429565,true,43.55974570001126,0.9116019606590271,0.9116019606590271,0.8310180902481079,0.0,0.050026655197143555,0.5125016570091248,4.7115058805502485e-06,2,left,"[0.542707622051239, 0.267547607421875]","[0.542707622051239, -0.732452392578125]",20983,20998,16,41997,true,true,false,false,,,,
550,art_cw,reward_line,reward-line,model_10.pt,0,1,2,2,left,0,right,3,"[0.0, 1.0]","[0.0, 1.0]",1.407869604008738e-06,0.8353413343429565,true,10.521765299985418,1.15731942653656,1.15731942653656,1.339388132095337,0.0,1.67160964012146,0.8417882323265076,2.50320977102092e-06,2,left,"[1.0, 0.41742968559265137]","[1.0, -0.5825703144073486]",,,,,,,,,,3,250,750
551,ray_zoo,reward_line,reward-line,model_10.pt,0,2,2,1,up,0,right,3,"[0.0, 1.0]","[0.0, 1.0]",0.2784956693649292,0.7214969396591187,true,44.27516620000824,0.2834217846393585,0.2834217846393585,0.08032791316509247,0.0,0.05001974105834961,0.5124974846839905,0.48749300837516785,1,up,"[0.2641906440258026, 0.8973782658576965]","[0.2641906440258026, -0.10262173414230347]",20983,20998,16,41997,true,true,false,false,,,,
551,art_cw,reward_line,reward-line,model_10.pt,0,2,2,1,up,0,right,3,"[0.0, 1.0]","[0.0, 1.0]",0.2784956693649292,0.7214969396591187,false,8.571492699993541,0.0,0.0,1.0019255876541138,1.0019255876541138,-0.9519255757331848,0.2784956693649292,0.7214969396591187,0,right,"[0.0, 1.0]","[0.0, 0.0]",,,,,,,,,,3,250,750
552,ray_zoo,reward_line,reward-line,model_10.pt,0,2,2,2,left,0,right,3,"[0.0, 1.0]","[0.0, 1.0]",7.374716915364843e-06,0.7214969396591187,true,43.54602169999271,0.9259728789329529,0.9259728789329529,0.8574258089065552,0.0,0.0501103401184082,0.5125143527984619,2.0721376131405123e-05,2,left,"[0.5535157322883606, 0.2576751708984375]","[0.5535157322883606, -0.7423248291015625]",20983,20998,16,41997,true,true,false,false,,,,
552,art_cw,reward_line,reward-line,model_10.pt,0,2,2,2,left,0,right,3,"[0.0, 1.0]","[0.0, 1.0]",7.374716915364843e-06,0.7214969396591187,true,9.453125900006853,1.3866760730743408,1.3866760730743408,1.922870397567749,0.0,6.3963727951049805,0.9983239769935608,1.1152598744956776e-05,2,left,"[1.0, 0.03933858871459961]","[1.0, -0.9606614112854004]",,,,,,,,,,3,250,750
553,ray_zoo,reward_line,reward-line,model_10.pt,0,3,2,0,right,1,up,3,"[0.0, 1.0]","[0.0, 1.0]",0.011775937862694263,0.9882169365882874,false,43.293387399986386,0.141421377658844,0.141421377658844,4.418392205610871,4.398392200469971,-4.348392009735107,0.012762482278048992,0.9872287511825562,1,up,"[0.10000000149011612, 0.8999999761581421]","[0.10000000149011612, -0.10000002384185791]",20891,20998,0,41889,false,false,false,false,no_successful_seed_or_zoo_point,,,
553,art_cw,reward_line,reward-line,model_10.pt,0,3,2,0,right,1,up,3,"[0.0, 1.0]","[0.0, 1.0]",0.011775937862694263,0.9882169365882874,false,8.448772100004135,0.0,0.0,4.479844093322754,4.479844093322754,-4.429843902587891,0.011775937862694263,0.9882169365882874,1,up,"[0.0, 1.0]","[0.0, 0.0]",,,,,,,,,,3,250,750
554,ray_zoo,reward_line,reward-line,model_10.pt,0,3,2,2,left,1,up,3,"[0.0, 1.0]","[0.0, 1.0]",7.028545496723382e-06,0.9882169365882874,true,45.4503556000127,1.0115339756011963,1.0115339756011963,1.0232008695602417,0.0,0.0501328706741333,0.5125126242637634,0.48745229840278625,2,left,"[0.4407818615436554, 0.0895538330078125]","[0.4407818615436554, -0.9104461669921875]",20983,20998,16,41997,true,true,false,false,,,,
554,art_cw,reward_line,reward-line,model_10.pt,0,3,2,2,left,1,up,3,"[0.0, 1.0]","[0.0, 1.0]",7.028545496723382e-06,0.9882169365882874,true,9.506879799999297,1.4106405973434448,1.4106405973434448,1.9899067878723145,0.0,7.707812309265137,0.9995280504226685,0.00044909128337167203,2,left,"[0.9949406385421753, 0.0]","[0.9949406385421753, -1.0]",,,,,,,,,,3,250,750
555,ray_zoo,reward_line,reward-line,model_10.pt,0,4,2,0,right,1,up,4,"[0.0, 1.0]","[0.0, 1.0]",0.27411529421806335,0.7258807420730591,false,43.77634099998977,0.0,0.0,1.0238368511199951,1.0238368511199951,-0.9738368988037109,0.27411529421806335,0.7258807420730591,1,up,"[0.0, 1.0]","[0.0, 0.0]",20891,20998,0,41889,false,false,false,false,no_successful_seed_or_zoo_point,,,
555,art_cw,reward_line,reward-line,model_10.pt,0,4,2,0,right,1,up,4,"[0.0, 1.0]","[0.0, 1.0]",0.27411529421806335,0.7258807420730591,false,9.100180600013118,0.0,0.0,1.0238368511199951,1.0238368511199951,-0.9738368988037109,0.27411529421806335,0.7258807420730591,1,up,"[0.0, 1.0]","[0.0, 0.0]",,,,,,,,,,3,250,750
556,ray_zoo,reward_line,reward-line,model_10.pt,0,4,2,2,left,1,up,4,"[0.0, 1.0]","[0.0, 1.0]",4.012531462649349e-06,0.7258807420730591,true,44.57756309999968,1.0149585008621216,1.0149585008621216,1.0301406383514404,0.0,0.05014908313751221,0.5125170350074768,0.4874486029148102,2,left,"[0.4422741234302521, 0.0864715576171875]","[0.4422741234302521, -0.9135284423828125]",20983,20998,16,41997,true,true,false,false,,,,
556,art_cw,reward_line,reward-line,model_10.pt,0,4,2,2,left,1,up,4,"[0.0, 1.0]","[0.0, 1.0]",4.012531462649349e-06,0.7258807420730591,true,9.085932799993316,1.4142135381698608,1.4142135381698608,2.0,0.0,10.256367683410645,0.9999507665634155,3.5131342883687466e-05,2,left,"[1.0, 0.0]","[1.0, -1.0]",,,,,,,,,,3,250,750
557,ray_zoo,reward_line,reward-line,model_10.pt,0,5,2,1,up,0,right,4,"[0.0, 1.0]","[0.0, 1.0]",0.3342572748661041,0.6657301187515259,true,45.26977490002173,0.13668207824230194,0.13668207824230194,0.01868198998272419,0.0,0.0500340461730957,0.5124645829200745,0.48745477199554443,1,up,"[0.1299266219139099, 0.9575610756874084]","[0.1299266219139099, -0.04243892431259155]",20983,20998,16,41997,true,true,true,true,,,,
557,art_cw,reward_line,reward-line,model_10.pt,0,5,2,1,up,0,right,4,"[0.0, 1.0]","[0.0, 1.0]",0.3342572748661041,0.6657301187515259,true,9.785916200024076,0.1873367577791214,0.1873367577791214,0.035095058381557465,0.0,1.5866382122039795,0.8300361037254333,0.16983561217784882,1,up,"[0.18704573810100555, 0.9895620942115784]","[0.18704573810100555, -0.01043790578842163]",,,,,,,,,,3,250,750
558,ray_zoo,reward_line,reward-line,model_10.pt,0,5,2,2,left,0,right,4,"[0.0, 1.0]","[0.0, 1.0]",1.261285251530353e-05,0.6657301187515259,true,44.264781299978495,0.7855246663093567,0.7855246663093567,0.617048978805542,0.0,0.05023026466369629,0.5125302076339722,4.8175490519497544e-05,2,left,"[0.5882415175437927, 0.4794033169746399]","[0.5882415175437927, -0.5205966830253601]",20983,20998,16,41997,true,true,false,false,,,,
558,art_cw,reward_line,reward-line,model_10.pt,0,5,2,2,left,0,right,4,"[0.0, 1.0]","[0.0, 1.0]",1.261285251530353e-05,0.6657301187515259,true,7.963962000008905,1.011063575744629,1.011063575744629,1.0222495794296265,0.0,3.230802059173584,0.9619500041007996,2.817571657942608e-05,2,left,"[1.0, 0.8508371710777283]","[1.0, -0.14916282892227173]",,,,,,,,,,3,250,750
559,ray_zoo,reward_line,reward-line,model_10.pt,0,6,2,0,right,1,up,4,"[0.0, 1.0]","[0.0, 1.0]",0.0024925253819674253,0.9966442584991455,false,44.25832240001182,1.0,1.0,1.8902950286865234,0.8902950286865234,-0.8402950167655945,0.3001684546470642,0.0043261004611849785,2,left,"[0.0, 0.0]","[0.0, -1.0]",20891,20998,0,41889,false,false,false,false,no_successful_seed_or_zoo_point,,,
559,art_cw,reward_line,reward-line,model_10.pt,0,6,2,0,right,1,up,4,"[0.0, 1.0]","[0.0, 1.0]",0.0024925253819674253,0.9966442584991455,false,9.168118300003698,0.0,0.0,6.041097640991211,6.041097640991211,-5.991097450256348,0.0024925253819674253,0.9966442584991455,1,up,"[0.0, 1.0]","[0.0, 0.0]",,,,,,,,,,3,250,750
560,ray_zoo,reward_line,reward-line,model_10.pt,0,6,2,2,left,1,up,4,"[0.0, 1.0]","[0.0, 1.0]",0.0008632996468804777,0.9966442584991455,true,43.36096059999545,0.4776720106601715,0.4776720106601715,0.22817054390907288,0.0,0.05035591125488281,0.5125055313110352,0.4873368740081787,2,left,"[0.3986510932445526, 0.7368501424789429]","[0.3986510932445526, -0.26314985752105713]",20983,20998,16,41997,true,true,false,false,,,,
560,art_cw,reward_line,reward-line,model_10.pt,0,6,2,2,left,1,up,4,"[0.0, 1.0]","[0.0, 1.0]",0.0008632996468804777,0.9966442584991455,true,8.066289200010942,0.8264600038528442,0.8264600038528442,0.6830361485481262,0.0,10.88050651550293,0.9999713897705078,1.8821041521732695e-05,2,left,"[0.826314389705658, 0.984485924243927]","[0.826314389705658, -0.015514075756072998]",,,,,,,,,,3,250,750
561,ray_zoo,reward_line,reward-line,model_10.pt,0,7,2,2,left,0,right,4,"[0.0, 1.0]","[0.0, 1.0]",0.008873926475644112,0.9911209940910339,true,42.92207819997566,0.16930122673511505,0.16930122673511505,0.0286629069596529,0.0,0.0500941276550293,0.35322123765945435,0.31079918146133423,2,left,"[0.1584625244140625, 0.9403968453407288]","[0.1584625244140625, -0.05960315465927124]",20983,20998,16,41997,true,true,false,false,,,,
561,art_cw,reward_line,reward-line,model_10.pt,0,7,2,2,left,0,right,4,"[0.0, 1.0]","[0.0, 1.0]",0.008873926475644112,0.9911209940910339,true,7.810935899993638,0.21637043356895447,0.21637043356895447,0.04681616276502609,0.0,1.2560440301895142,0.7730107307434082,0.22013674676418304,2,left,"[0.21617768704891205, 0.9908691644668579]","[0.21617768704891205, -0.00913083553314209]",,,,,,,,,,3,250,750
562,ray_zoo,reward_line,reward-line,model_10.pt,0,7,2,3,down,0,right,4,"[0.0, 1.0]","[0.0, 1.0]",5.131455054652179e-06,0.9911209940910339,false,43.86951869999757,0.141421377658844,0.141421377658844,10.24795582331717,10.22795581817627,-10.177955627441406,2.0153493096586317e-05,0.3250851333141327,1,up,"[0.10000000149011612, 0.8999999761581421]","[0.10000000149011612, -0.10000002384185791]",20891,20998,0,41889,false,false,false,false,no_successful_seed_or_zoo_point,,,
562,art_cw,reward_line,reward-line,model_10.pt,0,7,2,3,down,0,right,4,"[0.0, 1.0]","[0.0, 1.0]",5.131455054652179e-06,0.9911209940910339,false,9.131976899981964,0.0,0.0,12.221202850341797,12.221202850341797,-12.171202659606934,5.131455054652179e-06,0.9911209940910339,0,right,"[0.0, 1.0]","[0.0, 0.0]",,,,,,,,,,3,250,750
563,ray_zoo,reward_line,reward-line,model_10.pt,0,8,2,2,left,1,up,3,"[0.0, 1.0]","[0.0, 1.0]",0.17333941161632538,0.8266604542732239,true,43.43862349999836,0.0499635748565197,0.0499635748565197,0.0024963589385151863,0.0,0.050073862075805664,0.5125158429145813,0.4874840974807739,2,left,"[0.048248291015625, 0.98702073097229]","[0.048248291015625, -0.012979269027709961]",20983,20998,16,41997,true,true,false,false,,,,
563,art_cw,reward_line,reward-line,model_10.pt,0,8,2,2,left,1,up,3,"[0.0, 1.0]","[0.0, 1.0]",0.17333941161632538,0.8266604542732239,false,10.180673099996056,0.0,0.0,1.6121423244476318,1.6121423244476318,-1.5621423721313477,0.17333941161632538,0.8266604542732239,1,up,"[0.0, 1.0]","[0.0, 0.0]",,,,,,,,,,3,250,750
564,ray_zoo,reward_line,reward-line,model_10.pt,0,8,2,3,down,1,up,3,"[0.0, 1.0]","[0.0, 1.0]",8.24083485895244e-08,0.8266604542732239,false,43.984941199974855,0.0,0.0,16.17121696472168,16.17121696472168,-16.121217727661133,8.24083485895244e-08,0.8266604542732239,1,up,"[0.0, 1.0]","[0.0, 0.0]",20891,20998,0,41889,false,false,false,false,no_successful_seed_or_zoo_point,,,
564,art_cw,reward_line,reward-line,model_10.pt,0,8,2,3,down,1,up,3,"[0.0, 1.0]","[0.0, 1.0]",8.24083485895244e-08,0.8266604542732239,false,10.752720699994825,0.0,0.0,16.17121696472168,16.17121696472168,-16.121217727661133,8.24083485895244e-08,0.8266604542732239,1,up,"[0.0, 1.0]","[0.0, 0.0]",,,,,,,,,,3,250,750
565,ray_zoo,reward_line,reward-line,model_10.pt,1,0,2,0,right,1,up,3,"[0.10000002384185791, 0.8999999761581421]","[0.10000002384185791, 0.8999999761581421]",0.44567927718162537,0.5543190836906433,true,44.269613999989815,0.1289568990468979,0.1289568990468979,1.662987470626831,0.0,0.05000114440917969,0.5124969482421875,0.4875016212463379,0,right,"[6.109476089477539e-06, 0.9814315438270569]","[-0.09999391436576843, 0.0814315676689148]",20983,20998,16,41997,true,true,false,false,,,,
565,art_cw,reward_line,reward-line,model_10.pt,1,0,2,0,right,1,up,3,"[0.10000002384185791, 0.8999999761581421]","[0.10000002384185791, 0.8999999761581421]",0.44567927718162537,0.5543190836906433,false,7.329753600002732,0.09029612690210342,0.09029612690210342,0.05585980508476496,0.04770641401410103,0.0022935867309570312,0.5005726218223572,0.49942582845687866,0,right,"[0.022475942969322205, 0.9462969303131104]","[-0.0775240808725357, 0.04629695415496826]",,,,,,,,,,3,250,750
566,ray_zoo,reward_line,reward-line,model_10.pt,1,0,2,2,left,1,up,3,"[0.10000002384185791, 0.8999999761581421]","[0.10000002384185791, 0.8999999761581421]",1.6306266843457706e-06,0.5543190836906433,true,44.254644200002076,0.7929493188858032,0.7929493188858032,0.7762575745582581,0.0,0.050028085708618164,0.5125037431716919,0.48749494552612305,2,left,"[0.5832152366638184, 0.27129364013671875]","[0.48321521282196045, -0.6287063360214233]",20983,20998,16,41997,true,true,false,false,,,,
566,art_cw,reward_line,reward-line,model_10.pt,1,0,2,2,left,1,up,3,"[0.10000002384185791, 0.8999999761581421]","[0.10000002384185791, 0.8999999761581421]",1.6306266843457706e-06,0.5543190836906433,true,7.453700699988985,0.9356766939163208,0.9356766939163208,0.8754909038543701,0.0,0.6579265594482422,0.6587927341461182,0.34120461344718933,2,left,"[0.35591208934783936, 0.0]","[0.25591206550598145, -0.8999999761581421]",,,,,,,,,,3,250,750
567,ray_zoo,reward_line,reward-line,model_10.pt,1,1,2,1,up,0,right,4,"[0.10000002384185791, 0.8999999761581421]","[0.10000002384185791, 0.8999999761581421]",0.23291809856891632,0.7670795917510986,true,43.63112040000851,0.0934796929359436,0.0934796929359436,0.010788213461637497,0.0,0.0500178337097168,0.5125006437301636,0.4874969720840454,1,up,"[0.18588760495185852, 0.8630977272987366]","[0.08588758111000061, -0.03690224885940552]",20983,20998,16,41997,true,true,true,true,,,,
567,art_cw,reward_line,reward-line,model_10.pt,1,1,2,1,up,0,right,4,"[0.10000002384185791, 0.8999999761581421]","[0.10000002384185791, 0.8999999761581421]",0.23291809856891632,0.7670795917510986,false,9.076270999998087,0.09241674095392227,0.09241674095392227,0.0321984626352787,0.023657608777284622,0.026342391967773438,0.5065839886665344,0.4934135973453522,1,up,"[0.18854361772537231, 0.8735257387161255]","[0.0885435938835144, -0.0264742374420166]",,,,,,,,,,3,250,750
568,ray_zoo,reward_line,reward-line,model_10.pt,1,1,2,2,left,0,right,4,"[0.10000002384185791, 0.8999999761581421]","[0.10000002384185791, 0.8999999761581421]",2.2784520297136623e-06,0.7670795917510986,true,44.18950130001758,0.7524667382240295,0.7524667382240295,0.6990201473236084,0.0,0.050138235092163086,0.5125235319137573,1.6364572729798965e-05,2,left,"[0.5675989389419556, 0.3104599118232727]","[0.46759891510009766, -0.5895400643348694]",20983,20998,16,41997,true,true,false,false,,,,
568,art_cw,reward_line,reward-line,model_10.pt,1,1,2,2,left,0,right,4,"[0.10000002384185791, 0.8999999761581421]","[0.10000002384185791, 0.8999999761581421]",2.2784520297136623e-06,0.7670795917510986,true,6.916216199984774,0.9288255572319031,0.9288255572319031,0.8627169132232666,0.0,1.7108826637268066,0.8468969464302063,6.358116661431268e-05,2,left,"[0.32960185408592224, 0.0]","[0.22960183024406433, -0.8999999761581421]",,,,,,,,,,3,250,750
569,ray_zoo,reward_line,reward-line,model_10.pt,1,2,2,1,up,0,right,4,"[0.10000002384185791, 0.8999999761581421]","[0.10000002384185791, 0.8999999761581421]",0.4437209665775299,0.5562778115272522,true,43.716697199997725,0.0179339237511158,0.0179339237511158,0.00039706865209154785,0.0,0.05000162124633789,0.5124971866607666,0.4875015914440155,1,up,"[0.11712495982646942, 0.8946743607521057]","[0.01712493598461151, -0.005325615406036377]",20983,20998,16,41997,true,true,false,false,,,,
569,art_cw,reward_line,reward-line,model_10.pt,1,2,2,1,up,0,right,4,"[0.10000002384185791, 0.8999999761581421]","[0.10000002384185791, 0.8999999761581421]",0.4437209665775299,0.5562778115272522,false,5.728005299984943,0.015126208774745464,0.015126208774745464,0.049277274374617264,0.049048472195863724,0.0009515285491943359,0.5002372860908508,0.49976152181625366,1,up,"[0.11455606669187546, 0.8958861231803894]","[0.014556042850017548, -0.0041138529777526855]",,,,,,,,,,3,250,750
570,ray_zoo,reward_line,reward-line,model_10.pt,1,2,2,2,left,0,right,4,"[0.10000002384185791, 0.8999999761581421]","[0.10000002384185791, 0.8999999761581421]",1.2007179748252383e-06,0.5562778115272522,true,43.99826970000868,0.8908048868179321,0.8908048868179321,0.9796708822250366,0.0,0.05028223991394043,0.5125548243522644,2.5528031983412802e-05,2,left,"[0.48817354440689087, 0.09821778535842896]","[0.38817352056503296, -0.8017821907997131]",20983,20998,16,41997,true,true,false,false,,,,
570,art_cw,reward_line,reward-line,model_10.pt,1,2,2,2,left,0,right,4,"[0.10000002384185791, 0.8999999761581421]","[0.10000002384185791, 0.8999999761581421]",1.2007179748252383e-06,0.5562778115272522,false,6.8825670999940485,0.0,0.0,13.09610366821289,13.09610366821289,-13.046103477478027,1.2007179748252383e-06,0.5562778115272522,0,right,"[0.10000002384185791, 0.8999999761581421]","[0.0, 0.0]",,,,,,,,,,3,250,750
571,ray_zoo,reward_line,reward-line,model_10.pt,1,3,2,0,right,1,up,4,"[0.10000002384185791, 0.8999999761581421]","[0.10000002384185791, 0.8999999761581421]",0.48677539825439453,0.5132228136062622,true,44.689345999999205,0.009395287372171879,0.009395287372171879,0.008827137760818005,0.0,0.0500028133392334,0.5124972462654114,0.4875010848045349,0,right,"[0.09094393253326416, 0.9025017023086548]","[-0.00905609130859375, 0.0025017261505126953]",20983,20998,16,41997,true,true,false,false,,,,
571,art_cw,reward_line,reward-line,model_10.pt,1,3,2,0,right,1,up,4,"[0.10000002384185791, 0.8999999761581421]","[0.10000002384185791, 0.8999999761581421]",0.48677539825439453,0.5132228136062622,false,8.935212700016564,0.0059738848358392715,0.0059738848358392715,0.03711077845582622,0.037075091153383255,0.012924909591674805,0.5032302737236023,0.49676793813705444,0,right,"[0.09427555650472641, 0.9017081260681152]","[-0.0057244673371315, 0.0017081499099731445]",,,,,,,,,,3,250,750
572,ray_zoo,reward_line,reward-line,model_10.pt,1,3,2,2,left,1,up,4,"[0.10000002384185791, 0.8999999761581421]","[0.10000002384185791, 0.8999999761581421]",1.7595447161511402e-06,0.5132228136062622,true,43.389909399993485,0.8984430432319641,0.8984430432319641,0.9965431094169617,0.0,0.050039052963256836,0.5124903917312622,0.4874769449234009,2,left,"[0.45773112773895264, 0.0758468508720398]","[0.3577311038970947, -0.8241531252861023]",20983,20998,16,41997,true,true,false,false,,,,
572,art_cw,reward_line,reward-line,model_10.pt,1,3,2,2,left,1,up,4,"[0.10000002384185791, 0.8999999761581421]","[0.10000002384185791, 0.8999999761581421]",1.7595447161511402e-06,0.5132228136062622,false,8.26722979999613,0.0,0.0,12.633410453796387,12.633410453796387,-12.583410263061523,1.7595447161511402e-06,0.5132228136062622,1,up,"[0.10000002384185791, 0.8999999761581421]","[0.0, 0.0]",,,,,,,,,,3,250,750
573,ray_zoo,reward_line,reward-line,model_10.pt,1,4,2,1,up,0,right,4,"[0.10000002384185791, 0.8999999761581421]","[0.10000002384185791, 0.8999999761581421]",0.2344900518655777,0.7655077576637268,true,43.44598479999695,0.053939539939165115,0.053939539939165115,0.0035919437650591135,0.0,0.050020694732666016,0.5125014185905457,0.48749634623527527,1,up,"[0.15127870440483093, 0.8832676410675049]","[0.05127868056297302, -0.016732335090637207]",20983,20998,16,41997,true,true,false,false,,,,
573,art_cw,reward_line,reward-line,model_10.pt,1,4,2,1,up,0,right,4,"[0.10000002384185791, 0.8999999761581421]","[0.10000002384185791, 0.8999999761581421]",0.2344900518655777,0.7655077576637268,true,8.890376499999547,0.06232600286602974,0.06232600286602974,0.0038845306262373924,0.0,0.2521681785583496,0.562708854675293,0.4372889995574951,1,up,"[0.16035842895507812, 0.8844631314277649]","[0.060358405113220215, -0.015536844730377197]",,,,,,,,,,3,250,750
574,ray_zoo,reward_line,reward-line,model_10.pt,1,4,2,2,left,0,right,4,"[0.10000002384185791, 0.8999999761581421]","[0.10000002384185791, 0.8999999761581421]",2.206800445492263e-06,0.7655077576637268,true,44.3123695999966,0.8069695234298706,0.8069695234298706,0.8039504289627075,0.0,0.05017733573913574,0.5125287175178528,2.5280542104155757e-05,2,left,"[0.5737238526344299, 0.24671173095703125]","[0.473723828792572, -0.6532882452011108]",20983,20998,16,41997,true,true,false,false,,,,
574,art_cw,reward_line,reward-line,model_10.pt,1,4,2,2,left,0,right,4,"[0.10000002384185791, 0.8999999761581421]","[0.10000002384185791, 0.8999999761581421]",2.206800445492263e-06,0.7655077576637268,false,6.786970099987229,0.0,0.0,12.806751251220703,12.806751251220703,-12.75675106048584,2.206800445492263e-06,0.7655077576637268,0,right,"[0.10000002384185791, 0.8999999761581421]","[0.0, 0.0]",,,,,,,,,,3,250,750
575,ray_zoo,reward_line,reward-line,model_10.pt,1,5,2,1,up,0,right,4,"[0.10000002384185791, 0.8999999761581421]","[0.10000002384185791, 0.8999999761581421]",0.47744837403297424,0.5224800705909729,true,44.342413900012616,0.012520521879196167,0.012520521879196167,0.00019353516108822078,0.0,0.05000424385070801,0.5124542117118835,0.4874593913555145,1,up,"[0.11252054572105408, 0.8999999761581421]","[0.012520521879196167, 0.0]",20891,20998,16,41905,true,true,true,true,,,,
575,art_cw,reward_line,reward-line,model_10.pt,1,5,2,1,up,0,right,4,"[0.10000002384185791, 0.8999999761581421]","[0.10000002384185791, 0.8999999761581421]",0.47744837403297424,0.5224800705909729,false,7.784334600000875,0.009234397672116756,0.009234397672116756,0.03970047680195421,0.0396152026951313,0.010384798049926758,0.5025545358657837,0.4973626136779785,1,up,"[0.10882864892482758, 0.8972926735877991]","[0.008828625082969666, -0.0027073025703430176]",,,,,,,,,,3,250,750
576,ray_zoo,reward_line,reward-line,model_10.pt,1,5,2,2,left,0,right,4,"[0.10000002384185791, 0.8999999761581421]","[0.10000002384185791, 0.8999999761581421]",7.150594319682568e-05,0.5224800705909729,true,44.32824500001152,0.6443695425987244,0.6443695425987244,0.5126075744628906,0.0,0.05042397975921631,0.5125784277915955,4.8608311772113666e-05,2,left,"[0.5830413699150085, 0.4735223650932312]","[0.48304134607315063, -0.4264776110649109]",20983,20998,16,41997,true,true,false,false,,,,
576,art_cw,reward_line,reward-line,model_10.pt,1,5,2,2,left,0,right,4,"[0.10000002384185791, 0.8999999761581421]","[0.10000002384185791, 0.8999999761581421]",7.150594319682568e-05,0.5224800705909729,true,10.8541124999756,1.260419249534607,1.260419249534607,1.5886566638946533,0.0,13.119553565979004,0.9999979734420776,2.0056234006915474e-06,2,left,"[1.0, 0.017584681510925293]","[0.8999999761581421, -0.8824152946472168]",,,,,,,,,,3,250,750
577,ray_zoo,reward_line,reward-line,model_10.pt,1,6,2,2,left,1,up,4,"[0.10000002384185791, 0.8999999761581421]","[0.10000002384185791, 0.8999999761581421]",0.003797865239903331,0.9958803653717041,true,45.22426829999313,0.33920738101005554,0.33920738101005554,0.14205141365528107,0.0,0.05033421516418457,0.5124965310096741,0.4873388707637787,2,left,"[0.38442230224609375, 0.7151605486869812]","[0.28442227840423584, -0.1848394274711609]",20983,20998,16,41997,true,true,false,false,,,,
577,art_cw,reward_line,reward-line,model_10.pt,1,6,2,2,left,1,up,4,"[0.10000002384185791, 0.8999999761581421]","[0.10000002384185791, 0.8999999761581421]",0.003797865239903331,0.9958803653717041,true,6.789459299994633,0.3638799488544464,0.3638799488544464,0.13240861892700195,0.0,0.3292456865310669,0.5814911723136902,0.41836321353912354,2,left,"[0.45219719409942627, 0.8085353970527649]","[0.35219717025756836, -0.0914645791053772]",,,,,,,,,,3,250,750
578,ray_zoo,reward_line,reward-line,model_10.pt,1,6,2,0,right,1,up,4,"[0.10000002384185791, 0.8999999761581421]","[0.10000002384185791, 0.8999999761581421]",0.00032175410888157785,0.9958803653717041,false,42.9424333999923,0.1414213925600052,0.1414213925600052,6.061097649857402,6.041097640991211,-5.991097450256348,0.0024925253819674253,0.9966442584991455,1,up,"[0.0, 1.0]","[-0.10000002384185791, 0.10000002384185791]",20891,20998,0,41889,false,false,false,false,no_successful_seed_or_zoo_point,,,
578,art_cw,reward_line,reward-line,model_10.pt,1,6,2,0,right,1,up,4,"[0.10000002384185791, 0.8999999761581421]","[0.10000002384185791, 0.8999999761581421]",0.00032175410888157785,0.9958803653717041,false,8.144405999977607,0.0,0.0,8.087594985961914,8.087594985961914,-8.03759479522705,0.00032175410888157785,0.9958803653717041,1,up,"[0.10000002384185791, 0.8999999761581421]","[0.0, 0.0]",,,,,,,,,,3,250,750
579,ray_zoo,reward_line,reward-line,model_10.pt,1,7,2,0,right,1,up,4,"[0.10000002384185791, 0.8999999761581421]","[0.10000002384185791, 0.8999999761581421]",0.3250850439071655,0.5303716659545898,true,44.1876894000161,0.013640133664011955,0.013640133664011955,0.018605314195156097,0.0,0.050005555152893066,0.4370993673801422,0.4157794415950775,0,right,"[0.08684389293193817, 0.9036012887954712]","[-0.013156130909919739, 0.0036013126373291016]",20983,20998,16,41997,true,true,false,false,,,,
579,art_cw,reward_line,reward-line,model_10.pt,1,7,2,0,right,1,up,4,"[0.10000002384185791, 0.8999999761581421]","[0.10000002384185791, 0.8999999761581421]",0.3250850439071655,0.5303716659545898,true,6.821708300005412,0.01480635441839695,0.01480635441839695,0.0002192281244788319,0.0,0.11523061990737915,0.45057645440101624,0.4015359878540039,0,right,"[0.08561374992132187, 0.9035018682479858]","[-0.014386273920536041, 0.00350189208984375]",,,,,,,,,,3,250,750
580,ray_zoo,reward_line,reward-line,model_10.pt,1,7,2,2,left,1,up,4,"[0.10000002384185791, 0.8999999761581421]","[0.10000002384185791, 0.8999999761581421]",0.14452306926250458,0.5303716659545898,true,43.706081599986646,0.04088273271918297,0.04088273271918297,0.0020634541288018227,0.0,0.05003786087036133,0.34544137120246887,0.3285815417766571,2,left,"[0.13809511065483093, 0.8851621150970459]","[0.03809508681297302, -0.014837861061096191]",20983,20998,16,41997,true,true,false,false,,,,
580,art_cw,reward_line,reward-line,model_10.pt,1,7,2,2,left,1,up,4,"[0.10000002384185791, 0.8999999761581421]","[0.10000002384185791, 0.8999999761581421]",0.14452306926250458,0.5303716659545898,true,7.9593613000179175,0.04635988920927048,0.04635988920927048,0.0021492394153028727,0.0,0.24636471271514893,0.44647684693336487,0.2045162320137024,2,left,"[0.14113518595695496, 0.8786191940307617]","[0.041135162115097046, -0.02138078212738037]",,,,,,,,,,3,250,750
581,ray_zoo,reward_line,reward-line,model_10.pt,2,0,2,0,right,1,up,3,"[0.19999998807907104, 0.800000011920929]","[0.19999998807907104, 0.800000011920929]",0.1787794977426529,0.8212198615074158,true,43.93586420000065,0.2700287997722626,0.2700287997722626,1.822888970375061,0.0,0.05000114440917969,0.5124969482421875,0.4875016212463379,0,right,"[9.149312973022461e-06, 0.981436550617218]","[-0.19999083876609802, 0.18143653869628906]",20983,20998,16,41997,true,true,false,false,,,,
581,art_cw,reward_line,reward-line,model_10.pt,2,0,2,0,right,1,up,3,"[0.19999998807907104, 0.800000011920929]","[0.19999998807907104, 0.800000011920929]",0.1787794977426529,0.8212198615074158,false,8.268369299999904,0.22589386999607086,0.22589386999607086,0.10056932270526886,0.04954128339886665,0.00045871734619140625,0.500113844871521,0.4998845160007477,0,right,"[0.014686629176139832, 0.9291781783103943]","[-0.1853133589029312, 0.12917816638946533]",,,,,,,,,,3,250,750
582,ray_zoo,reward_line,reward-line,model_10.pt,2,0,2,2,left,1,up,3,"[0.19999998807907104, 0.800000011920929]","[0.19999998807907104, 0.800000011920929]",6.966704404476332e-07,0.8212198615074158,true,42.63726729998598,0.6528007388114929,0.6528007388114929,0.6658574342727661,0.0,0.0500180721282959,0.5125012397766113,0.4874974489212036,2,left,"[0.5951868295669556, 0.28040772676467896]","[0.3951868414878845, -0.51959228515625]",20983,20998,16,41997,true,true,false,false,,,,
582,art_cw,reward_line,reward-line,model_10.pt,2,0,2,2,left,1,up,3,"[0.19999998807907104, 0.800000011920929]","[0.19999998807907104, 0.800000011920929]",6.966704404476332e-07,0.8212198615074158,true,7.228750700014643,0.8345204591751099,0.8345204591751099,0.6964243650436401,0.0,1.7107336521148682,0.8469298481941223,0.15306827425956726,2,left,"[0.4375379681587219, 0.0]","[0.23753798007965088, -0.800000011920929]",,,,,,,,,,3,250,750
583,ray_zoo,reward_line,reward-line,model_10.pt,2,1,2,0,right,1,up,4,"[0.19999998807907104, 0.800000011920929]","[0.19999998807907104, 0.800000011920929]",0.3386501669883728,0.6613474488258362,true,43.207814399997005,0.04174983873963356,0.04174983873963356,0.043576233088970184,0.0,0.05000662803649902,0.51249760389328,0.48749956488609314,0,right,"[0.16100993752479553, 0.814927339553833]","[-0.03899005055427551, 0.014927327632904053]",20983,20998,16,41997,true,true,true,false,,,,
583,art_cw,reward_line,reward-line,model_10.pt,2,1,2,0,right,1,up,4,"[0.19999998807907104, 0.800000011920929]","[0.19999998807907104, 0.800000011920929]",0.3386501669883728,0.6613474488258362,false,5.696439799998188,0.04045407846570015,0.04045407846570015,0.022584275575354695,0.020947743207216263,0.029052257537841797,0.5072610974311829,0.4927360415458679,0,right,"[0.16245684027671814, 0.8150680065155029]","[-0.037543147802352905, 0.015067994594573975]",,,,,,,,,,3,250,750
584,ray_zoo,reward_line,reward-line,model_10.pt,2,1,2,2,left,1,up,4,"[0.19999998807907104, 0.800000011920929]","[0.19999998807907104, 0.800000011920929]",2.3905415673652897e-06,0.6613474488258362,true,44.19154620001791,0.6119061708450317,0.6119061708450317,0.5850456357002258,0.0,0.050058603286743164,0.5125040411949158,0.48748037219047546,2,left,"[0.5854506492614746, 0.32475587725639343]","[0.38545066118240356, -0.4752441346645355]",20983,20998,16,41997,true,true,false,false,,,,
584,art_cw,reward_line,reward-line,model_10.pt,2,1,2,2,left,1,up,4,"[0.19999998807907104, 0.800000011920929]","[0.19999998807907104, 0.800000011920929]",2.3905415673652897e-06,0.6613474488258362,true,6.857577099988703,0.8055921792984009,0.8055921792984009,0.6489787697792053,0.0,0.9905965328216553,0.7291200757026672,0.27076244354248047,2,left,"[0.2947561740875244, 0.0]","[0.09475618600845337, -0.800000011920929]",,,,,,,,,,3,250,750
585,ray_zoo,reward_line,reward-line,model_10.pt,2,2,2,0,right,1,up,4,"[0.19999998807907104, 0.800000011920929]","[0.19999998807907104, 0.800000011920929]",0.29744353890419006,0.7022040486335754,true,42.47778980000294,0.015417631715536118,0.015417631715536118,0.005942585412412882,0.0,0.050022125244140625,0.5122593641281128,0.487265408039093,0,right,"[0.1855316013097763, 0.8053262829780579]","[-0.014468386769294739, 0.005326271057128906]",20983,20998,16,41997,true,true,false,false,,,,
585,art_cw,reward_line,reward-line,model_10.pt,2,2,2,0,right,1,up,4,"[0.19999998807907104, 0.800000011920929]","[0.19999998807907104, 0.800000011920929]",0.29744353890419006,0.7022040486335754,true,5.72114939999301,0.026070840656757355,0.026070840656757355,0.000679688761010766,0.0,1.1914207935333252,0.7665613889694214,0.23287318646907806,0,right,"[0.17553667724132538, 0.8090130686759949]","[-0.024463310837745667, 0.009013056755065918]",,,,,,,,,,3,250,750
586,ray_zoo,reward_line,reward-line,model_10.pt,2,2,2,3,down,1,up,4,"[0.19999998807907104, 0.800000011920929]","[0.19999998807907104, 0.800000011920929]",0.00035184729495085776,0.7022040486335754,false,43.9471998999943,1.4901161193847656e-08,1.4901161193847656e-08,7.648781776428223,7.648781776428223,-7.598781585693359,0.0003518474113661796,0.7022039890289307,1,up,"[0.20000000298023224, 0.800000011920929]","[1.4901161193847656e-08, 0.0]",20891,20998,0,41889,false,false,false,false,no_successful_seed_or_zoo_point,,,
586,art_cw,reward_line,reward-line,model_10.pt,2,2,2,3,down,1,up,4,"[0.19999998807907104, 0.800000011920929]","[0.19999998807907104, 0.800000011920929]",0.00035184729495085776,0.7022040486335754,false,7.038502200011862,0.0,0.0,7.648782253265381,7.648782253265381,-7.598782062530518,0.00035184729495085776,0.7022040486335754,1,up,"[0.19999998807907104, 0.800000011920929]","[0.0, 0.0]",,,,,,,,,,3,250,750
587,ray_zoo,reward_line,reward-line,model_10.pt,2,3,2,3,down,0,right,4,"[0.19999998807907104, 0.800000011920929]","[0.19999998807907104, 0.800000011920929]",4.2202500480925664e-05,0.999956488609314,true,44.836367600015365,0.31221380829811096,0.31221380829811096,0.09747745841741562,0.0,0.05000269412994385,0.5050106644630432,0.48037970066070557,3,down,"[0.46292194724082947, 0.6316269040107727]","[0.2629219591617584, -0.16837310791015625]",20891,20998,16,41905,false,true,false,true,,,,
587,art_cw,reward_line,reward-line,model_10.pt,2,3,2,3,down,0,right,4,"[0.19999998807907104, 0.800000011920929]","[0.19999998807907104, 0.800000011920929]",4.2202500480925664e-05,0.999956488609314,true,7.998497399996268,0.3178904354572296,0.3178904354572296,0.10105433315038681,0.0,0.21267962455749512,0.5443539619445801,0.4400639832019806,3,down,"[0.47590601444244385, 0.6421070098876953]","[0.2759060263633728, -0.15789300203323364]",,,,,,,,,,3,250,750
588,ray_zoo,reward_line,reward-line,model_10.pt,2,3,2,2,left,0,right,4,"[0.19999998807907104, 0.800000011920929]","[0.19999998807907104, 0.800000011920929]",1.2646999039134244e-06,0.999956488609314,true,44.366032399993856,0.5168094635009766,0.5168094635009766,0.4173312783241272,0.0,0.0500258207321167,0.4640752375125885,0.029538514092564583,2,left,"[0.5615259408950806, 0.4306884706020355]","[0.3615259528160095, -0.36931154131889343]",20983,20998,16,41997,true,true,false,false,,,,
588,art_cw,reward_line,reward-line,model_10.pt,2,3,2,2,left,0,right,4,"[0.19999998807907104, 0.800000011920929]","[0.19999998807907104, 0.800000011920929]",1.2646999039134244e-06,0.999956488609314,true,6.819696499995189,0.5430082082748413,0.5430082082748413,0.294857919216156,0.0,0.10746747255325317,0.48637595772743225,0.025569261983036995,2,left,"[0.6749178767204285, 0.5367303490638733]","[0.4749178886413574, -0.26326966285705566]",,,,,,,,,,3,250,750
589,ray_zoo,reward_line,reward-line,model_10.pt,2,4,2,3,down,0,right,4,"[0.19999998807907104, 0.800000011920929]","[0.19999998807907104, 0.800000011920929]",0.00031155929900705814,0.9995808005332947,true,45.58494120000978,0.33417192101478577,0.33417192101478577,0.11167086660861969,0.0,0.05001521110534668,0.3380779027938843,0.1232081949710846,3,down,"[0.46746888756752014, 0.5996721386909485]","[0.2674688994884491, -0.20032787322998047]",20891,20998,16,41905,false,true,false,false,,,,
589,art_cw,reward_line,reward-line,model_10.pt,2,4,2,3,down,0,right,4,"[0.19999998807907104, 0.800000011920929]","[0.19999998807907104, 0.800000011920929]",0.00031155929900705814,0.9995808005332947,true,6.890245899994625,0.336263507604599,0.336263507604599,0.11307314783334732,0.0,0.06744384765625,0.34266653656959534,0.11977824568748474,3,down,"[0.48799604177474976, 0.6264159679412842]","[0.2879960536956787, -0.17358404397964478]",,,,,,,,,,3,250,750
590,ray_zoo,reward_line,reward-line,model_10.pt,2,4,2,2,left,0,right,4,"[0.19999998807907104, 0.800000011920929]","[0.19999998807907104, 0.800000011920929]",0.00010754260438261554,0.9995808005332947,true,43.43951070000185,0.37922403216362,0.37922403216362,0.22470448911190033,0.0,0.05007219314575195,0.46964210271835327,0.08077136427164078,2,left,"[0.48597410321235657, 0.5509424209594727]","[0.2859741151332855, -0.2490575909614563]",20983,20998,16,41997,true,true,false,false,,,,
590,art_cw,reward_line,reward-line,model_10.pt,2,4,2,2,left,0,right,4,"[0.19999998807907104, 0.800000011920929]","[0.19999998807907104, 0.800000011920929]",0.00010754260438261554,0.9995808005332947,true,6.872071699996013,0.4564567804336548,0.4564567804336548,0.20835278928279877,0.0,0.9937373399734497,0.7164284586906433,0.018356148153543472,2,left,"[0.5895774960517883, 0.5621299743652344]","[0.3895775079727173, -0.23787003755569458]",,,,,,,,,,3,250,750
591,ray_zoo,reward_line,reward-line,model_10.pt,2,5,2,2,left,0,right,4,"[0.19999998807907104, 0.800000011920929]","[0.19999998807907104, 0.800000011920929]",0.07639920711517334,0.9154919385910034,true,44.24625319999177,0.16527453064918518,0.16527453064918518,0.042680732905864716,0.0,0.05014455318450928,0.36065730452537537,0.24025945365428925,2,left,"[0.3389037847518921, 0.7104377150535583]","[0.13890379667282104, -0.0895622968673706]",20983,20998,16,41997,true,true,false,false,,,,
591,art_cw,reward_line,reward-line,model_10.pt,2,5,2,2,left,0,right,4,"[0.19999998807907104, 0.800000011920929]","[0.19999998807907104, 0.800000011920929]",0.07639920711517334,0.9154919385910034,true,6.734291400003713,0.2090538889169693,0.2090538889169693,0.04370352625846863,0.0,1.5262640714645386,0.749816358089447,0.1629696786403656,2,left,"[0.39386308193206787, 0.7217655777931213]","[0.19386309385299683, -0.07823443412780762]",,,,,,,,,,3,250,750
592,ray_zoo,reward_line,reward-line,model_10.pt,2,5,2,3,down,0,right,4,"[0.19999998807907104, 0.800000011920929]","[0.19999998807907104, 0.800000011920929]",0.008108836598694324,0.9154919385910034,false,43.46741299997666,0.1414213925600052,0.1414213925600052,2.4881212990731,2.468121290206909,-2.418121337890625,0.04314274340867996,0.23596954345703125,1,up,"[0.30000001192092896, 0.699999988079071]","[0.10000002384185791, -0.10000002384185791]",20891,20998,0,41889,false,false,false,false,no_successful_seed_or_zoo_point,,,
592,art_cw,reward_line,reward-line,model_10.pt,2,5,2,3,down,0,right,4,"[0.19999998807907104, 0.800000011920929]","[0.19999998807907104, 0.800000011920929]",0.008108836598694324,0.9154919385910034,false,8.020356900000479,0.0,0.0,4.776507377624512,4.776507377624512,-4.726507186889648,0.008108836598694324,0.9154919385910034,0,right,"[0.19999998807907104, 0.800000011920929]","[0.0, 0.0]",,,,,,,,,,3,250,750
593,ray_zoo,reward_line,reward-line,model_10.pt,2,6,2,2,left,1,up,4,"[0.19999998807907104, 0.800000011920929]","[0.19999998807907104, 0.800000011920929]",0.27179402112960815,0.5177932381629944,true,44.074342299980344,0.028016382828354836,0.028016382828354836,0.0012264340184628963,0.0,0.05000787973403931,0.4056294560432434,0.3858436346054077,2,left,"[0.22445067763328552, 0.7863222360610962]","[0.024450689554214478, -0.013677775859832764]",20983,20998,16,41997,true,true,false,false,,,,
593,art_cw,reward_line,reward-line,model_10.pt,2,6,2,2,left,1,up,4,"[0.19999998807907104, 0.800000011920929]","[0.19999998807907104, 0.800000011920929]",0.27179402112960815,0.5177932381629944,true,8.855323600000702,0.034285832196474075,0.034285832196474075,0.0011755182640627027,0.0,0.7230932712554932,0.5133117437362671,0.24908395111560822,2,left,"[0.22609910368919373, 0.7777659296989441]","[0.02609911561012268, -0.022234082221984863]",,,,,,,,,,3,250,750
594,ray_zoo,reward_line,reward-line,model_10.pt,2,6,2,0,right,1,up,4,"[0.19999998807907104, 0.800000011920929]","[0.19999998807907104, 0.800000011920929]",0.20823495090007782,0.5177932381629944,true,43.31210179999471,0.029384886845946312,0.029384886845946312,0.021586792543530464,0.0,0.05002319812774658,0.35791876912117004,0.34045493602752686,0,right,"[0.1724243015050888, 0.8101515173912048]","[-0.02757568657398224, 0.010151505470275879]",20983,20998,16,41997,true,true,false,false,,,,
594,art_cw,reward_line,reward-line,model_10.pt,2,6,2,0,right,1,up,4,"[0.19999998807907104, 0.800000011920929]","[0.19999998807907104, 0.800000011920929]",0.20823495090007782,0.5177932381629944,true,6.901392500003567,0.036727555096149445,0.036727555096149445,0.0013489134144037962,0.0,0.31670039892196655,0.48969781398773193,0.1486864686012268,0,right,"[0.1636950522661209, 0.8055556416511536]","[-0.036304935812950134, 0.005555629730224609]",,,,,,,,,,3,250,750
595,ray_zoo,reward_line,reward-line,model_10.pt,3,0,2,0,right,1,up,3,"[0.30000001192092896, 0.699999988079071]","[0.30000001192092896, 0.699999988079071]",0.012571826577186584,0.9874279499053955,true,27.68543369998224,0.41133832931518555,0.41133832931518555,1.8799912929534912,0.0,0.0500025749206543,0.5124973058700562,0.48750123381614685,0,right,"[0.0, 0.981423556804657]","[-0.30000001192092896, 0.28142356872558594]",20983,20998,16,41997,true,true,false,false,,,,
595,art_cw,reward_line,reward-line,model_10.pt,3,0,2,0,right,1,up,3,"[0.30000001192092896, 0.699999988079071]","[0.30000001192092896, 0.699999988079071]",0.012571826577186584,0.9874279499053955,false,6.849794499983545,0.3666606843471527,0.3666606843471527,0.18133323267102242,0.0468931682407856,0.003106832504272461,0.500775933265686,0.4992224872112274,0,right,"[0.010030418634414673, 0.9244052171707153]","[-0.2899695932865143, 0.2244052290916443]",,,,,,,,,,3,250,750
596,ray_zoo,reward_line,reward-line,model_10.pt,3,0,2,2,left,1,up,3,"[0.30000001192092896, 0.699999988079071]","[0.30000001192092896, 0.699999988079071]",2.5672682113508927e-07,0.9874279499053955,true,23.54521639997256,0.5127083659172058,0.5127083659172058,0.5364691019058228,0.0,0.05000162124633789,0.5124971866607666,0.4875015616416931,2,left,"[0.6092698574066162, 0.2910720705986023]","[0.30926984548568726, -0.40892791748046875]",20983,20998,16,41997,true,true,false,false,,,,
596,art_cw,reward_line,reward-line,model_10.pt,3,0,2,2,left,1,up,3,"[0.30000001192092896, 0.699999988079071]","[0.30000001192092896, 0.699999988079071]",2.5672682113508927e-07,0.9874279499053955,true,6.424755599990021,0.8818357586860657,0.8818357586860657,0.7776342630386353,0.0,5.4564528465271,0.9957476258277893,0.004250518511980772,2,left,"[0.8363154530525208, 0.0]","[0.5363154411315918, -0.699999988079071]",,,,,,,,,,3,250,750
597,ray_zoo,reward_line,reward-line,model_10.pt,3,1,2,0,right,1,up,4,"[0.30000001192092896, 0.699999988079071]","[0.30000001192092896, 0.699999988079071]",0.05361787974834442,0.9463791251182556,true,23.498417700000573,0.17092014849185944,0.17092014849185944,0.3245965838432312,0.0,0.05000710487365723,0.5124974250793457,0.4874992072582245,0,right,"[0.14044189453125, 0.7612772583961487]","[-0.15955811738967896, 0.06127727031707764]",20983,20998,16,41997,true,true,false,false,,,,
597,art_cw,reward_line,reward-line,model_10.pt,3,1,2,0,right,1,up,4,"[0.30000001192092896, 0.699999988079071]","[0.30000001192092896, 0.699999988079071]",0.05361787974834442,0.9463791251182556,true,5.961699000006774,0.1991143673658371,0.1991143673658371,0.03964652866125107,0.0,0.42218995094299316,0.6040052771568298,0.39599156379699707,0,right,"[0.12610125541687012, 0.7969832420349121]","[-0.17389875650405884, 0.09698325395584106]",,,,,,,,,,3,250,750
598,ray_zoo,reward_line,reward-line,model_10.pt,3,1,2,2,left,1,up,4,"[0.30000001192092896, 0.699999988079071]","[0.30000001192092896, 0.699999988079071]",3.0487638014164986e-06,0.9463791251182556,true,23.44236610000371,0.4712120294570923,0.4712120294570923,0.4531444311141968,0.0,0.05007338523864746,0.5125080943107605,0.48747697472572327,2,left,"[0.6016885042190552, 0.3380264639854431]","[0.3016884922981262, -0.36197352409362793]",20983,20998,16,41997,true,true,false,false,,,,
598,art_cw,reward_line,reward-line,model_10.pt,3,1,2,2,left,1,up,4,"[0.30000001192092896, 0.699999988079071]","[0.30000001192092896, 0.699999988079071]",3.0487638014164986e-06,0.9463791251182556,false,6.571720599982655,0.47305989265441895,0.47305989265441895,0.24623997882008553,0.022454310208559036,0.027545690536499023,0.5068790316581726,0.49310722947120667,2,left,"[0.6473771333694458, 0.37888506054878235]","[0.34737712144851685, -0.3211149275302887]",,,,,,,,,,3,250,750
599,ray_zoo,reward_line,reward-line,model_10.pt,3,2,2,0,right,1,up,4,"[0.30000001192092896, 0.699999988079071]","[0.30000001192092896, 0.699999988079071]",0.015750305727124214,0.9842144250869751,true,23.58992600001511,0.14366528391838074,0.14366528391838074,0.2293301224708557,0.0,0.05013132095336914,0.5122523307800293,0.48720547556877136,0,right,"[0.16496430337429047, 0.7490414977073669]","[-0.1350357085466385, 0.0490415096282959]",20983,20998,16,41997,true,true,false,false,,,,
599,art_cw,reward_line,reward-line,model_10.pt,3,2,2,0,right,1,up,4,"[0.30000001192092896, 0.699999988079071]","[0.30000001192092896, 0.699999988079071]",0.015750305727124214,0.9842144250869751,true,6.014323400013382,0.16269543766975403,0.16269543766975403,0.026469804346561432,0.0,2.102386951446533,0.8906077146530151,0.10880061984062195,0,right,"[0.154866561293602, 0.7735260725021362]","[-0.14513345062732697, 0.07352608442306519]",,,,,,,,,,3,250,750
600,ray_zoo,reward_line,reward-line,model_10.pt,3,2,2,3,down,1,up,4,"[0.30000001192092896, 0.699999988079071]","[0.30000001192092896, 0.699999988079071]",3.513764386298135e-05,0.9842144250869751,false,23.50542579998728,0.30234959721565247,0.30234959721565247,8.398820996284485,7.383095741271973,-7.333095550537109,0.0003267470747232437,0.4999592900276184,1,up,"[0.2623799443244934, 1.0]","[-0.03762006759643555, 0.30000001192092896]",20891,20998,0,41889,false,false,false,false,no_successful_seed_or_zoo_point,,,
600,art_cw,reward_line,reward-line,model_10.pt,3,2,2,3,down,1,up,4,"[0.30000001192092896, 0.699999988079071]","[0.30000001192092896, 0.699999988079071]",3.513764386298135e-05,0.9842144250869751,false,6.642593399999896,0.0,0.0,10.290326118469238,10.290326118469238,-10.240325927734375,3.513764386298135e-05,0.9842144250869751,1,up,"[0.30000001192092896, 0.699999988079071]","[0.0, 0.0]",,,,,,,,,,3,250,750
601,ray_zoo,reward_line,reward-line,model_10.pt,3,3,2,3,down,0,right,4,"[0.30000001192092896, 0.699999988079071]","[0.30000001192092896, 0.699999988079071]",0.0009384040022268891,0.9990078806877136,true,23.650595200015232,0.17351610958576202,0.17351610958576202,0.03010784089565277,0.0,0.05017900466918945,0.5049008131027222,0.48019054532051086,3,down,"[0.4445647597312927, 0.6040371060371399]","[0.14456474781036377, -0.09596288204193115]",20891,20998,16,41905,false,true,false,true,,,,
601,art_cw,reward_line,reward-line,model_10.pt,3,3,2,3,down,0,right,4,"[0.30000001192092896, 0.699999988079071]","[0.30000001192092896, 0.699999988079071]",0.0009384040022268891,0.9990078806877136,true,5.990214200021001,0.17621774971485138,0.17621774971485138,0.031052693724632263,0.0,0.14743685722351074,0.5284252166748047,0.45598703622817993,3,down,"[0.4470653533935547, 0.6029202342033386]","[0.14706534147262573, -0.09707975387573242]",,,,,,,,,,3,250,750
602,ray_zoo,reward_line,reward-line,model_10.pt,3,3,2,2,left,0,right,4,"[0.30000001192092896, 0.699999988079071]","[0.30000001192092896, 0.699999988079071]",5.369040809455328e-05,0.9990078806877136,true,23.49690030000056,0.3753989338874817,0.3753989338874817,0.28760072588920593,0.0,0.050010085105895996,0.4640773832798004,0.02954590879380703,2,left,"[0.5613574385643005, 0.4305252134799957]","[0.2613574266433716, -0.2694747745990753]",20983,20998,16,41997,true,true,false,false,,,,
602,art_cw,reward_line,reward-line,model_10.pt,3,3,2,2,left,0,right,4,"[0.30000001192092896, 0.699999988079071]","[0.30000001192092896, 0.699999988079071]",5.369040809455328e-05,0.9990078806877136,true,6.018519999983255,0.5252260565757751,0.5252260565757751,0.2758623957633972,0.0,2.9596171379089355,0.9491884112358093,0.0016068837139755487,2,left,"[0.7073855996131897, 0.36848923563957214]","[0.40738558769226074, -0.3315107524394989]",,,,,,,,,,3,250,750
603,ray_zoo,reward_line,reward-line,model_10.pt,3,4,2,3,down,0,right,4,"[0.30000001192092896, 0.699999988079071]","[0.30000001192092896, 0.699999988079071]",0.00947402324527502,0.9870041012763977,true,23.77609920001123,0.19439765810966492,0.19439765810966492,0.037790447473526,0.0,0.05010390281677246,0.3367258310317993,0.1251220852136612,3,down,"[0.45819729566574097, 0.5870218276977539]","[0.158197283744812, -0.11297816038131714]",20891,20998,16,41905,false,true,false,true,,,,
603,art_cw,reward_line,reward-line,model_10.pt,3,4,2,3,down,0,right,4,"[0.30000001192092896, 0.699999988079071]","[0.30000001192092896, 0.699999988079071]",0.00947402324527502,0.9870041012763977,true,6.047904400009429,0.1953812539577484,0.1953812539577484,0.03817383199930191,0.0,0.09089255332946777,0.34205737709999084,0.12409117817878723,3,down,"[0.46406814455986023, 0.5939081311225891]","[0.16406813263893127, -0.10609185695648193]",,,,,,,,,,3,250,750
604,ray_zoo,reward_line,reward-line,model_10.pt,3,4,2,2,left,0,right,4,"[0.30000001192092896, 0.699999988079071]","[0.30000001192092896, 0.699999988079071]",0.003521932056173682,0.9870041012763977,true,23.45877019999898,0.23814575374126434,0.23814575374126434,0.11574164777994156,0.0,0.05005168914794922,0.4688844382762909,0.08206179738044739,2,left,"[0.4796890318393707, 0.543714165687561]","[0.17968901991844177, -0.15628582239151]",20983,20998,16,41997,true,true,false,false,,,,
604,art_cw,reward_line,reward-line,model_10.pt,3,4,2,2,left,0,right,4,"[0.30000001192092896, 0.699999988079071]","[0.30000001192092896, 0.699999988079071]",0.003521932056173682,0.9870041012763977,true,6.573436800012132,0.24293340742588043,0.24293340742588043,0.0590166375041008,0.0,0.07036447525024414,0.4777757525444031,0.07493668049573898,2,left,"[0.5059153437614441, 0.571098804473877]","[0.20591533184051514, -0.1289011836051941]",,,,,,,,,,3,250,750
605,ray_zoo,reward_line,reward-line,model_10.pt,3,5,2,2,left,1,up,4,"[0.30000001192092896, 0.699999988079071]","[0.30000001192092896, 0.699999988079071]",0.23662103712558746,0.48426663875579834,true,46.079538000019966,0.026954393833875656,0.026954393833875656,0.001482733408920467,0.0,0.05000340938568115,0.3580584228038788,0.3405945301055908,2,left,"[0.322899729013443, 0.6857823133468628]","[0.022899717092514038, -0.014217674732208252]",20983,20998,16,41997,true,true,false,true,,,,
605,art_cw,reward_line,reward-line,model_10.pt,3,5,2,2,left,1,up,4,"[0.30000001192092896, 0.699999988079071]","[0.30000001192092896, 0.699999988079071]",0.23662103712558746,0.48426663875579834,true,11.061384300002828,0.028002241626381874,0.028002241626381874,0.0007841255282983184,0.0,0.12827640771865845,0.36910340189933777,0.3246671259403229,2,left,"[0.322164386510849, 0.6828866600990295]","[0.022164374589920044, -0.017113327980041504]",,,,,,,,,,3,250,750
606,ray_zoo,reward_line,reward-line,model_10.pt,3,5,2,0,right,1,up,4,"[0.30000001192092896, 0.699999988079071]","[0.30000001192092896, 0.699999988079071]",0.23596954345703125,0.48426663875579834,true,56.27161060000071,0.025461645796895027,0.025461645796895027,0.007203282322734594,0.0,0.05001473426818848,0.35270488262176514,0.33549830317497253,0,right,"[0.27747344970703125, 0.7118679881095886]","[-0.022526562213897705, 0.011868000030517578]",20983,20998,16,41997,true,true,false,false,,,,
606,art_cw,reward_line,reward-line,model_10.pt,3,5,2,0,right,1,up,4,"[0.30000001192092896, 0.699999988079071]","[0.30000001192092896, 0.699999988079071]",0.23596954345703125,0.48426663875579834,true,10.497192799986806,0.027094487100839615,0.027094487100839615,0.0007341112359426916,0.0,0.18561190366744995,0.3702240288257599,0.3075065612792969,0,right,"[0.2741333246231079, 0.7080638408660889]","[-0.025866687297821045, 0.008063852787017822]",,,,,,,,,,3,250,750
607,ray_zoo,reward_line,reward-line,model_10.pt,4,0,2,0,right,1,up,3,"[0.3999999761581421, 0.6000000238418579]","[0.3999999761581421, 0.6000000238418579]",8.862853064783849e-06,0.9999898672103882,true,57.401230799994664,0.5527157783508301,0.5527157783508301,1.9093421697616577,0.0,0.05000567436218262,0.5124980211257935,0.48750045895576477,0,right,"[1.2218952178955078e-05, 0.9814505577087402]","[-0.39998775720596313, 0.3814505338668823]",20983,20998,16,41997,true,true,false,false,,,,
607,art_cw,reward_line,reward-line,model_10.pt,4,0,2,0,right,1,up,3,"[0.3999999761581421, 0.6000000238418579]","[0.3999999761581421, 0.6000000238418579]",8.862853064783849e-06,0.9999898672103882,false,12.507245099986903,0.5039917826652527,0.5039917826652527,0.30395834520459175,0.049950648099184036,4.935264587402344e-05,0.5000115633010864,0.49998682737350464,0,right,"[0.008642613887786865, 0.9175643920898438]","[-0.3913573622703552, 0.31756436824798584]",,,,,,,,,,3,250,750
608,ray_zoo,reward_line,reward-line,model_10.pt,4,0,2,2,left,1,up,3,"[0.3999999761581421, 0.6000000238418579]","[0.3999999761581421, 0.6000000238418579]",1.3536207461584127e-06,0.9999898672103882,true,55.720270699996036,0.37297695875167847,0.37297695875167847,0.38642168045043945,0.0,0.050000667572021484,0.5124969482421875,0.487501859664917,2,left,"[0.6154972314834595, 0.2955780327320099]","[0.21549725532531738, -0.304421991109848]",20983,20998,16,41997,true,true,false,false,,,,
608,art_cw,reward_line,reward-line,model_10.pt,4,0,2,2,left,1,up,3,"[0.3999999761581421, 0.6000000238418579]","[0.3999999761581421, 0.6000000238418579]",1.3536207461584127e-06,0.9999898672103882,true,9.263215600018157,0.3982708156108856,0.3982708156108856,0.15861964225769043,0.0,0.23256516456604004,0.5578799843788147,0.4421188235282898,2,left,"[0.6917712092399597, 0.3289111256599426]","[0.2917712330818176, -0.2710888981819153]",,,,,,,,,,3,250,750
609,ray_zoo,reward_line,reward-line,model_10.pt,4,1,2,0,right,1,up,4,"[0.3999999761581421, 0.6000000238418579]","[0.3999999761581421, 0.6000000238418579]",0.0007942630327306688,0.9991711378097534,true,55.752024500019616,0.3000548779964447,0.3000548779964447,0.562705934047699,0.0,0.05001115798950195,0.512498140335083,0.48749786615371704,0,right,"[0.11962890625, 0.7068877816200256]","[-0.2803710699081421, 0.10688775777816772]",20983,20998,16,41997,true,true,false,false,,,,
609,art_cw,reward_line,reward-line,model_10.pt,4,1,2,0,right,1,up,4,"[0.3999999761581421, 0.6000000238418579]","[0.3999999761581421, 0.6000000238418579]",0.0007942630327306688,0.9991711378097534,true,12.33376040001167,0.3250054121017456,0.3250054121017456,0.10562852025032043,0.0,0.31772303581237793,0.5787672996520996,0.4212293326854706,0,right,"[0.12474435567855835, 0.7728087902069092]","[-0.27525562047958374, 0.17280876636505127]",,,,,,,,,,3,250,750
610,ray_zoo,reward_line,reward-line,model_10.pt,4,1,2,2,left,1,up,4,"[0.3999999761581421, 0.6000000238418579]","[0.3999999761581421, 0.6000000238418579]",3.4702421544352546e-05,0.9991711378097534,true,56.767802700022,0.33036547899246216,0.33036547899246216,0.303170382976532,0.0,0.050004005432128906,0.51249098777771,0.487494558095932,2,left,"[0.6164073348045349, 0.35038191080093384]","[0.21640735864639282, -0.24961811304092407]",20983,20998,16,41997,true,true,true,false,,,,
610,art_cw,reward_line,reward-line,model_10.pt,4,1,2,2,left,1,up,4,"[0.3999999761581421, 0.6000000238418579]","[0.3999999761581421, 0.6000000238418579]",3.4702421544352546e-05,0.9991711378097534,true,8.905634700000519,0.4285246431827545,0.4285246431827545,0.18363335728645325,0.0,1.5833081007003784,0.8296636343002319,0.17032566666603088,2,left,"[0.7190923094749451, 0.31396952271461487]","[0.319092333316803, -0.28603050112724304]",,,,,,,,,,3,250,750
611,ray_zoo,reward_line,reward-line,model_10.pt,4,2,2,0,right,1,up,4,"[0.3999999761581421, 0.6000000238418579]","[0.3999999761581421, 0.6000000238418579]",4.586581053445116e-05,0.9999439716339111,true,55.86129390000133,0.2714417278766632,0.2714417278766632,0.46050387620925903,0.0,0.050168752670288086,0.5122203230857849,0.48715683817863464,0,right,"[0.1438232660293579, 0.6897446513175964]","[-0.2561767101287842, 0.08974462747573853]",20983,20998,16,41997,true,true,false,false,,,,
611,art_cw,reward_line,reward-line,model_10.pt,4,2,2,0,right,1,up,4,"[0.3999999761581421, 0.6000000238418579]","[0.3999999761581421, 0.6000000238418579]",4.586581053445116e-05,0.9999439716339111,true,7.4326814000087325,0.28011149168014526,0.28011149168014526,0.07846245169639587,0.0,0.4354456663131714,0.6068086624145508,0.39259079098701477,0,right,"[0.1566811054944992, 0.7387745976448059]","[-0.24331887066364288, 0.138774573802948]",,,,,,,,,,3,250,750
612,ray_zoo,reward_line,reward-line,model_10.pt,4,2,2,3,down,1,up,4,"[0.3999999761581421, 0.6000000238418579]","[0.3999999761581421, 0.6000000238418579]",9.608239452063572e-06,0.9999439716339111,false,57.125044899992645,0.4230104684829712,0.4230104684829712,8.501654863357544,7.383293151855469,-7.3332929611206055,0.00032672868110239506,0.5000298619270325,1,up,"[0.2623850107192993, 1.0]","[-0.13761496543884277, 0.3999999761581421]",20891,20998,0,41889,false,false,false,false,no_successful_seed_or_zoo_point,,,
612,art_cw,reward_line,reward-line,model_10.pt,4,2,2,3,down,1,up,4,"[0.3999999761581421, 0.6000000238418579]","[0.3999999761581421, 0.6000000238418579]",9.608239452063572e-06,0.9999439716339111,false,11.700150400021812,0.0,0.0,11.60283374786377,11.60283374786377,-11.552833557128906,9.608239452063572e-06,0.9999439716339111,1,up,"[0.3999999761581421, 0.6000000238418579]","[0.0, 0.0]",,,,,,,,,,3,250,750
613,ray_zoo,reward_line,reward-line,model_10.pt,4,3,2,3,down,0,right,4,"[0.3999999761581421, 0.6000000238418579]","[0.3999999761581421, 0.6000000238418579]",0.2388741672039032,0.7538124918937683,true,54.25746180000715,0.034963738173246384,0.034963738173246384,0.001222462859004736,0.0,0.05002701282501221,0.5047309994697571,0.4801020622253418,3,down,"[0.4299144148826599, 0.5819005966186523]","[0.029914438724517822, -0.018099427223205566]",20891,20998,16,41905,false,true,false,true,,,,
613,art_cw,reward_line,reward-line,model_10.pt,4,3,2,3,down,0,right,4,"[0.3999999761581421, 0.6000000238418579]","[0.3999999761581421, 0.6000000238418579]",0.2388741672039032,0.7538124918937683,true,11.237484199984465,0.05395256727933884,0.05395256727933884,0.002910879673436284,0.0,0.733863353729248,0.6620181202888489,0.3178023099899292,3,down,"[0.44504934549331665, 0.5703110694885254]","[0.04504936933517456, -0.02968895435333252]",,,,,,,,,,3,250,750
614,ray_zoo,reward_line,reward-line,model_10.pt,4,3,2,2,left,0,right,4,"[0.3999999761581421, 0.6000000238418579]","[0.3999999761581421, 0.6000000238418579]",0.007313269656151533,0.7538124918937683,true,53.59668590000365,0.2339867800474167,0.2339867800474167,0.15208280086517334,0.0,0.050009310245513916,0.46396738290786743,0.029457632452249527,2,left,"[0.5634235143661499, 0.4325408935546875]","[0.1634235382080078, -0.1674591302871704]",20983,20998,16,41997,true,true,false,false,,,,
614,art_cw,reward_line,reward-line,model_10.pt,4,3,2,2,left,0,right,4,"[0.3999999761581421, 0.6000000238418579]","[0.3999999761581421, 0.6000000238418579]",0.007313269656151533,0.7538124918937683,false,12.201121299993247,0.0,0.0,4.685453414916992,4.685453414916992,-4.635453224182129,0.007313269656151533,0.7538124918937683,0,right,"[0.3999999761581421, 0.6000000238418579]","[0.0, 0.0]",,,,,,,,,,3,250,750
615,ray_zoo,reward_line,reward-line,model_10.pt,4,4,2,3,down,1,up,4,"[0.3999999761581421, 0.6000000238418579]","[0.3999999761581421, 0.6000000238418579]",0.1559217870235443,0.6240139007568359,true,55.62810969998827,0.054624300450086594,0.054624300450086594,0.0029838141053915024,0.0,0.05009639263153076,0.3345707058906555,0.3182228207588196,3,down,"[0.4442412555217743, 0.5679606199264526]","[0.0442412793636322, -0.03203940391540527]",20891,20998,16,41905,false,true,false,true,,,,
615,art_cw,reward_line,reward-line,model_10.pt,4,4,2,3,down,1,up,4,"[0.3999999761581421, 0.6000000238418579]","[0.3999999761581421, 0.6000000238418579]",0.1559217870235443,0.6240139007568359,true,9.078644299996085,0.08274639397859573,0.08274639397859573,0.006846965290606022,0.0,0.25180792808532715,0.43794021010398865,0.08793728798627853,3,down,"[0.43032950162887573, 0.5230124592781067]","[0.030329525470733643, -0.07698756456375122]",,,,,,,,,,3,250,750
616,ray_zoo,reward_line,reward-line,model_10.pt,4,4,2,0,right,1,up,4,"[0.3999999761581421, 0.6000000238418579]","[0.3999999761581421, 0.6000000238418579]",0.1532956212759018,0.6240139007568359,true,54.44752929999959,0.022553078830242157,0.022553078830242157,0.003179009072482586,0.0,0.050000905990600586,0.3520617187023163,0.3348911702632904,0,right,"[0.38096311688423157, 0.6120929718017578]","[-0.019036859273910522, 0.012092947959899902]",20983,20998,16,41997,true,true,false,false,,,,
616,art_cw,reward_line,reward-line,model_10.pt,4,4,2,0,right,1,up,4,"[0.3999999761581421, 0.6000000238418579]","[0.3999999761581421, 0.6000000238418579]",0.1532956212759018,0.6240139007568359,true,9.610315199999604,0.02899761311709881,0.02899761311709881,0.0008408615831285715,0.0,0.5943300127983093,0.5036606192588806,0.12017350643873215,0,right,"[0.3742915987968445, 0.6134142279624939]","[-0.025708377361297607, 0.013414204120635986]",,,,,,,,,,3,250,750
617,ray_zoo,reward_line,reward-line,model_10.pt,5,0,2,2,left,1,up,3,"[0.5, 0.5]","[0.5, 0.5]",0.0006570452242158353,0.9993423819541931,true,56.016978800005745,0.23385624587535858,0.23385624587535858,0.21875496208667755,0.0,0.050003767013549805,0.5124977231025696,0.4875011146068573,2,left,"[0.6297202110290527, 0.305419921875]","[0.12972021102905273, -0.194580078125]",20983,20998,16,41997,true,true,false,false,,,,
617,art_cw,reward_line,reward-line,model_10.pt,5,0,2,2,left,1,up,3,"[0.5, 0.5]","[0.5, 0.5]",0.0006570452242158353,0.9993423819541931,false,9.731804999988526,0.2369024157524109,0.2369024157524109,0.07484200224280357,0.018719244748353958,0.0312807559967041,0.5078189969062805,0.49217987060546875,2,left,"[0.6706762313842773, 0.3357064127922058]","[0.17067623138427734, -0.1642935872077942]",,,,,,,,,,3,250,750
618,ray_zoo,reward_line,reward-line,model_10.pt,5,0,2,0,right,1,up,3,"[0.5, 0.5]","[0.5, 0.5]",6.543428980876342e-07,0.9993423819541931,true,56.90298240000266,0.6941190958023071,0.6941190958023071,1.9272053241729736,0.0,0.05000925064086914,0.5124989151954651,0.4874995946884155,0,right,"[3.0517578125e-05, 0.9814891815185547]","[-0.499969482421875, 0.4814891815185547]",20983,20998,16,41997,true,true,false,false,,,,
618,art_cw,reward_line,reward-line,model_10.pt,5,0,2,0,right,1,up,3,"[0.5, 0.5]","[0.5, 0.5]",6.543428980876342e-07,0.9993423819541931,false,11.637663400004385,0.6381442546844482,0.6381442546844482,0.4612699933350086,0.05404191091656685,-0.004041910171508789,0.49898871779441833,0.5010096430778503,1,up,"[0.0, 0.8965199589729309]","[-0.5, 0.3965199589729309]",,,,,,,,,,3,250,750
619,ray_zoo,reward_line,reward-line,model_10.pt,5,1,2,2,left,1,up,4,"[0.5, 0.5]","[0.5, 0.5]",0.00403241440653801,0.9959442019462585,true,53.15761619998375,0.18929144740104675,0.18929144740104675,0.14332501590251923,0.0,0.050063371658325195,0.5125059485435486,0.4874798357486725,2,left,"[0.6236839294433594, 0.3567047119140625]","[0.12368392944335938, -0.1432952880859375]",20983,20998,16,41997,true,true,false,false,,,,
619,art_cw,reward_line,reward-line,model_10.pt,5,1,2,2,left,1,up,4,"[0.5, 0.5]","[0.5, 0.5]",0.00403241440653801,0.9959442019462585,true,11.482322700001532,0.19584988057613373,0.19584988057613373,0.03835717588663101,0.0,0.17302703857421875,0.5431417226791382,0.4568445682525635,2,left,"[0.6412146687507629, 0.36429592967033386]","[0.14121466875076294, -0.13570407032966614]",,,,,,,,,,3,250,750
620,ray_zoo,reward_line,reward-line,model_10.pt,5,1,2,0,right,1,up,4,"[0.5, 0.5]","[0.5, 0.5]",2.3408749257214367e-05,0.9959442019462585,true,56.16792720000376,0.4291486442089081,0.4291486442089081,0.7366741895675659,0.0,0.05004429817199707,0.5125059485435486,0.48748913407325745,0,right,"[0.09966278076171875, 0.6545919179916382]","[-0.40033721923828125, 0.15459191799163818]",20983,20998,16,41997,true,true,false,false,,,,
620,art_cw,reward_line,reward-line,model_10.pt,5,1,2,0,right,1,up,4,"[0.5, 0.5]","[0.5, 0.5]",2.3408749257214367e-05,0.9959442019462585,true,9.285678999993252,0.4706595540046692,0.4706595540046692,0.22152042388916016,0.0,0.49143052101135254,0.6204412579536438,0.379555344581604,0,right,"[0.10535520315170288, 0.7564681172370911]","[-0.3946447968482971, 0.25646811723709106]",,,,,,,,,,3,250,750
621,ray_zoo,reward_line,reward-line,model_10.pt,5,2,2,2,left,1,up,4,"[0.5, 0.5]","[0.5, 0.5]",4.4182816054672e-05,0.9999459981918335,true,54.46994450001512,0.3950209617614746,0.3950209617614746,0.6241662502288818,0.0,0.050015807151794434,0.5124966502189636,0.48749423027038574,2,left,"[0.6409698724746704, 0.13098907470703125]","[0.1409698724746704, -0.36901092529296875]",20983,20998,16,41997,true,true,false,false,,,,
621,art_cw,reward_line,reward-line,model_10.pt,5,2,2,2,left,1,up,4,"[0.5, 0.5]","[0.5, 0.5]",4.4182816054672e-05,0.9999459981918335,true,9.823777299985522,0.4628971517086029,0.4628971517086029,0.21427378058433533,0.0,1.0997354984283447,0.750203549861908,0.24978715181350708,2,left,"[0.8185968995094299, 0.16418784856796265]","[0.31859689950942993, -0.33581215143203735]",,,,,,,,,,3,250,750
622,ray_zoo,reward_line,reward-line,model_10.pt,5,2,2,3,down,1,up,4,"[0.5, 0.5]","[0.5, 0.5]",8.179096766980365e-06,0.9999459981918335,false,55.93478109998978,0.5535869598388672,0.5535869598388672,8.609325647354126,7.383491516113281,-7.333491325378418,0.0003267092979513109,0.5000994205474854,1,up,"[0.26238998770713806, 1.0]","[-0.23761001229286194, 0.5]",20891,20998,0,41889,false,false,false,false,no_successful_seed_or_zoo_point,,,
622,art_cw,reward_line,reward-line,model_10.pt,5,2,2,3,down,1,up,4,"[0.5, 0.5]","[0.5, 0.5]",8.179096766980365e-06,0.9999459981918335,false,10.667924199980916,0.0,0.0,11.763875007629395,11.763875007629395,-11.713874816894531,8.179096766980365e-06,0.9999459981918335,1,up,"[0.5, 0.5]","[0.0, 0.0]",,,,,,,,,,3,250,750
623,ray_zoo,reward_line,reward-line,model_10.pt,5,3,2,3,down,1,up,4,"[0.5, 0.5]","[0.5, 0.5]",0.18807843327522278,0.7743125557899475,true,55.7743877999892,0.04316601902246475,0.04316601902246475,0.0018633052241057158,0.0,0.050044476985931396,0.46236711740493774,0.43979761004447937,3,down,"[0.4674777090549469, 0.528383195400238]","[-0.0325222909450531, 0.028383195400238037]",20891,20998,16,41905,false,true,false,true,,,,
623,art_cw,reward_line,reward-line,model_10.pt,5,3,2,3,down,1,up,4,"[0.5, 0.5]","[0.5, 0.5]",0.18807843327522278,0.7743125557899475,true,9.034817299980205,0.0446266233921051,0.0446266233921051,0.001991535536944866,0.0,0.1921290159225464,0.4906773865222931,0.4049071669578552,3,down,"[0.469920814037323, 0.5329663157463074]","[-0.030079185962677002, 0.03296631574630737]",,,,,,,,,,3,250,750
624,ray_zoo,reward_line,reward-line,model_10.pt,5,3,2,0,right,1,up,4,"[0.5, 0.5]","[0.5, 0.5]",0.021170534193515778,0.7743125557899475,true,54.12400510002044,0.10628951340913773,0.10628951340913773,0.04518984258174896,0.0,0.05005991458892822,0.5049530267715454,2.7431451599113643e-06,0,right,"[0.4109039306640625, 0.5579599142074585]","[-0.0890960693359375, 0.057959914207458496]",20983,20998,16,41997,true,true,false,false,,,,
624,art_cw,reward_line,reward-line,model_10.pt,5,3,2,0,right,1,up,4,"[0.5, 0.5]","[0.5, 0.5]",0.021170534193515778,0.7743125557899475,true,12.430045000015525,0.10710632801055908,0.10710632801055908,0.011471765115857124,0.0,0.07505834102630615,0.511233389377594,2.2821845959697384e-06,0,right,"[0.4138546288013458, 0.5636454224586487]","[-0.08614537119865417, 0.06364542245864868]",,,,,,,,,,3,250,750
625,ray_zoo,reward_line,reward-line,model_10.pt,6,0,2,2,left,1,up,3,"[0.6000000238418579, 0.4000000059604645]","[0.6000000238418579, 0.4000000059604645]",0.16180256009101868,0.8381965160369873,true,55.46802510000998,0.09487476199865341,0.09487476199865341,0.05625762790441513,0.0,0.05000042915344238,0.5124969482421875,0.48750191926956177,2,left,"[0.6538899540901184, 0.3219161033630371]","[0.0538899302482605, -0.07808390259742737]",20983,20998,16,41997,true,true,true,false,,,,
625,art_cw,reward_line,reward-line,model_10.pt,6,0,2,2,left,1,up,3,"[0.6000000238418579, 0.4000000059604645]","[0.6000000238418579, 0.4000000059604645]",0.16180256009101868,0.8381965160369873,true,11.720200099982321,0.10509835928678513,0.10509835928678513,0.011045664548873901,0.0,0.16067099571228027,0.5400809049606323,0.45991790294647217,2,left,"[0.6701310276985168, 0.3217228949069977]","[0.07013100385665894, -0.0782771110534668]",,,,,,,,,,3,250,750
626,ray_zoo,reward_line,reward-line,model_10.pt,6,0,2,0,right,1,up,3,"[0.6000000238418579, 0.4000000059604645]","[0.6000000238418579, 0.4000000059604645]",9.16651288207504e-07,0.8381965160369873,true,54.63958019998972,0.8355158567428589,0.8355158567428589,1.9391298294067383,0.0,0.050003767013549805,0.51249760389328,0.48750096559524536,0,right,"[3.6597251892089844e-05, 0.9814900159835815]","[-0.5999634265899658, 0.5814900398254395]",20983,20998,16,41997,true,true,false,false,,,,
626,art_cw,reward_line,reward-line,model_10.pt,6,0,2,0,right,1,up,3,"[0.6000000238418579, 0.4000000059604645]","[0.6000000238418579, 0.4000000059604645]",9.16651288207504e-07,0.8381965160369873,false,10.47439819999272,0.0,0.0,13.776036262512207,13.776036262512207,-13.726036071777344,9.16651288207504e-07,0.8381965160369873,1,up,"[0.6000000238418579, 0.4000000059604645]","[0.0, 0.0]",,,,,,,,,,3,250,750
627,ray_zoo,reward_line,reward-line,model_10.pt,6,1,2,2,left,1,up,4,"[0.6000000238418579, 0.4000000059604645]","[0.6000000238418579, 0.4000000059604645]",0.24953484535217285,0.7504510879516602,true,55.116599300003145,0.04816287383437157,0.04816287383437157,0.014497891068458557,0.0,0.05002021789550781,0.5124952793121338,0.487490713596344,2,left,"[0.6318308115005493, 0.3638549745082855]","[0.031830787658691406, -0.036145031452178955]",20983,20998,16,41997,true,true,false,false,,,,
627,art_cw,reward_line,reward-line,model_10.pt,6,1,2,2,left,1,up,4,"[0.6000000238418579, 0.4000000059604645]","[0.6000000238418579, 0.4000000059604645]",0.24953484535217285,0.7504510879516602,true,10.990573099988978,0.05024600028991699,0.05024600028991699,0.0025246606674045324,0.0,0.09355664253234863,0.5233648419380188,0.47662124037742615,2,left,"[0.6346226930618286, 0.3635866641998291]","[0.0346226692199707, -0.036413341760635376]",,,,,,,,,,3,250,750
628,ray_zoo,reward_line,reward-line,model_10.pt,6,1,2,0,right,1,up,4,"[0.6000000238418579, 0.4000000059604645]","[0.6000000238418579, 0.4000000059604645]",1.4077015293878503e-05,0.7504510879516602,true,53.8645441000117,0.5587601065635681,0.5587601065635681,0.8672579526901245,0.0,0.05000162124633789,0.5124946236610413,0.4874991476535797,0,right,"[0.0796966552734375, 0.6037088632583618]","[-0.5203033685684204, 0.20370885729789734]",20983,20998,16,41997,true,true,false,false,,,,
628,art_cw,reward_line,reward-line,model_10.pt,6,1,2,0,right,1,up,4,"[0.6000000238418579, 0.4000000059604645]","[0.6000000238418579, 0.4000000059604645]",1.4077015293878503e-05,0.7504510879516602,false,10.811545800010208,0.0,0.0,10.933886528015137,10.933886528015137,-10.883886337280273,1.4077015293878503e-05,0.7504510879516602,1,up,"[0.6000000238418579, 0.4000000059604645]","[0.0, 0.0]",,,,,,,,,,3,250,750
629,ray_zoo,reward_line,reward-line,model_10.pt,6,2,2,2,left,1,up,4,"[0.6000000238418579, 0.4000000059604645]","[0.6000000238418579, 0.4000000059604645]",0.0017801072681322694,0.9982183575630188,true,53.17090309999185,0.26712700724601746,0.26712700724601746,0.44598016142845154,0.0,0.05002093315124512,0.5124983787536621,0.4874933362007141,2,left,"[0.6852591037750244, 0.14684447646141052]","[0.0852590799331665, -0.25315552949905396]",20983,20998,16,41997,true,true,false,false,,,,
629,art_cw,reward_line,reward-line,model_10.pt,6,2,2,2,left,1,up,4,"[0.6000000238418579, 0.4000000059604645]","[0.6000000238418579, 0.4000000059604645]",0.0017801072681322694,0.9982183575630188,true,10.716826699994272,0.32356759905815125,0.32356759905815125,0.10469599813222885,0.0,1.697277307510376,0.8451701402664185,0.15481960773468018,2,left,"[0.8014130592346191, 0.1467633843421936]","[0.20141303539276123, -0.2532366216182709]",,,,,,,,,,3,250,750
630,ray_zoo,reward_line,reward-line,model_10.pt,6,2,2,3,down,1,up,4,"[0.6000000238418579, 0.4000000059604645]","[0.6000000238418579, 0.4000000059604645]",1.2279839438633644e-06,0.9982183575630188,false,53.654767800006084,0.6000000238418579,0.6000000238418579,7.92136287689209,6.92136287689209,-6.871362686157227,0.0010267727775499225,0.008883215487003326,0,right,"[0.0, 0.4000000059604645]","[-0.6000000238418579, 0.0]",20891,20998,0,41889,false,false,false,false,no_successful_seed_or_zoo_point,,,
630,art_cw,reward_line,reward-line,model_10.pt,6,2,2,3,down,1,up,4,"[0.6000000238418579, 0.4000000059604645]","[0.6000000238418579, 0.4000000059604645]",1.2279839438633644e-06,0.9982183575630188,false,8.114716299984138,0.0,0.0,13.658353805541992,13.658353805541992,-13.608353614807129,1.2279839438633644e-06,0.9982183575630188,1,up,"[0.6000000238418579, 0.4000000059604645]","[0.0, 0.0]",,,,,,,,,,3,250,750
631,ray_zoo,reward_line,reward-line,model_10.pt,6,3,2,3,down,2,left,4,"[0.6000000238418579, 0.4000000059604645]","[0.6000000238418579, 0.4000000059604645]",0.2617586553096771,0.7252158522605896,true,53.721960300026694,0.05340266227722168,0.05340266227722168,0.002851844299584627,0.0,0.050035834312438965,0.4401635229587555,0.4186815023422241,3,down,"[0.563677191734314, 0.43914711475372314]","[-0.036322832107543945, 0.03914710879325867]",20891,20998,16,41905,false,true,false,true,,,,
631,art_cw,reward_line,reward-line,model_10.pt,6,3,2,3,down,2,left,4,"[0.6000000238418579, 0.4000000059604645]","[0.6000000238418579, 0.4000000059604645]",0.2617586553096771,0.7252158522605896,false,12.495589600002859,0.05158756300806999,0.05158756300806999,0.0421813502907753,0.03952007368206978,0.010479927062988281,0.4421311020851135,0.4375218152999878,3,down,"[0.5645202994346619, 0.43744951486587524]","[-0.035479724407196045, 0.03744950890541077]",,,,,,,,,,3,250,750
632,ray_zoo,reward_line,reward-line,model_10.pt,6,3,2,0,right,2,left,4,"[0.6000000238418579, 0.4000000059604645]","[0.6000000238418579, 0.4000000059604645]",0.01297867950052023,0.7252158522605896,true,50.07551230001263,0.24467523396015167,0.24467523396015167,0.16629435122013092,0.0,0.050107479095458984,0.5047764778137207,0.015113414265215397,0,right,"[0.39490360021591187, 0.5334219932556152]","[-0.20509642362594604, 0.13342198729515076]",20983,20998,16,41997,true,true,false,false,,,,
632,art_cw,reward_line,reward-line,model_10.pt,6,3,2,0,right,2,left,4,"[0.6000000238418579, 0.4000000059604645]","[0.6000000238418579, 0.4000000059604645]",0.01297867950052023,0.7252158522605896,false,9.081609199987724,0.0,0.0,4.073161602020264,4.073161602020264,-4.0231614112854,0.01297867950052023,0.7252158522605896,2,left,"[0.6000000238418579, 0.4000000059604645]","[0.0, 0.0]",,,,,,,,,,3,250,750
633,ray_zoo,reward_line,reward-line,model_10.pt,6,4,2,2,left,1,up,4,"[0.6000000238418579, 0.4000000059604645]","[0.6000000238418579, 0.4000000059604645]",0.14931954443454742,0.7651636004447937,true,53.208236000005854,0.06014103814959526,0.06014103814959526,0.022605905309319496,0.0,0.05002927780151367,0.46153032779693604,0.43900835514068604,2,left,"[0.6351127624511719, 0.35117337107658386]","[0.035112738609313965, -0.048826634883880615]",20983,20998,16,41997,true,true,false,true,,,,
633,art_cw,reward_line,reward-line,model_10.pt,6,4,2,2,left,1,up,4,"[0.6000000238418579, 0.4000000059604645]","[0.6000000238418579, 0.4000000059604645]",0.14931954443454742,0.7651636004447937,true,10.574810399994021,0.07138682156801224,0.07138682156801224,0.005096077919006348,0.0,1.3137547969818115,0.6885970830917358,0.1851009875535965,2,left,"[0.6468832492828369, 0.34616655111312866]","[0.046883225440979004, -0.053833454847335815]",,,,,,,,,,3,250,750
634,ray_zoo,reward_line,reward-line,model_10.pt,6,4,2,3,down,1,up,4,"[0.6000000238418579, 0.4000000059604645]","[0.6000000238418579, 0.4000000059604645]",0.07143544405698776,0.7651636004447937,true,55.20574080001097,0.08365220576524734,0.08365220576524734,0.01943803019821644,0.0,0.05000317096710205,0.4116252362728119,0.3915488123893738,3,down,"[0.5421753525733948, 0.46044832468032837]","[-0.057824671268463135, 0.06044831871986389]",20891,20998,16,41905,true,true,true,true,,,,
634,art_cw,reward_line,reward-line,model_10.pt,6,4,2,3,down,1,up,4,"[0.6000000238418579, 0.4000000059604645]","[0.6000000238418579, 0.4000000059604645]",0.07143544405698776,0.7651636004447937,true,10.153278400015552,0.11481675505638123,0.11481675505638123,0.013182887807488441,0.0,1.2536675930023193,0.6763768792152405,0.0011982955038547516,3,down,"[0.5153021216392517, 0.4775187373161316]","[-0.0846979022026062, 0.07751873135566711]",,,,,,,,,,3,250,750
635,ray_zoo,reward_line,reward-line,model_10.pt,7,0,2,1,up,2,left,3,"[0.699999988079071, 0.30000001192092896]","[0.699999988079071, 0.30000001192092896]",0.3726249635219574,0.6273737549781799,true,54.112485499994364,0.05296746641397476,0.05296746641397476,0.005725618451833725,0.0,0.05000638961791992,0.5124984383583069,0.48750045895576477,1,up,"[0.6683886647224426, 0.34250032901763916]","[-0.03161132335662842, 0.042500317096710205]",20983,20998,16,41997,true,true,false,false,,,,
635,art_cw,reward_line,reward-line,model_10.pt,7,0,2,1,up,2,left,3,"[0.699999988079071, 0.30000001192092896]","[0.699999988079071, 0.30000001192092896]",0.3726249635219574,0.6273737549781799,false,9.962715900008334,0.050440870225429535,0.050440870225429535,0.034032033290714025,0.03148775175213814,0.018512248992919922,0.5046274065971375,0.495371550321579,1,up,"[0.672520101070404, 0.3422982096672058]","[-0.027479887008666992, 0.042298197746276855]",,,,,,,,,,3,250,750
636,ray_zoo,reward_line,reward-line,model_10.pt,7,0,2,0,right,2,left,3,"[0.699999988079071, 0.30000001192092896]","[0.699999988079071, 0.30000001192092896]",1.2989791002837592e-06,0.6273737549781799,true,51.4757901999983,0.9769226312637329,0.9769226312637329,1.9477097988128662,0.0,0.05000185966491699,0.5124971270561218,1.4524785001412965e-06,0,right,"[4.273653030395508e-05, 0.9814966320991516]","[-0.6999572515487671, 0.6814966201782227]",20983,20998,16,41997,true,true,false,false,,,,
636,art_cw,reward_line,reward-line,model_10.pt,7,0,2,0,right,2,left,3,"[0.699999988079071, 0.30000001192092896]","[0.699999988079071, 0.30000001192092896]",1.2989791002837592e-06,0.6273737549781799,false,11.471560200006934,0.0,0.0,13.13771915435791,13.13771915435791,-13.087718963623047,1.2989791002837592e-06,0.6273737549781799,2,left,"[0.699999988079071, 0.30000001192092896]","[0.0, 0.0]",,,,,,,,,,3,250,750
637,ray_zoo,reward_line,reward-line,model_10.pt,7,1,2,2,left,1,up,3,"[0.699999988079071, 0.30000001192092896]","[0.699999988079071, 0.30000001192092896]",0.2802983224391937,0.7196984887123108,true,54.5688925999857,0.279532253742218,0.279532253742218,0.8682030439376831,0.0,0.05001235008239746,0.5124974250793457,0.48749661445617676,2,left,"[0.7733153700828552, 0.030253589153289795]","[0.07331538200378418, -0.26974642276763916]",20983,20998,16,41997,true,true,false,false,,,,
637,art_cw,reward_line,reward-line,model_10.pt,7,1,2,2,left,1,up,3,"[0.699999988079071, 0.30000001192092896]","[0.699999988079071, 0.30000001192092896]",0.2802983224391937,0.7196984887123108,false,10.26390389999142,0.0,0.0,0.9929779171943665,0.9929779171943665,-0.9429779052734375,0.2802983224391937,0.7196984887123108,1,up,"[0.699999988079071, 0.30000001192092896]","[0.0, 0.0]",,,,,,,,,,3,250,750
638,ray_zoo,reward_line,reward-line,model_10.pt,7,1,2,0,right,1,up,3,"[0.699999988079071, 0.30000001192092896]","[0.699999988079071, 0.30000001192092896]",3.1741137718199752e-06,0.7196984887123108,false,53.307114700000966,0.9899494647979736,0.9899494647979736,1.8505787253379822,0.8705787658691406,-0.8205787539482117,0.30564063787460327,0.694358766078949,1,up,"[0.0, 1.0]","[-0.699999988079071, 0.699999988079071]",20891,20998,0,41889,false,false,false,false,no_successful_seed_or_zoo_point,,,
638,art_cw,reward_line,reward-line,model_10.pt,7,1,2,0,right,1,up,3,"[0.699999988079071, 0.30000001192092896]","[0.699999988079071, 0.30000001192092896]",3.1741137718199752e-06,0.7196984887123108,false,12.943078799988143,0.0,0.0,12.381559371948242,12.381559371948242,-12.331559181213379,3.1741137718199752e-06,0.7196984887123108,1,up,"[0.699999988079071, 0.30000001192092896]","[0.0, 0.0]",,,,,,,,,,3,250,750
639,ray_zoo,reward_line,reward-line,model_10.pt,7,2,2,1,up,2,left,4,"[0.699999988079071, 0.30000001192092896]","[0.699999988079071, 0.30000001192092896]",0.29245713353157043,0.7075406908988953,true,53.941439299989725,0.07061570882797241,0.07061570882797241,0.01017669029533863,0.0,0.050029754638671875,0.5125038623809814,0.48749420046806335,1,up,"[0.6559065580368042, 0.3551574945449829]","[-0.044093430042266846, 0.055157482624053955]",20983,20998,16,41997,true,true,false,false,,,,
639,art_cw,reward_line,reward-line,model_10.pt,7,2,2,1,up,2,left,4,"[0.699999988079071, 0.30000001192092896]","[0.699999988079071, 0.30000001192092896]",0.29245713353157043,0.7075406908988953,false,9.412724900001194,0.07015389949083328,0.07015389949083328,0.018251124303787947,0.013329554349184036,0.03667044639587402,0.5091655850410461,0.49083244800567627,1,up,"[0.6624734401702881, 0.35927334427833557]","[-0.03752654790878296, 0.059273332357406616]",,,,,,,,,,3,250,750
640,ray_zoo,reward_line,reward-line,model_10.pt,7,2,2,0,right,2,left,4,"[0.699999988079071, 0.30000001192092896]","[0.699999988079071, 0.30000001192092896]",2.1818759705638513e-06,0.7075406908988953,true,45.577484800014645,0.8293775916099548,0.8293775916099548,1.4038106203079224,0.0,0.0500032901763916,0.5124951004981995,5.685255928256083e-06,0,right,"[0.0, 0.7448226809501648]","[-0.699999988079071, 0.44482266902923584]",20983,20998,16,41997,true,true,true,false,,,,
640,art_cw,reward_line,reward-line,model_10.pt,7,2,2,0,right,2,left,4,"[0.699999988079071, 0.30000001192092896]","[0.699999988079071, 0.30000001192092896]",2.1818759705638513e-06,0.7075406908988953,false,8.012139499973273,0.0,0.0,12.739365577697754,12.739365577697754,-12.68936538696289,2.1818759705638513e-06,0.7075406908988953,2,left,"[0.699999988079071, 0.30000001192092896]","[0.0, 0.0]",,,,,,,,,,3,250,750
641,ray_zoo,reward_line,reward-line,model_10.pt,7,3,2,2,left,1,up,4,"[0.699999988079071, 0.30000001192092896]","[0.699999988079071, 0.30000001192092896]",0.05835042521357536,0.941634476184845,true,47.44694960000925,0.30019643902778625,0.30019643902778625,1.001309871673584,0.0,0.050002336502075195,0.5124905109405518,0.48749494552612305,2,left,"[0.7787036895751953, 0.010304272174835205]","[0.07870370149612427, -0.28969573974609375]",20983,20998,16,41997,true,true,false,false,,,,
641,art_cw,reward_line,reward-line,model_10.pt,7,3,2,2,left,1,up,4,"[0.699999988079071, 0.30000001192092896]","[0.699999988079071, 0.30000001192092896]",0.05835042521357536,0.941634476184845,true,8.983065699983854,0.3204007148742676,0.3204007148742676,0.10265662521123886,0.0,0.1727616786956787,0.5430750250816345,0.456909716129303,2,left,"[0.8489696383476257, 0.016337066888809204]","[0.1489696502685547, -0.28366294503211975]",,,,,,,,,,3,250,750
642,ray_zoo,reward_line,reward-line,model_10.pt,7,3,2,0,right,1,up,4,"[0.699999988079071, 0.30000001192092896]","[0.699999988079071, 0.30000001192092896]",1.5152011656027753e-05,0.941634476184845,true,44.996030200010864,0.7245447635650635,0.7245447635650635,1.0713573694229126,0.0,0.05006670951843262,0.5124717950820923,0.4874457120895386,0,right,"[0.0364227294921875, 0.590912938117981]","[-0.6635772585868835, 0.290912926197052]",20983,20998,16,41997,true,true,false,false,,,,
642,art_cw,reward_line,reward-line,model_10.pt,7,3,2,0,right,1,up,4,"[0.699999988079071, 0.30000001192092896]","[0.699999988079071, 0.30000001192092896]",1.5152011656027753e-05,0.941634476184845,false,7.284843999979785,0.0,0.0,11.087239265441895,11.087239265441895,-11.037239074707031,1.5152011656027753e-05,0.941634476184845,1,up,"[0.699999988079071, 0.30000001192092896]","[0.0, 0.0]",,,,,,,,,,3,250,750
643,ray_zoo,reward_line,reward-line,model_10.pt,7,4,2,2,left,1,up,4,"[0.699999988079071, 0.30000001192092896]","[0.699999988079071, 0.30000001192092896]",0.05716908350586891,0.9427979588508606,true,53.698913899977924,0.11532451957464218,0.11532451957464218,0.14777493476867676,0.0,0.05002737045288086,0.512480616569519,0.48747333884239197,2,left,"[0.7402968406677246, 0.1919448971748352]","[0.040296852588653564, -0.10805511474609375]",20983,20998,16,41997,true,true,false,false,,,,
643,art_cw,reward_line,reward-line,model_10.pt,7,4,2,2,left,1,up,4,"[0.699999988079071, 0.30000001192092896]","[0.699999988079071, 0.30000001192092896]",0.05716908350586891,0.9427979588508606,true,8.521035799989477,0.11951114237308502,0.11951114237308502,0.014282913878560066,0.0,0.11454033851623535,0.5285797119140625,0.47137463092803955,2,left,"[0.7559068202972412, 0.19437170028686523]","[0.055906832218170166, -0.10562831163406372]",,,,,,,,,,3,250,750
644,ray_zoo,reward_line,reward-line,model_10.pt,7,4,2,0,right,1,up,4,"[0.699999988079071, 0.30000001192092896]","[0.699999988079071, 0.30000001192092896]",2.572706580394879e-05,0.9427979588508606,true,54.73870759998681,0.4183741807937622,0.4183741807937622,0.35721832513809204,0.0,0.05034559965133667,0.5124382376670837,0.48727789521217346,0,right,"[0.341348260641098, 0.5154203176498413]","[-0.358651727437973, 0.21542030572891235]",20983,20998,16,41997,true,true,false,false,,,,
644,art_cw,reward_line,reward-line,model_10.pt,7,4,2,0,right,1,up,4,"[0.699999988079071, 0.30000001192092896]","[0.699999988079071, 0.30000001192092896]",2.572706580394879e-05,0.9427979588508606,false,11.129948300018441,0.0,0.0,10.559063911437988,10.559063911437988,-10.509063720703125,2.572706580394879e-05,0.9427979588508606,1,up,"[0.699999988079071, 0.30000001192092896]","[0.0, 0.0]",,,,,,,,,,3,250,750
645,ray_zoo,reward_line,reward-line,model_10.pt,7,5,2,2,left,1,up,4,"[0.699999988079071, 0.30000001192092896]","[0.699999988079071, 0.30000001192092896]",0.16375255584716797,0.6696367859840393,true,54.7711469999922,0.05380282178521156,0.05380282178521156,0.03216381371021271,0.0,0.05001956224441528,0.42017170786857605,0.39967185258865356,2,left,"[0.7195620536804199, 0.24987946450710297]","[0.019562065601348877, -0.05012054741382599]",20983,20998,16,41997,true,true,false,false,,,,
645,art_cw,reward_line,reward-line,model_10.pt,7,5,2,2,left,1,up,4,"[0.699999988079071, 0.30000001192092896]","[0.699999988079071, 0.30000001192092896]",0.16375255584716797,0.6696367859840393,true,9.92712420001044,0.13147523999214172,0.13147523999214172,0.01728573814034462,0.0,1.4710490703582764,0.7556883692741394,0.05265868827700615,2,left,"[0.8236530423164368, 0.2553271949291229]","[0.12365305423736572, -0.04467281699180603]",,,,,,,,,,3,250,750
646,ray_zoo,reward_line,reward-line,model_10.pt,7,5,2,0,right,1,up,4,"[0.699999988079071, 0.30000001192092896]","[0.699999988079071, 0.30000001192092896]",0.15369103848934174,0.6696367859840393,true,55.18639690001146,0.06934770196676254,0.06934770196676254,0.009814497083425522,0.0,0.050003767013549805,0.34754425287246704,0.330593079328537,0,right,"[0.6613394618034363, 0.35757142305374146]","[-0.038660526275634766, 0.0575714111328125]",20983,20998,16,41997,true,true,false,false,,,,
646,art_cw,reward_line,reward-line,model_10.pt,7,5,2,0,right,1,up,4,"[0.699999988079071, 0.30000001192092896]","[0.699999988079071, 0.30000001192092896]",0.15369103848934174,0.6696367859840393,true,9.655979300005129,0.07425245642662048,0.07425245642662048,0.005513427779078484,0.0,0.26298385858535767,0.39800846576690674,0.2396892011165619,0,right,"[0.6691046357154846, 0.36751967668533325]","[-0.030895352363586426, 0.0675196647644043]",,,,,,,,,,3,250,750
647,ray_zoo,reward_line,reward-line,model_10.pt,8,0,2,1,up,2,left,3,"[0.800000011920929, 0.20000000298023224]","[0.800000011920929, 0.20000000298023224]",0.1765178143978119,0.8234804272651672,true,54.02890760000446,0.19301946461200714,0.19301946461200714,0.058213308453559875,0.0,0.050022125244140625,0.5125023722648621,0.487496554851532,1,up,"[0.6826146245002747, 0.35322266817092896]","[-0.1173853874206543, 0.15322266519069672]",20983,20998,16,41997,true,true,false,false,,,,
647,art_cw,reward_line,reward-line,model_10.pt,8,0,2,1,up,2,left,3,"[0.800000011920929, 0.20000000298023224]","[0.800000011920929, 0.20000000298023224]",0.1765178143978119,0.8234804272651672,true,12.141281399992295,0.21730946004390717,0.21730946004390717,0.047223400324583054,0.0,0.23158740997314453,0.557638943195343,0.4423601031303406,1,up,"[0.7201909422874451, 0.40212351083755493]","[-0.07980906963348389, 0.2021235078573227]",,,,,,,,,,3,250,750
648,ray_zoo,reward_line,reward-line,model_10.pt,8,0,2,0,right,2,left,3,"[0.800000011920929, 0.20000000298023224]","[0.800000011920929, 0.20000000298023224]",1.7897333464134135e-06,0.8234804272651672,true,54.80559830000857,1.1183242797851562,1.1183242797851562,1.954139232635498,0.0,0.050002098083496094,0.5124971866607666,1.4525218148264685e-06,0,right,"[2.4437904357910156e-05, 0.9814653992652893]","[-0.799975574016571, 0.7814654111862183]",20983,20998,16,41997,true,true,false,false,,,,
648,art_cw,reward_line,reward-line,model_10.pt,8,0,2,0,right,2,left,3,"[0.800000011920929, 0.20000000298023224]","[0.800000011920929, 0.20000000298023224]",1.7897333464134135e-06,0.8234804272651672,false,11.051079500000924,0.0,0.0,13.089228630065918,13.089228630065918,-13.039228439331055,1.7897333464134135e-06,0.8234804272651672,2,left,"[0.800000011920929, 0.20000000298023224]","[0.0, 0.0]",,,,,,,,,,3,250,750
649,ray_zoo,reward_line,reward-line,model_10.pt,8,1,2,2,left,1,up,3,"[0.800000011920929, 0.20000000298023224]","[0.800000011920929, 0.20000000298023224]",0.41289281845092773,0.5871014595031738,true,55.60475610001595,0.15767161548137665,0.15767161548137665,0.6215084791183472,0.0,0.0500028133392334,0.5124948620796204,0.48749881982803345,2,left,"[0.8388129472732544, 0.047180190682411194]","[0.03881293535232544, -0.15281981229782104]",20983,20998,16,41997,true,true,false,false,,,,
649,art_cw,reward_line,reward-line,model_10.pt,8,1,2,2,left,1,up,3,"[0.800000011920929, 0.20000000298023224]","[0.800000011920929, 0.20000000298023224]",0.41289281845092773,0.5871014595031738,false,9.896489900012966,0.0,0.0,0.4020095467567444,0.4020095467567444,-0.35200953483581543,0.41289281845092773,0.5871014595031738,1,up,"[0.800000011920929, 0.20000000298023224]","[0.0, 0.0]",,,,,,,,,,3,250,750
650,ray_zoo,reward_line,reward-line,model_10.pt,8,1,2,0,right,1,up,3,"[0.800000011920929, 0.20000000298023224]","[0.800000011920929, 0.20000000298023224]",5.754029643867398e-06,0.5871014595031738,false,54.35027620001347,1.1313709020614624,1.1313709020614624,2.1505788564682007,0.8705787658691406,-0.8205787539482117,0.30564063787460327,0.694358766078949,1,up,"[0.0, 1.0]","[-0.800000011920929, 0.800000011920929]",20891,20998,0,41889,false,false,false,false,no_successful_seed_or_zoo_point,,,
650,art_cw,reward_line,reward-line,model_10.pt,8,1,2,0,right,1,up,3,"[0.800000011920929, 0.20000000298023224]","[0.800000011920929, 0.20000000298023224]",5.754029643867398e-06,0.5871014595031738,false,10.414626599987969,0.0,0.0,11.583052635192871,11.583052635192871,-11.533052444458008,5.754029643867398e-06,0.5871014595031738,1,up,"[0.800000011920929, 0.20000000298023224]","[0.0, 0.0]",,,,,,,,,,3,250,750
651,ray_zoo,reward_line,reward-line,model_10.pt,8,2,2,1,up,2,left,4,"[0.800000011920929, 0.20000000298023224]","[0.800000011920929, 0.20000000298023224]",0.1495177000761032,0.8504791855812073,true,53.35901160002686,0.21125482022762299,0.21125482022762299,0.0697321891784668,0.0,0.05002856254577637,0.5125035643577576,0.4874945282936096,1,up,"[0.6673054099082947, 0.3643798828125]","[-0.13269460201263428, 0.16437987983226776]",20983,20998,16,41997,true,true,false,false,,,,
651,art_cw,reward_line,reward-line,model_10.pt,8,2,2,1,up,2,left,4,"[0.800000011920929, 0.20000000298023224]","[0.800000011920929, 0.20000000298023224]",0.1495177000761032,0.8504791855812073,true,10.82383460001438,0.30580049753189087,0.30580049753189087,0.09351393580436707,0.0,1.6269135475158691,0.8357452154159546,0.1642533838748932,1,up,"[0.6691719889640808, 0.47640180587768555]","[-0.13082802295684814, 0.2764018177986145]",,,,,,,,,,3,250,750
652,ray_zoo,reward_line,reward-line,model_10.pt,8,2,2,0,right,2,left,4,"[0.800000011920929, 0.20000000298023224]","[0.800000011920929, 0.20000000298023224]",3.129834340143134e-06,0.8504791855812073,true,53.6960848000017,0.9679010510444641,0.9679010510444641,1.4638006687164307,0.0,0.05001401901245117,0.5124977231025696,5.685263658961048e-06,0,right,"[0.0, 0.7448232769966125]","[-0.800000011920929, 0.5448232889175415]",20983,20998,16,41997,true,true,true,false,,,,
652,art_cw,reward_line,reward-line,model_10.pt,8,2,2,0,right,2,left,4,"[0.800000011920929, 0.20000000298023224]","[0.800000011920929, 0.20000000298023224]",3.129834340143134e-06,0.8504791855812073,false,10.474727199994959,0.0,0.0,12.562575340270996,12.562575340270996,-12.512575149536133,3.129834340143134e-06,0.8504791855812073,2,left,"[0.800000011920929, 0.20000000298023224]","[0.0, 0.0]",,,,,,,,,,3,250,750
653,ray_zoo,reward_line,reward-line,model_10.pt,8,3,2,2,left,1,up,4,"[0.800000011920929, 0.20000000298023224]","[0.800000011920929, 0.20000000298023224]",0.21301168203353882,0.7869652509689331,true,54.037928100005956,0.17815299332141876,0.17815299332141876,0.7934622168540955,0.0,0.0500035285949707,0.5124903321266174,0.48749417066574097,2,left,"[0.8435630798339844, 0.02725525200366974]","[0.04356306791305542, -0.1727447509765625]",20983,20998,16,41997,true,true,false,false,,,,
653,art_cw,reward_line,reward-line,model_10.pt,8,3,2,2,left,1,up,4,"[0.800000011920929, 0.20000000298023224]","[0.800000011920929, 0.20000000298023224]",0.21301168203353882,0.7869652509689331,false,10.210093400004553,0.17906717956066132,0.17906717956066132,0.05380673334002495,0.021741677075624466,0.028258323669433594,0.507055938243866,0.49292799830436707,2,left,"[0.8744975328445435, 0.03716519474983215]","[0.0744975209236145, -0.16283480823040009]",,,,,,,,,,3,250,750
654,ray_zoo,reward_line,reward-line,model_10.pt,8,3,2,0,right,1,up,4,"[0.800000011920929, 0.20000000298023224]","[0.800000011920929, 0.20000000298023224]",2.3102093109628186e-05,0.7869652509689331,true,55.68512959999498,0.8567012548446655,0.8567012548446655,1.1467766761779785,0.0,0.050069570541381836,0.5124641060829163,0.48743700981140137,0,right,"[0.022326648235321045, 0.5593900680541992]","[-0.7776733636856079, 0.3593900799751282]",20983,20998,16,41997,true,true,false,false,,,,
654,art_cw,reward_line,reward-line,model_10.pt,8,3,2,0,right,1,up,4,"[0.800000011920929, 0.20000000298023224]","[0.800000011920929, 0.20000000298023224]",2.3102093109628186e-05,0.7869652509689331,false,9.028472400008468,0.0,0.0,10.486016273498535,10.486016273498535,-10.436016082763672,2.3102093109628186e-05,0.7869652509689331,1,up,"[0.800000011920929, 0.20000000298023224]","[0.0, 0.0]",,,,,,,,,,3,250,750
655,ray_zoo,reward_line,reward-line,model_10.pt,8,4,2,1,up,2,left,4,"[0.800000011920929, 0.20000000298023224]","[0.800000011920929, 0.20000000298023224]",0.4301377534866333,0.5698184967041016,true,55.63770950000617,0.01889638788998127,0.01889638788998127,0.0005579272983595729,0.0,0.05000424385070801,0.5124735236167908,0.4874778091907501,1,up,"[0.7965395450592041, 0.2185768336057663]","[-0.0034604668617248535, 0.018576830625534058]",20983,20998,16,41997,true,true,false,true,,,,
655,art_cw,reward_line,reward-line,model_10.pt,8,4,2,1,up,2,left,4,"[0.800000011920929, 0.20000000298023224]","[0.800000011920929, 0.20000000298023224]",0.4301377534866333,0.5698184967041016,true,11.753505100001348,0.023287242278456688,0.023287242278456688,0.0005422956310212612,0.0,0.13849091529846191,0.5345410704612732,0.4654094874858856,1,up,"[0.7925124764442444, 0.22205068171024323]","[-0.00748753547668457, 0.022050678730010986]",,,,,,,,,,3,250,750
656,ray_zoo,reward_line,reward-line,model_10.pt,8,4,2,0,right,2,left,4,"[0.800000011920929, 0.20000000298023224]","[0.800000011920929, 0.20000000298023224]",2.227894037787337e-05,0.5698184967041016,true,54.794492900022306,0.55575031042099,0.55575031042099,0.48259127140045166,0.0,0.05011165142059326,0.5123623609542847,0.00021435317466966808,0,right,"[0.3243774473667145, 0.4874745011329651]","[-0.4756225645542145, 0.28747451305389404]",20983,20998,16,41997,true,true,false,false,,,,
656,art_cw,reward_line,reward-line,model_10.pt,8,4,2,0,right,2,left,4,"[0.800000011920929, 0.20000000298023224]","[0.800000011920929, 0.20000000298023224]",2.227894037787337e-05,0.5698184967041016,false,12.149417900014669,0.0,0.0,10.199431419372559,10.199431419372559,-10.149431228637695,2.227894037787337e-05,0.5698184967041016,2,left,"[0.800000011920929, 0.20000000298023224]","[0.0, 0.0]",,,,,,,,,,3,250,750
657,ray_zoo,reward_line,reward-line,model_10.pt,8,5,2,2,left,1,up,4,"[0.800000011920929, 0.20000000298023224]","[0.800000011920929, 0.20000000298023224]",0.0028057193849235773,0.9966378211975098,true,54.288137900002766,0.24462270736694336,0.24462270736694336,1.496006965637207,0.0,0.050016164779663086,0.5124595165252686,0.4874587059020996,2,left,"[0.9408684968948364, 9.149312973022461e-06]","[0.14086848497390747, -0.19999085366725922]",20983,20998,16,41997,true,true,false,false,,,,
657,art_cw,reward_line,reward-line,model_10.pt,8,5,2,2,left,1,up,4,"[0.800000011920929, 0.20000000298023224]","[0.800000011920929, 0.20000000298023224]",0.0028057193849235773,0.9966378211975098,true,9.159868499991717,0.2471516728401184,0.2471516728401184,0.061083950102329254,0.0,0.06441307067871094,0.5160557627677917,0.483862966299057,2,left,"[0.9452331066131592, 2.1755695343017578e-05]","[0.14523309469223022, -0.19997824728488922]",,,,,,,,,,3,250,750
658,ray_zoo,reward_line,reward-line,model_10.pt,8,5,2,0,right,1,up,4,"[0.800000011920929, 0.20000000298023224]","[0.800000011920929, 0.20000000298023224]",0.0005541781429201365,0.9966378211975098,true,55.64555099999416,0.4212435483932495,0.4212435483932495,0.27725955843925476,0.0,0.05009037256240845,0.5124828815460205,0.48744475841522217,0,right,"[0.4975341856479645, 0.49319028854370117]","[-0.3024658262729645, 0.2931903004646301]",20983,20998,16,41997,true,true,false,false,,,,
658,art_cw,reward_line,reward-line,model_10.pt,8,5,2,0,right,1,up,4,"[0.800000011920929, 0.20000000298023224]","[0.800000011920929, 0.20000000298023224]",0.0005541781429201365,0.9966378211975098,false,8.76048489997629,0.0,0.0,7.544656753540039,7.544656753540039,-7.494656562805176,0.0005541781429201365,0.9966378211975098,1,up,"[0.800000011920929, 0.20000000298023224]","[0.0, 0.0]",,,,,,,,,,3,250,750
659,ray_zoo,reward_line,reward-line,model_10.pt,8,6,2,0,right,1,up,4,"[0.800000011920929, 0.20000000298023224]","[0.800000011920929, 0.20000000298023224]",0.17441941797733307,0.6483779549598694,true,55.74263079999946,0.06965072453022003,0.06965072453022003,0.007580036297440529,0.0,0.050128936767578125,0.4362407624721527,0.41491153836250305,0,right,"[0.7761886119842529, 0.26545411348342896]","[-0.023811399936676025, 0.06545411050319672]",20983,20998,16,41997,true,true,false,false,,,,
659,art_cw,reward_line,reward-line,model_10.pt,8,6,2,0,right,1,up,4,"[0.800000011920929, 0.20000000298023224]","[0.800000011920929, 0.20000000298023224]",0.17441941797733307,0.6483779549598694,false,9.6805457000155,0.0,0.0,1.3630108833312988,1.3630108833312988,-1.3130109310150146,0.17441941797733307,0.6483779549598694,1,up,"[0.800000011920929, 0.20000000298023224]","[0.0, 0.0]",,,,,,,,,,3,250,750
660,ray_zoo,reward_line,reward-line,model_10.pt,8,6,2,2,left,1,up,4,"[0.800000011920929, 0.20000000298023224]","[0.800000011920929, 0.20000000298023224]",0.16044320166110992,0.6483779549598694,true,53.82870830001775,0.03523211553692818,0.03523211553692818,0.031032545492053032,0.0,0.05005347728729248,0.37744539976119995,0.3590179681777954,2,left,"[0.8082358837127686, 0.16574402153491974]","[0.0082358717918396, -0.0342559814453125]",20983,20998,16,41997,true,true,false,false,,,,
660,art_cw,reward_line,reward-line,model_10.pt,8,6,2,2,left,1,up,4,"[0.800000011920929, 0.20000000298023224]","[0.800000011920929, 0.20000000298023224]",0.16044320166110992,0.6483779549598694,true,9.966884699999355,0.039666201919317245,0.039666201919317245,0.0015734076732769608,0.0,0.438568651676178,0.433134526014328,0.2793539762496948,2,left,"[0.8107179999351501, 0.1618092656135559]","[0.010717988014221191, -0.03819073736667633]",,,,,,,,,,3,250,750
661,ray_zoo,reward_line,reward-line,model_10.pt,9,0,2,1,up,2,left,3,"[0.8999999761581421, 0.10000000149011612]","[0.8999999761581421, 0.10000000149011612]",0.06273159384727478,0.9372667074203491,true,54.33240320000914,0.3334338366985321,0.3334338366985321,0.1372569501399994,0.0,0.05002880096435547,0.5125040411949158,0.48749488592147827,1,up,"[0.6947029829025269, 0.3627380132675171]","[-0.20529699325561523, 0.26273801922798157]",20983,20998,16,41997,true,true,false,false,,,,
661,art_cw,reward_line,reward-line,model_10.pt,9,0,2,1,up,2,left,3,"[0.8999999761581421, 0.10000000149011612]","[0.8999999761581421, 0.10000000149011612]",0.06273159384727478,0.9372667074203491,true,13.767689600004815,0.39774999022483826,0.39774999022483826,0.158205047249794,0.0,0.09038734436035156,0.5225809812545776,0.47741812467575073,1,up,"[0.8508392572402954, 0.49470022320747375]","[-0.04916071891784668, 0.39470022916793823]",,,,,,,,,,3,250,750
662,ray_zoo,reward_line,reward-line,model_10.pt,9,0,2,0,right,2,left,3,"[0.8999999761581421, 0.10000000149011612]","[0.8999999761581421, 0.10000000149011612]",1.7708218820189359e-06,0.9372667074203491,true,51.290282100002514,1.259743571281433,1.259743571281433,1.959202527999878,0.0,0.050000667572021484,0.5124967694282532,1.4524871403409634e-06,0,right,"[4.118680953979492e-05, 0.9814919829368591]","[-0.8999587893486023, 0.8814919590950012]",20983,20998,16,41997,true,true,false,false,,,,
662,art_cw,reward_line,reward-line,model_10.pt,9,0,2,0,right,2,left,3,"[0.8999999761581421, 0.10000000149011612]","[0.8999999761581421, 0.10000000149011612]",1.7708218820189359e-06,0.9372667074203491,false,10.656132900010562,0.0,0.0,13.229279518127441,13.229279518127441,-13.179279327392578,1.7708218820189359e-06,0.9372667074203491,2,left,"[0.8999999761581421, 0.10000000149011612]","[0.0, 0.0]",,,,,,,,,,3,250,750
663,ray_zoo,reward_line,reward-line,model_10.pt,9,1,2,2,left,1,up,3,"[0.8999999761581421, 0.10000000149011612]","[0.8999999761581421, 0.10000000149011612]",0.4474320113658905,0.5525608658790588,true,54.03077310000663,0.03692047670483589,0.03692047670483589,0.13631214201450348,0.0,0.050000905990600586,0.5124941468238831,0.48749908804893494,2,left,"[0.9085272550582886, 0.06407776474952698]","[0.008527278900146484, -0.03592223674058914]",20983,20998,16,41997,true,true,false,false,,,,
663,art_cw,reward_line,reward-line,model_10.pt,9,1,2,2,left,1,up,3,"[0.8999999761581421, 0.10000000149011612]","[0.8999999761581421, 0.10000000149011612]",0.4474320113658905,0.5525608658790588,false,10.56667249999009,0.031693655997514725,0.031693655997514725,0.04481728794053197,0.04381280019879341,0.0061872005462646484,0.501543402671814,0.49844983220100403,2,left,"[0.909043550491333, 0.06962399929761887]","[0.009043574333190918, -0.030376002192497253]",,,,,,,,,,3,250,750
664,ray_zoo,reward_line,reward-line,model_10.pt,9,1,2,0,right,1,up,3,"[0.8999999761581421, 0.10000000149011612]","[0.8999999761581421, 0.10000000149011612]",7.0854703153599985e-06,0.5525608658790588,false,56.39770099997986,1.2727922201156616,1.2727922201156616,2.4905786514282227,0.8705787658691406,-0.8205787539482117,0.30564063787460327,0.694358766078949,1,up,"[0.0, 1.0]","[-0.8999999761581421, 0.8999999761581421]",20891,20998,0,41889,false,false,false,false,no_successful_seed_or_zoo_point,,,
664,art_cw,reward_line,reward-line,model_10.pt,9,1,2,0,right,1,up,3,"[0.8999999761581421, 0.10000000149011612]","[0.8999999761581421, 0.10000000149011612]",7.0854703153599985e-06,0.5525608658790588,false,8.788775199995143,0.0,0.0,11.3142728805542,11.3142728805542,-11.264272689819336,7.0854703153599985e-06,0.5525608658790588,1,up,"[0.8999999761581421, 0.10000000149011612]","[0.0, 0.0]",,,,,,,,,,3,250,750
665,ray_zoo,reward_line,reward-line,model_10.pt,9,2,2,1,up,2,left,4,"[0.8999999761581421, 0.10000000149011612]","[0.8999999761581421, 0.10000000149011612]",0.07832971215248108,0.9216667413711548,true,44.95249769999646,0.35199102759361267,0.35199102759361267,0.15296010673046112,0.0,0.05002427101135254,0.5125024914741516,0.4874956011772156,1,up,"[0.6754339933395386, 0.3710494339466095]","[-0.22456598281860352, 0.271049439907074]",20983,20998,16,41997,true,true,true,false,,,,
665,art_cw,reward_line,reward-line,model_10.pt,9,2,2,1,up,2,left,4,"[0.8999999761581421, 0.10000000149011612]","[0.8999999761581421, 0.10000000149011612]",0.07832971215248108,0.9216667413711548,false,8.618891699996311,0.4132572412490845,0.4132572412490845,0.19262908771634102,0.02184753492474556,0.0281524658203125,0.5070368647575378,0.492961585521698,1,up,"[0.8439726829528809, 0.5094416737556458]","[-0.05602729320526123, 0.40944167971611023]",,,,,,,,,,3,250,750
666,ray_zoo,reward_line,reward-line,model_10.pt,9,2,2,0,right,2,left,4,"[0.8999999761581421, 0.10000000149011612]","[0.8999999761581421, 0.10000000149011612]",3.509350563035696e-06,0.9216667413711548,true,50.014593600004446,1.1071568727493286,1.1071568727493286,1.5133287906646729,0.0,0.05000448226928711,0.5124953389167786,5.685253654519329e-06,0,right,"[0.0, 0.7448227405548096]","[-0.8999999761581421, 0.6448227167129517]",20983,20998,16,41997,true,true,true,false,,,,
666,art_cw,reward_line,reward-line,model_10.pt,9,2,2,0,right,2,left,4,"[0.8999999761581421, 0.10000000149011612]","[0.8999999761581421, 0.10000000149011612]",3.509350563035696e-06,0.9216667413711548,false,9.42046609998215,0.0,0.0,12.528508186340332,12.528508186340332,-12.478507995605469,3.509350563035696e-06,0.9216667413711548,2,left,"[0.8999999761581421, 0.10000000149011612]","[0.0, 0.0]",,,,,,,,,,3,250,750
667,ray_zoo,reward_line,reward-line,model_10.pt,9,3,2,2,left,1,up,4,"[0.8999999761581421, 0.10000000149011612]","[0.8999999761581421, 0.10000000149011612]",0.412201851606369,0.5877819061279297,true,46.1510156999866,0.057346194982528687,0.057346194982528687,0.3288586139678955,0.0,0.05000424385070801,0.5124899744987488,0.48749345541000366,2,left,"[0.9127482175827026, 0.04408874735236168]","[0.012748241424560547, -0.05591125413775444]",20983,20998,16,41997,true,true,false,false,,,,
667,art_cw,reward_line,reward-line,model_10.pt,9,3,2,2,left,1,up,4,"[0.8999999761581421, 0.10000000149011612]","[0.8999999761581421, 0.10000000149011612]",0.412201851606369,0.5877819061279297,false,7.931373500003247,0.05572681128978729,0.05572681128978729,0.02292430866509676,0.019818831235170364,0.030181169509887695,0.5075362324714661,0.49244704842567444,2,left,"[0.9178924560546875, 0.047223713248968124]","[0.01789247989654541, -0.052776288241147995]",,,,,,,,,,3,250,750
668,ray_zoo,reward_line,reward-line,model_10.pt,9,3,2,0,right,1,up,4,"[0.8999999761581421, 0.10000000149011612]","[0.8999999761581421, 0.10000000149011612]",1.6218864402617328e-05,0.5877819061279297,true,52.63891490001697,0.9899020791053772,0.9899020791053772,1.2097606658935547,0.0,0.05038583278656006,0.5125336050987244,0.4873490035533905,0,right,"[0.01006627082824707, 0.5335021615028381]","[-0.889933705329895, 0.4335021674633026]",20983,20998,16,41997,true,true,false,false,,,,
668,art_cw,reward_line,reward-line,model_10.pt,9,3,2,0,right,1,up,4,"[0.8999999761581421, 0.10000000149011612]","[0.8999999761581421, 0.10000000149011612]",1.6218864402617328e-05,0.5877819061279297,false,8.542852699989453,0.0,0.0,10.54793643951416,10.54793643951416,-10.497936248779297,1.6218864402617328e-05,0.5877819061279297,1,up,"[0.8999999761581421, 0.10000000149011612]","[0.0, 0.0]",,,,,,,,,,3,250,750
669,ray_zoo,reward_line,reward-line,model_10.pt,9,4,2,1,up,2,left,4,"[0.8999999761581421, 0.10000000149011612]","[0.8999999761581421, 0.10000000149011612]",0.0672575905919075,0.932733416557312,true,48.877580500004115,0.1465783715248108,0.1465783715248108,0.02652495913207531,0.0,0.05007648468017578,0.5124911069869995,0.48745933175086975,1,up,"[0.8498478531837463, 0.23773154616355896]","[-0.05015212297439575, 0.13773155212402344]",20983,20998,16,41997,true,true,true,true,,,,
669,art_cw,reward_line,reward-line,model_10.pt,9,4,2,1,up,2,left,4,"[0.8999999761581421, 0.10000000149011612]","[0.8999999761581421, 0.10000000149011612]",0.0672575905919075,0.932733416557312,true,6.760989999980666,0.188661590218544,0.188661590218544,0.035593196749687195,0.0,0.7107102870941162,0.6705262064933777,0.32942622900009155,1,up,"[0.8744984269142151, 0.286930114030838]","[-0.025501549243927002, 0.1869301199913025]",,,,,,,,,,3,250,750
670,ray_zoo,reward_line,reward-line,model_10.pt,9,4,2,0,right,2,left,4,"[0.8999999761581421, 0.10000000149011612]","[0.8999999761581421, 0.10000000149011612]",8.071197953540832e-06,0.932733416557312,true,44.23969059999217,0.6935243010520935,0.6935243010520935,0.593797504901886,0.0,0.05019581317901611,0.5123724341392517,0.00022737556719221175,0,right,"[0.31549984216690063, 0.47327670454978943]","[-0.5845001339912415, 0.3732767105102539]",20983,20998,16,41997,true,true,false,false,,,,
670,art_cw,reward_line,reward-line,model_10.pt,9,4,2,0,right,2,left,4,"[0.8999999761581421, 0.10000000149011612]","[0.8999999761581421, 0.10000000149011612]",8.071197953540832e-06,0.932733416557312,false,8.694836200011196,0.0,0.0,11.707572937011719,11.707572937011719,-11.657572746276855,8.071197953540832e-06,0.932733416557312,2,left,"[0.8999999761581421, 0.10000000149011612]","[0.0, 0.0]",,,,,,,,,,3,250,750
671,ray_zoo,reward_line,reward-line,model_10.pt,9,5,2,2,left,1,up,4,"[0.8999999761581421, 0.10000000149011612]","[0.8999999761581421, 0.10000000149011612]",0.12222202867269516,0.8774572610855103,true,44.807842599984724,0.10801234841346741,0.10801234841346741,1.1666666269302368,0.0,0.0500035285949707,0.5124563574790955,0.4874618649482727,2,left,"[0.9408248066902161, 0.0]","[0.040824830532073975, -0.10000000149011612]",20983,20998,16,41997,true,true,false,false,,,,
671,art_cw,reward_line,reward-line,model_10.pt,9,5,2,2,left,1,up,4,"[0.8999999761581421, 0.10000000149011612]","[0.8999999761581421, 0.10000000149011612]",0.12222202867269516,0.8774572610855103,false,7.763908900000388,0.10725997388362885,0.10725997388362885,0.04986343905329704,0.03835873678326607,0.011641263961791992,0.5028678178787231,0.4970477223396301,2,left,"[0.9486224055290222, 0.004393719136714935]","[0.04862242937088013, -0.09560628235340118]",,,,,,,,,,3,250,750
672,ray_zoo,reward_line,reward-line,model_10.pt,9,5,2,0,right,1,up,4,"[0.8999999761581421, 0.10000000149011612]","[0.8999999761581421, 0.10000000149011612]",0.0003003859310410917,0.8774572610855103,true,46.288876800012076,0.5626426339149475,0.5626426339149475,0.3908231556415558,0.0,0.05014079809188843,0.5124955773353577,0.4874322712421417,0,right,"[0.49600523710250854, 0.49160563945770264]","[-0.40399473905563354, 0.3916056454181671]",20983,20998,16,41997,true,true,false,false,,,,
672,art_cw,reward_line,reward-line,model_10.pt,9,5,2,0,right,1,up,4,"[0.8999999761581421, 0.10000000149011612]","[0.8999999761581421, 0.10000000149011612]",0.0003003859310410917,0.8774572610855103,false,8.79378869998618,0.0,0.0,8.029715538024902,8.029715538024902,-7.979715347290039,0.0003003859310410917,0.8774572610855103,1,up,"[0.8999999761581421, 0.10000000149011612]","[0.0, 0.0]",,,,,,,,,,3,250,750
673,ray_zoo,reward_line,reward-line,model_10.pt,9,6,2,0,right,2,left,4,"[0.8999999761581421, 0.10000000149011612]","[0.8999999761581421, 0.10000000149011612]",0.08481334894895554,0.912474513053894,true,47.869892599992454,0.19778093695640564,0.19778093695640564,0.048292964696884155,0.0,0.050008416175842285,0.43754884600639343,0.1027800440788269,0,right,"[0.8328694105148315, 0.2860397398471832]","[-0.06713056564331055, 0.1860397458076477]",20983,20998,16,41997,true,true,false,false,,,,
673,art_cw,reward_line,reward-line,model_10.pt,9,6,2,0,right,2,left,4,"[0.8999999761581421, 0.10000000149011612]","[0.8999999761581421, 0.10000000149011612]",0.08481334894895554,0.912474513053894,true,6.474690899980487,0.23412001132965088,0.23412001132965088,0.05481218174099922,0.0,2.006582736968994,0.7966645956039429,0.1071094200015068,0,right,"[0.8700157403945923, 0.33219200372695923]","[-0.029984235763549805, 0.2321920096874237]",,,,,,,,,,3,250,750
674,ray_zoo,reward_line,reward-line,model_10.pt,9,6,2,3,down,2,left,4,"[0.8999999761581421, 0.10000000149011612]","[0.8999999761581421, 0.10000000149011612]",0.0027039526030421257,0.912474513053894,false,46.99673620000249,0.2828426957130432,0.2828426957130432,3.0562642365694046,2.976264238357544,-2.9262642860412598,0.048214688897132874,0.052139099687337875,0,right,"[0.699999988079071, 0.30000001192092896]","[-0.19999998807907104, 0.20000001788139343]",20891,20998,0,41889,false,false,false,false,no_successful_seed_or_zoo_point,,,
674,art_cw,reward_line,reward-line,model_10.pt,9,6,2,3,down,2,left,4,"[0.8999999761581421, 0.10000000149011612]","[0.8999999761581421, 0.10000000149011612]",0.0027039526030421257,0.912474513053894,false,6.698118400003295,0.0,0.0,5.871445655822754,5.871445655822754,-5.821445465087891,0.0027039526030421257,0.912474513053894,2,left,"[0.8999999761581421, 0.10000000149011612]","[0.0, 0.0]",,,,,,,,,,3,250,750
675,ray_zoo,reward_line,reward-line,model_10.pt,9,7,2,2,left,1,up,4,"[0.8999999761581421, 0.10000000149011612]","[0.8999999761581421, 0.10000000149011612]",0.1813471019268036,0.6564190983772278,true,49.69273660000181,0.026124192401766777,0.026124192401766777,0.06824734061956406,0.0,0.05000901222229004,0.39985114336013794,0.38034671545028687,2,left,"[0.9049940705299377, 0.07435760647058487]","[0.004994094371795654, -0.02564239501953125]",20983,20998,16,41997,true,true,false,false,,,,
675,art_cw,reward_line,reward-line,model_10.pt,9,7,2,2,left,1,up,4,"[0.8999999761581421, 0.10000000149011612]","[0.8999999761581421, 0.10000000149011612]",0.1813471019268036,0.6564190983772278,true,5.825143699999899,0.03426812216639519,0.03426812216639519,0.0011743041686713696,0.0,0.8159643411636353,0.528110146522522,0.2335369884967804,2,left,"[0.9072946310043335, 0.06651728600263596]","[0.007294654846191406, -0.033482715487480164]",,,,,,,,,,3,250,750
676,ray_zoo,reward_line,reward-line,model_10.pt,9,7,2,0,right,1,up,4,"[0.8999999761581421, 0.10000000149011612]","[0.8999999761581421, 0.10000000149011612]",0.14294318854808807,0.6564190983772278,true,48.909260400017956,0.06505443155765533,0.06505443155765533,0.005224789492785931,0.0,0.05008506774902344,0.42015835642814636,0.39963299036026,0,right,"[0.8861173987388611, 0.16355590522289276]","[-0.013882577419281006, 0.06355590373277664]",20983,20998,16,41997,true,true,false,false,,,,
676,art_cw,reward_line,reward-line,model_10.pt,9,7,2,0,right,1,up,4,"[0.8999999761581421, 0.10000000149011612]","[0.8999999761581421, 0.10000000149011612]",0.14294318854808807,0.6564190983772278,false,9.342270199995255,0.06550811231136322,0.06550811231136322,0.019197826739400625,0.014906514436006546,0.035093486309051514,0.4173866808414459,0.40299317240715027,0,right,"[0.8953320384025574, 0.1653415858745575]","[-0.004667937755584717, 0.06534158438444138]",,,,,,,,,,3,250,750
677,ray_zoo,reward_line,reward-line,model_10.pt,10,0,2,1,up,2,left,3,"[1.0, 0.0]","[1.0, 0.0]",0.0018985394854098558,0.9980995059013367,true,48.45143290000851,0.47385960817337036,0.47385960817337036,0.22454291582107544,0.0,0.05003213882446289,0.5125048756599426,0.4874940514564514,1,up,"[0.7068611979484558, 0.37230706214904785]","[-0.2931388020515442, 0.37230706214904785]",20983,20998,16,41997,true,true,true,false,,,,
677,art_cw,reward_line,reward-line,model_10.pt,10,0,2,1,up,2,left,3,"[1.0, 0.0]","[1.0, 0.0]",0.0018985394854098558,0.9980995059013367,true,7.548457099997904,0.6413482427597046,0.6413482427597046,0.4113275706768036,0.0,0.42660021781921387,0.6050611138343811,0.39493823051452637,1,up,"[0.9883449077606201, 0.6412423253059387]","[-0.011655092239379883, 0.6412423253059387]",,,,,,,,,,3,250,750
678,ray_zoo,reward_line,reward-line,model_10.pt,10,0,2,0,right,2,left,3,"[1.0, 0.0]","[1.0, 0.0]",1.9829121811199e-06,0.9980995059013367,true,49.05628160000197,1.4011975526809692,1.4011975526809692,1.9633547067642212,0.0,0.050017595291137695,0.512501060962677,1.452341507501842e-06,0,right,"[7.62939453125e-05, 0.9815840721130371]","[-0.9999237060546875, 0.9815840721130371]",20983,20998,16,41997,true,true,false,false,,,,
678,art_cw,reward_line,reward-line,model_10.pt,10,0,2,0,right,2,left,3,"[1.0, 0.0]","[1.0, 0.0]",1.9829121811199e-06,0.9980995059013367,false,7.432868700008839,0.0,0.0,13.179041862487793,13.179041862487793,-13.12904167175293,1.9829121811199e-06,0.9980995059013367,2,left,"[1.0, 0.0]","[0.0, 0.0]",,,,,,,,,,3,250,750
679,ray_zoo,reward_line,reward-line,model_10.pt,10,1,2,1,up,2,left,3,"[1.0, 0.0]","[1.0, 0.0]",0.3433508574962616,0.6566426157951355,true,48.518265300022904,0.09771160036325455,0.09771160036325455,0.00954755675047636,0.0,0.0500035285949707,0.5124945640563965,0.4874981641769409,1,up,"[0.9768307209014893, 0.0949249267578125]","[-0.023169279098510742, 0.0949249267578125]",20983,20998,16,41997,true,true,false,false,,,,
679,art_cw,reward_line,reward-line,model_10.pt,10,1,2,1,up,2,left,3,"[1.0, 0.0]","[1.0, 0.0]",0.3433508574962616,0.6566426157951355,false,8.483591600001091,0.09718536585569382,0.09718536585569382,0.022147031500935555,0.012702036648988724,0.037297964096069336,0.5093196630477905,0.4906729459762573,1,up,"[0.9928560256958008, 0.09692243486642838]","[-0.007143974304199219, 0.09692243486642838]",,,,,,,,,,3,250,750
680,ray_zoo,reward_line,reward-line,model_10.pt,10,1,2,0,right,2,left,3,"[1.0, 0.0]","[1.0, 0.0]",6.501046755147399e-06,0.6566426157951355,false,51.82606729998952,1.4142135381698608,1.4142135381698608,2.8705787658691406,0.8705787658691406,-0.8205787539482117,0.30564063787460327,5.645477472171478e-07,1,up,"[0.0, 1.0]","[-1.0, 1.0]",20891,20998,0,41889,false,false,false,false,no_successful_seed_or_zoo_point,,,
680,art_cw,reward_line,reward-line,model_10.pt,10,1,2,0,right,2,left,3,"[1.0, 0.0]","[1.0, 0.0]",6.501046755147399e-06,0.6566426157951355,false,10.700554499984719,0.0,0.0,11.572932243347168,11.572932243347168,-11.522932052612305,6.501046755147399e-06,0.6566426157951355,2,left,"[1.0, 0.0]","[0.0, 0.0]",,,,,,,,,,3,250,750
681,ray_zoo,reward_line,reward-line,model_10.pt,10,2,2,2,left,1,up,3,"[1.0, 0.0]","[1.0, 0.0]",0.05548974871635437,0.9445090293884277,false,47.35872639997979,0.0,0.0,2.8844668865203857,2.8844668865203857,-2.8344669342041016,0.05548974871635437,0.9445090293884277,1,up,"[1.0, 0.0]","[0.0, 0.0]",20891,20998,0,41889,false,false,false,false,no_successful_seed_or_zoo_point,,,
681,art_cw,reward_line,reward-line,model_10.pt,10,2,2,2,left,1,up,3,"[1.0, 0.0]","[1.0, 0.0]",0.05548974871635437,0.9445090293884277,false,9.503880299977027,0.0,0.0,2.8844668865203857,2.8844668865203857,-2.8344669342041016,0.05548974871635437,0.9445090293884277,1,up,"[1.0, 0.0]","[0.0, 0.0]",,,,,,,,,,3,250,750
682,ray_zoo,reward_line,reward-line,model_10.pt,10,2,2,0,right,1,up,3,"[1.0, 0.0]","[1.0, 0.0]",1.1924018963327399e-06,0.9445090293884277,false,48.985886899987236,1.4142134189605713,1.4142134189605713,3.4044904708862305,1.4044907093048096,-1.3544907569885254,0.20513713359832764,0.7948628664016724,1,up,"[5.960464477539063e-08, 0.9999999403953552]","[-0.9999999403953552, 0.9999999403953552]",20891,20998,0,41889,false,false,false,false,no_successful_seed_or_zoo_point,,,
682,art_cw,reward_line,reward-line,model_10.pt,10,2,2,0,right,1,up,3,"[1.0, 0.0]","[1.0, 0.0]",1.1924018963327399e-06,0.9445090293884277,false,8.642607100016903,0.0,0.0,13.632451057434082,13.632451057434082,-13.582450866699219,1.1924018963327399e-06,0.9445090293884277,1,up,"[1.0, 0.0]","[0.0, 0.0]",,,,,,,,,,3,250,750
683,ray_zoo,reward_line,reward-line,model_10.pt,10,3,2,1,up,2,left,4,"[1.0, 0.0]","[1.0, 0.0]",0.34838247299194336,0.6516025066375732,true,47.542407900007674,0.07221552729606628,0.07221552729606628,0.0052150823175907135,0.0,0.05000758171081543,0.5124899744987488,0.4874918758869171,1,up,"[0.983993649482727, 0.0704193115234375]","[-0.01600635051727295, 0.0704193115234375]",20983,20998,16,41997,true,true,false,false,,,,
683,art_cw,reward_line,reward-line,model_10.pt,10,3,2,1,up,2,left,4,"[1.0, 0.0]","[1.0, 0.0]",0.34838247299194336,0.6516025066375732,true,6.919409800000722,0.16485311090946198,0.16485311090946198,0.027176545932888985,0.0,0.5936018824577332,0.6441774964332581,0.3558012545108795,1,up,"[0.9919193983078003, 0.164654940366745]","[-0.008080601692199707, 0.164654940366745]",,,,,,,,,,3,250,750
684,ray_zoo,reward_line,reward-line,model_10.pt,10,3,2,0,right,2,left,4,"[1.0, 0.0]","[1.0, 0.0]",1.4979038496676367e-05,0.6516025066375732,true,48.06466410000576,1.1242620944976807,1.1242620944976807,1.263965129852295,0.0,0.05000174045562744,0.5124301314353943,3.7673885344702285e-06,0,right,"[0.0020458102226257324, 0.5177379250526428]","[-0.9979541897773743, 0.5177379250526428]",20983,20998,16,41997,true,true,true,false,,,,
684,art_cw,reward_line,reward-line,model_10.pt,10,3,2,0,right,2,left,4,"[1.0, 0.0]","[1.0, 0.0]",1.4979038496676367e-05,0.6516025066375732,false,8.097816099994816,0.0,0.0,10.730538368225098,10.730538368225098,-10.680538177490234,1.4979038496676367e-05,0.6516025066375732,2,left,"[1.0, 0.0]","[0.0, 0.0]",,,,,,,,,,3,250,750
685,ray_zoo,reward_line,reward-line,model_10.pt,10,4,2,2,left,1,up,4,"[1.0, 0.0]","[1.0, 0.0]",0.22883351147174835,0.7711631059646606,false,49.42856710002525,0.0,0.0,1.2649052143096924,1.2649052143096924,-1.2149052619934082,0.22883351147174835,0.7711631059646606,1,up,"[1.0, 0.0]","[0.0, 0.0]",20891,20998,0,41889,false,false,false,false,no_successful_seed_or_zoo_point,,,
685,art_cw,reward_line,reward-line,model_10.pt,10,4,2,2,left,1,up,4,"[1.0, 0.0]","[1.0, 0.0]",0.22883351147174835,0.7711631059646606,false,10.756206599995494,0.0,0.0,1.2649052143096924,1.2649052143096924,-1.2149052619934082,0.22883351147174835,0.7711631059646606,1,up,"[1.0, 0.0]","[0.0, 0.0]",,,,,,,,,,3,250,750
686,ray_zoo,reward_line,reward-line,model_10.pt,10,4,2,0,right,1,up,4,"[1.0, 0.0]","[1.0, 0.0]",3.4070017136400566e-06,0.7711631059646606,false,46.77745289998711,1.4142135381698608,1.4142135381698608,2.3104103207588196,0.3104103207588196,-0.2604103088378906,0.4352628290653229,0.5647371411323547,1,up,"[0.0, 1.0]","[-1.0, 1.0]",20891,20998,0,41889,false,false,false,false,no_successful_seed_or_zoo_point,,,
686,art_cw,reward_line,reward-line,model_10.pt,10,4,2,0,right,1,up,4,"[1.0, 0.0]","[1.0, 0.0]",3.4070017136400566e-06,0.7711631059646606,false,12.076159400021425,0.0,0.0,12.379822731018066,12.379822731018066,-12.329822540283203,3.4070017136400566e-06,0.7711631059646606,1,up,"[1.0, 0.0]","[0.0, 0.0]",,,,,,,,,,3,250,750
687,ray_zoo,reward_line,reward-line,model_10.pt,10,5,2,1,up,2,left,4,"[1.0, 0.0]","[1.0, 0.0]",0.4359751045703888,0.5639492273330688,true,54.38112609999371,0.018520303070545197,0.018520303070545197,0.00034300159313715994,0.0,0.05000472068786621,0.5124515891075134,0.48745670914649963,1,up,"[0.9993505477905273, 0.0185089111328125]","[-0.0006494522094726562, 0.0185089111328125]",20983,20998,16,41997,true,true,false,false,,,,
687,art_cw,reward_line,reward-line,model_10.pt,10,5,2,1,up,2,left,4,"[1.0, 0.0]","[1.0, 0.0]",0.4359751045703888,0.5639492273330688,false,9.328389000002062,0.016725895926356316,0.016725895926356316,0.027890582801774144,0.02761082723736763,0.02238917350769043,0.5055516362190247,0.49435847997665405,1,up,"[0.9982157945632935, 0.01663045957684517]","[-0.001784205436706543, 0.01663045957684517]",,,,,,,,,,3,250,750
688,ray_zoo,reward_line,reward-line,model_10.pt,10,5,2,0,right,2,left,4,"[1.0, 0.0]","[1.0, 0.0]",7.469474076060578e-05,0.5639492273330688,true,54.66520700001274,0.7040393352508545,0.7040393352508545,0.4956713914871216,0.0,0.05011594295501709,0.5124896168708801,7.158575317589566e-05,0,right,"[0.49407958984375, 0.48960793018341064]","[-0.50592041015625, 0.48960793018341064]",20983,20998,16,41997,true,true,false,false,,,,
688,art_cw,reward_line,reward-line,model_10.pt,10,5,2,0,right,2,left,4,"[1.0, 0.0]","[1.0, 0.0]",7.469474076060578e-05,0.5639492273330688,true,12.193320399994263,1.0013089179992676,1.0013089179992676,1.0026196241378784,0.0,0.2724384665489197,0.5676419138908386,8.714916475582868e-05,0,right,"[0.9488179087638855, 1.0]","[-0.0511820912361145, 1.0]",,,,,,,,,,3,250,750
689,ray_zoo,reward_line,reward-line,model_10.pt,10,6,2,2,left,1,up,4,"[1.0, 0.0]","[1.0, 0.0]",0.3487730920314789,0.6511945128440857,false,55.578110799979186,0.0,0.0,0.6743868589401245,0.6743868589401245,-0.6243868470191956,0.3487730920314789,0.6511945128440857,1,up,"[1.0, 0.0]","[0.0, 0.0]",20891,20998,0,41889,false,false,false,false,no_successful_seed_or_zoo_point,,,
689,art_cw,reward_line,reward-line,model_10.pt,10,6,2,2,left,1,up,4,"[1.0, 0.0]","[1.0, 0.0]",0.3487730920314789,0.6511945128440857,false,11.246500499983085,0.0,0.0,0.6743868589401245,0.6743868589401245,-0.6243868470191956,0.3487730920314789,0.6511945128440857,1,up,"[1.0, 0.0]","[0.0, 0.0]",,,,,,,,,,3,250,750
690,ray_zoo,reward_line,reward-line,model_10.pt,10,6,2,0,right,1,up,4,"[1.0, 0.0]","[1.0, 0.0]",3.238652789150365e-05,0.6511945128440857,true,37.65223909998895,0.8408702611923218,0.8408702611923218,0.707062840461731,0.0,0.050942301750183105,0.5127328038215637,0.4872671663761139,0,right,"[0.2999573349952698, 0.46583589911460876]","[-0.7000426650047302, 0.46583589911460876]",20983,20998,16,41997,true,true,false,false,,,,
690,art_cw,reward_line,reward-line,model_10.pt,10,6,2,0,right,1,up,4,"[1.0, 0.0]","[1.0, 0.0]",3.238652789150365e-05,0.6511945128440857,false,11.563453299982939,0.0,0.0,9.958821296691895,9.958821296691895,-9.908821105957031,3.238652789150365e-05,0.6511945128440857,1,up,"[1.0, 0.0]","[0.0, 0.0]",,,,,,,,,,3,250,750
691,ray_zoo,reward_line,reward-line,model_10.pt,10,7,2,0,right,2,left,4,"[1.0, 0.0]","[1.0, 0.0]",0.03090539760887623,0.9689770936965942,true,32.8265028000169,0.18401730060577393,0.18401730060577393,0.033862367272377014,0.0,0.05004382133483887,0.42075473070144653,0.06509947776794434,0,right,"[0.9630398154258728, 0.180267333984375]","[-0.0369601845741272, 0.180267333984375]",20983,20998,16,41997,true,true,false,false,,,,
691,art_cw,reward_line,reward-line,model_10.pt,10,7,2,0,right,2,left,4,"[1.0, 0.0]","[1.0, 0.0]",0.03090539760887623,0.9689770936965942,true,8.176021299994318,0.1962202787399292,0.1962202787399292,0.03850239887833595,0.0,1.2713879346847534,0.6166276335716248,0.0638410821557045,0,right,"[0.9937156438827515, 0.19611962139606476]","[-0.006284356117248535, 0.19611962139606476]",,,,,,,,,,3,250,750
692,ray_zoo,reward_line,reward-line,model_10.pt,10,7,2,3,down,2,left,4,"[1.0, 0.0]","[1.0, 0.0]",0.00011526281741680577,0.9689770936965942,false,29.950364100019215,1.0,1.0,3.2125070095062256,2.2125070095062256,-2.1625070571899414,0.08428559452295303,0.18302775919437408,0,right,"[0.0, 0.0]","[-1.0, 0.0]",20891,20998,0,41889,false,false,false,false,no_successful_seed_or_zoo_point,,,
692,art_cw,reward_line,reward-line,model_10.pt,10,7,2,3,down,2,left,4,"[1.0, 0.0]","[1.0, 0.0]",0.00011526281741680577,0.9689770936965942,false,10.668011900008423,0.0,0.0,9.08678150177002,9.08678150177002,-9.036781311035156,0.00011526281741680577,0.9689770936965942,2,left,"[1.0, 0.0]","[0.0, 0.0]",,,,,,,,,,3,250,750
693,ray_zoo,reward_line,reward-line,model_10.pt,10,8,2,0,right,1,up,3,"[1.0, 0.0]","[1.0, 0.0]",0.04347623139619827,0.9565237164497375,true,55.09395370000857,0.05607252195477486,0.05607252195477486,0.003144127782434225,0.0,0.050159573554992676,0.5125371217727661,0.48746258020401,0,right,"[0.99061119556427, 0.055280901491642]","[-0.00938880443572998, 0.055280901491642]",20983,20998,16,41997,true,true,false,true,,,,
693,art_cw,reward_line,reward-line,model_10.pt,10,8,2,0,right,1,up,3,"[1.0, 0.0]","[1.0, 0.0]",0.04347623139619827,0.9565237164497375,true,13.259485100017628,0.07043836265802383,0.07043836265802383,0.004961562808603048,0.0,1.8139011859893799,0.8598322868347168,0.140167236328125,0,right,"[0.9967401027679443, 0.070362888276577]","[-0.003259897232055664, 0.070362888276577]",,,,,,,,,,3,250,750
694,ray_zoo,reward_line,reward-line,model_10.pt,10,8,2,3,down,1,up,3,"[1.0, 0.0]","[1.0, 0.0]",2.1756831003472143e-08,0.9565237164497375,false,55.8221240999992,1.0,1.0,10.596821784973145,9.596821784973145,-9.546821594238281,7.142282993299887e-05,6.115996380867212e-20,0,right,"[0.0, 0.0]","[-1.0, 0.0]",20891,20998,0,41889,false,false,false,false,no_successful_seed_or_zoo_point,,,
694,art_cw,reward_line,reward-line,model_10.pt,10,8,2,3,down,1,up,3,"[1.0, 0.0]","[1.0, 0.0]",2.1756831003472143e-08,0.9565237164497375,false,11.39760810000007,0.0,0.0,17.648887634277344,17.648887634277344,-17.598888397216797,2.1756831003472143e-08,0.9565237164497375,1,up,"[1.0, 0.0]","[0.0, 0.0]",,,,,,,,,,3,250,750
695,ray_zoo,ft,fruit-tree-v0,model_10.pt,0,0,6,1,right,0,left,2,"[0.008881770074367523, 0.18279963731765747, 6.913948059082031, 2.7997679710388184, 1.5072212219238281, 6.484860420227051]","[0.008881770074367523, 0.18279963731765747, 6.913948059082031, 2.7997679710388184, 1.5072212219238281, 6.484860420227051]",3.15627781960711e-18,1.0,true,63.723795800004154,0.16164708137512207,1.5245634317398071,0.027124859392642975,0.0,0.051570892333984375,0.5128898620605469,0.4871101677417755,1,right,"[1.488584280014038, 0.18279963731765747, 6.551723480224609, 2.811309814453125, 1.5658223628997803, 6.484860420227051]","[1.4797024726867676, 0.0, -0.3622245788574219, 0.01154184341430664, 0.05860114097595215, 0.0]",20983,20998,16,41997,true,true,true,true,,,,
695,art_cw,ft,fruit-tree-v0,model_10.pt,0,0,6,1,right,0,left,2,"[0.008881770074367523, 0.18279963731765747, 6.913948059082031, 2.7997679710388184, 1.5072212219238281, 6.484860420227051]","[0.008881770074367523, 0.18279963731765747, 6.913948059082031, 2.7997679710388184, 1.5072212219238281, 6.484860420227051]",3.15627781960711e-18,1.0,true,14.420892699999968,0.13614968955516815,1.2559272050857544,0.01853673905134201,0.0,3.2145309448242188,0.9613775014877319,0.038622546941041946,1,right,"[0.00890500470995903, 0.16695329546928406, 6.656461715698242, 2.380236864089966, 2.6550064086914062, 6.616714954376221]","[2.3234635591506958e-05, -0.015846341848373413, -0.25748634338378906, -0.41953110694885254, 1.1477851867675781, 0.13185453414916992]",,,,,,,,,,3,250,750
696,ray_zoo,ft,fruit-tree-v0,model_10.pt,0,1,6,0,left,1,right,2,"[0.008881770074367523, 0.18279963731765747, 6.913948059082031, 2.7997679710388184, 1.5072212219238281, 6.484860420227051]","[0.008881770074367523, 0.18279963731765747, 6.913948059082031, 2.7997679710388184, 1.5072212219238281, 6.484860420227051]",1.7055045375968803e-08,1.0,true,66.73413769999752,0.06651121377944946,0.5839593410491943,0.004613865166902542,0.0,0.050243377685546875,0.5125582218170166,0.4874418079853058,0,left,"[0.008881770074367523, 0.7667589783668518, 6.913948059082031, 2.7997679710388184, 1.5072212219238281, 6.484860420227051]","[0.0, 0.5839593410491943, 0.0, 0.0, 0.0, 0.0]",20983,20998,16,41997,true,true,true,false,,,,
696,art_cw,ft,fruit-tree-v0,model_10.pt,0,1,6,0,left,1,right,2,"[0.008881770074367523, 0.18279963731765747, 6.913948059082031, 2.7997679710388184, 1.5072212219238281, 6.484860420227051]","[0.008881770074367523, 0.18279963731765747, 6.913948059082031, 2.7997679710388184, 1.5072212219238281, 6.484860420227051]",1.7055045375968803e-08,1.0,true,10.500448999984656,0.06683041900396347,0.6206404566764832,0.0044663045555353165,0.0,3.8499526977539062,0.9791626930236816,0.02083730883896351,0,left,"[0.00885593518614769, 0.1970873326063156, 6.903321266174316, 2.9562439918518066, 1.0903053283691406, 6.052918434143066]","[-2.5834888219833374e-05, 0.014287695288658142, -0.010626792907714844, 0.15647602081298828, -0.4169158935546875, -0.4319419860839844]",,,,,,,,,,3,250,750
697,ray_zoo,ft,fruit-tree-v0,model_10.pt,0,2,6,1,right,0,left,2,"[0.008881770074367523, 0.18279963731765747, 6.913948059082031, 2.7997679710388184, 1.5072212219238281, 6.484860420227051]","[0.008881770074367523, 0.18279963731765747, 6.913948059082031, 2.7997679710388184, 1.5072212219238281, 6.484860420227051]",4.533686137619952e-08,1.0,true,52.25791740001296,0.06044083088636398,0.5740243196487427,0.0036599361337721348,0.0,0.05027008056640625,0.5125648975372314,0.48743513226509094,1,right,"[0.5829060673713684, 0.18279963731765747, 6.913948059082031, 2.7997679710388184, 1.5072212219238281, 6.484860420227051]","[0.5740243196487427, 0.0, 0.0, 0.0, 0.0, 0.0]",20983,20998,16,41997,true,true,false,true,,,,
697,art_cw,ft,fruit-tree-v0,model_10.pt,0,2,6,1,right,0,left,2,"[0.008881770074367523, 0.18279963731765747, 6.913948059082031, 2.7997679710388184, 1.5072212219238281, 6.484860420227051]","[0.008881770074367523, 0.18279963731765747, 6.913948059082031, 2.7997679710388184, 1.5072212219238281, 6.484860420227051]",4.533686137619952e-08,1.0,true,8.495595100015635,0.12715783715248108,1.1714645624160767,0.016169114038348198,0.0,16.945388793945312,1.0,4.372311934730533e-08,1,right,"[0.009111208841204643, 0.1560809314250946, 6.88393497467041, 3.589277982711792, 2.3591020107269287, 6.337593078613281]","[0.00022943876683712006, -0.026718705892562866, -0.030013084411621094, 0.7895100116729736, 0.8518807888031006, -0.14726734161376953]",,,,,,,,,,3,250,750
698,ray_zoo,ft,fruit-tree-v0,model_10.pt,0,3,6,0,left,1,right,2,"[0.008881770074367523, 0.18279963731765747, 6.913948059082031, 2.7997679710388184, 1.5072212219238281, 6.484860420227051]","[0.008881770074367523, 0.18279963731765747, 6.913948059082031, 2.7997679710388184, 1.5072212219238281, 6.484860420227051]",7.69622538442094e-14,1.0,true,34.249207100016065,0.15149052441120148,1.3755854368209839,0.03837622329592705,0.0,0.0508880615234375,0.5127192735671997,0.4872806966304779,0,left,"[0.008881770074367523, 1.073468804359436, 6.913948059082031, 2.7997679710388184, 1.4469865560531616, 5.438287258148193]","[0.0, 0.8906691670417786, 0.0, 0.0, -0.060234665870666504, -1.0465731620788574]",20983,20998,16,41997,true,true,true,true,,,,
698,art_cw,ft,fruit-tree-v0,model_10.pt,0,3,6,0,left,1,right,2,"[0.008881770074367523, 0.18279963731765747, 6.913948059082031, 2.7997679710388184, 1.5072212219238281, 6.484860420227051]","[0.008881770074367523, 0.18279963731765747, 6.913948059082031, 2.7997679710388184, 1.5072212219238281, 6.484860420227051]",7.69622538442094e-14,1.0,true,8.912749799987068,0.13160227239131927,1.2169851064682007,0.01731915771961212,0.0,18.603551864624023,1.0,8.328755463082871e-09,0,left,"[0.008893659338355064, 0.1874268651008606, 7.092304229736328, 3.3859658241271973, 0.970529317855835, 5.5806732177734375]","[1.1889263987541199e-05, 0.004627227783203125, 0.17835617065429688, 0.5861978530883789, -0.5366919040679932, -0.9041872024536133]",,,,,,,,,,3,250,750
699,ray_zoo,ft,fruit-tree-v0,model_10.pt,0,4,6,1,right,0,left,2,"[0.008881770074367523, 0.18279963731765747, 6.913948059082031, 2.7997679710388184, 1.5072212219238281, 6.484860420227051]","[0.008881770074367523, 0.18279963731765747, 6.913948059082031, 2.7997679710388184, 1.5072212219238281, 6.484860420227051]",3.3222056115003417e-25,1.0,true,33.908165299973916,0.17957495152950287,1.7054760456085205,0.032307565212249756,0.0,0.0512237548828125,0.5128031373023987,0.4871968924999237,1,right,"[1.714357852935791, 0.18279963731765747, 6.913948059082031, 2.7997679710388184, 1.5072212219238281, 6.484860420227051]","[1.7054760456085205, 0.0, 0.0, 0.0, 0.0, 0.0]",20983,20998,16,41997,true,true,false,true,,,,
699,art_cw,ft,fruit-tree-v0,model_10.pt,0,4,6,1,right,0,left,2,"[0.008881770074367523, 0.18279963731765747, 6.913948059082031, 2.7997679710388184, 1.5072212219238281, 6.484860420227051]","[0.008881770074367523, 0.18279963731765747, 6.913948059082031, 2.7997679710388184, 1.5072212219238281, 6.484860420227051]",3.3222056115003417e-25,1.0,true,10.874597499991069,0.18994590640068054,1.7349183559417725,0.03607944771647453,0.0,11.016393661499023,0.999983549118042,1.6429861716460437e-05,1,right,"[0.008963434025645256, 0.1574965864419937, 6.454404354095459, 4.146542549133301, 2.4609341621398926, 6.758265972137451]","[8.166395127773285e-05, -0.025303050875663757, -0.45954370498657227, 1.3467745780944824, 0.9537129402160645, 0.2734055519104004]",,,,,,,,,,3,250,750
700,ray_zoo,ft,fruit-tree-v0,model_10.pt,0,5,6,0,left,1,right,2,"[0.008881770074367523, 0.18279963731765747, 6.913948059082031, 2.7997679710388184, 1.5072212219238281, 6.484860420227051]","[0.008881770074367523, 0.18279963731765747, 6.913948059082031, 2.7997679710388184, 1.5072212219238281, 6.484860420227051]",3.099252490625303e-22,1.0,true,67.77298700000392,0.13311704993247986,1.1687495708465576,0.018481729552149773,0.0,0.050533294677734375,0.5126306414604187,0.4873693883419037,0,left,"[0.008881770074367523, 1.3515491485595703, 6.913948059082031, 2.7997679710388184, 1.5072212219238281, 6.484860420227051]","[0.0, 1.1687495708465576, 0.0, 0.0, 0.0, 0.0]",20983,20998,16,41997,true,true,false,true,,,,
700,art_cw,ft,fruit-tree-v0,model_10.pt,0,5,6,0,left,1,right,2,"[0.008881770074367523, 0.18279963731765747, 6.913948059082031, 2.7997679710388184, 1.5072212219238281, 6.484860420227051]","[0.008881770074367523, 0.18279963731765747, 6.913948059082031, 2.7997679710388184, 1.5072212219238281, 6.484860420227051]",3.099252490625303e-22,1.0,true,16.47778180000023,0.15486359596252441,1.4342321157455444,0.023982735350728035,0.0,11.1165771484375,0.9999850988388062,1.486364817537833e-05,0,left,"[0.008428210392594337, 0.27007222175598145, 6.841066837310791, 3.4209632873535156, 0.570879340171814, 5.600850582122803]","[-0.00045355968177318573, 0.08727258443832397, -0.07288122177124023, 0.6211953163146973, -0.9363418817520142, -0.884009838104248]",,,,,,,,,,3,250,750
701,ray_zoo,ft,fruit-tree-v0,model_10.pt,0,6,6,0,left,1,right,2,"[0.008881770074367523, 0.18279963731765747, 6.913948059082031, 2.7997679710388184, 1.5072212219238281, 6.484860420227051]","[0.008881770074367523, 0.18279963731765747, 6.913948059082031, 2.7997679710388184, 1.5072212219238281, 6.484860420227051]",1.0102899088632326e-25,1.0,true,45.954756500024814,0.634186327457428,5.790809631347656,0.4239160418510437,0.0,0.050445556640625,0.5126087069511414,0.48739126324653625,0,left,"[4.173863410949707, 4.192666530609131, 6.913948059082031, 2.4722819328308105, 1.5072212219238281, 6.473685264587402]","[4.164981842041016, 4.009866714477539, 0.0, -0.3274860382080078, 0.0, -0.011175155639648438]",20983,20998,16,41997,true,true,true,true,,,,
701,art_cw,ft,fruit-tree-v0,model_10.pt,0,6,6,0,left,1,right,2,"[0.008881770074367523, 0.18279963731765747, 6.913948059082031, 2.7997679710388184, 1.5072212219238281, 6.484860420227051]","[0.008881770074367523, 0.18279963731765747, 6.913948059082031, 2.7997679710388184, 1.5072212219238281, 6.484860420227051]",1.0102899088632326e-25,1.0,false,8.98310979999951,0.3259798288345337,3.0267586708068848,0.1562475822865963,0.04998474195599556,1.52587890625e-05,0.5000038146972656,0.4999961853027344,0,left,"[0.007906883955001831, 0.20554746687412262, 7.085573673248291, 2.6952292919158936, 4.061981201171875, 8.095315933227539]","[-0.0009748861193656921, 0.02274782955646515, 0.17162561416625977, -0.1045386791229248, 2.554759979248047, 1.6104555130004883]",,,,,,,,,,3,250,750
702,ray_zoo,ft,fruit-tree-v0,model_10.pt,9,0,6,0,left,1,right,2,"[0.9579449892044067, 1.7319272756576538, 5.521538257598877, 3.2793688774108887, 7.2008819580078125, 1.728704571723938]","[0.9579449892044067, 1.7319272756576538, 5.521538257598877, 3.2793688774108887, 7.2008819580078125, 1.728704571723938]",4.309005495192885e-18,1.0,true,47.091645200009225,0.12593495845794678,1.188665747642517,0.021411554887890816,0.0,0.050609588623046875,0.5126497149467468,0.48735034465789795,0,left,"[1.9814895391464233, 1.7319272756576538, 5.521538257598877, 3.2793688774108887, 6.596495628356934, 1.728704571723938]","[1.0235445499420166, 0.0, 0.0, 0.0, -0.6043863296508789, 0.0]",20983,20998,16,41997,true,true,true,true,,,,
702,art_cw,ft,fruit-tree-v0,model_10.pt,9,0,6,0,left,1,right,2,"[0.9579449892044067, 1.7319272756576538, 5.521538257598877, 3.2793688774108887, 7.2008819580078125, 1.728704571723938]","[0.9579449892044067, 1.7319272756576538, 5.521538257598877, 3.2793688774108887, 7.2008819580078125, 1.728704571723938]",4.309005495192885e-18,1.0,true,12.583711599989329,0.2436753809452057,2.1738829612731934,0.05937769263982773,0.0,16.95718765258789,1.0,4.32102638114884e-08,0,left,"[1.9263373613357544, 0.990027666091919, 6.817073822021484, 4.497763633728027, 7.232659816741943, 2.000108480453491]","[0.9683923721313477, -0.7418996095657349, 1.2955355644226074, 1.2183947563171387, 0.03177785873413086, 0.2714039087295532]",,,,,,,,,,3,250,750
703,ray_zoo,ft,fruit-tree-v0,model_10.pt,9,1,6,1,right,0,left,2,"[0.9579449892044067, 1.7319272756576538, 5.521538257598877, 3.2793688774108887, 7.2008819580078125, 1.728704571723938]","[0.9579449892044067, 1.7319272756576538, 5.521538257598877, 3.2793688774108887, 7.2008819580078125, 1.728704571723938]",1.2244221636592556e-07,0.9999998807907104,true,63.082302800001344,0.0685979500412941,0.5837047696113586,0.012887699529528618,0.0,0.050090789794921875,0.5125200748443604,0.48747995495796204,1,right,"[0.9176958799362183, 1.7319272756576538, 4.939222812652588, 3.2793688774108887, 7.2008819580078125, 1.728704571723938]","[-0.04024910926818848, 0.0, -0.5823154449462891, 0.0, 0.0, 0.0]",20983,20998,16,41997,true,true,true,true,,,,
703,art_cw,ft,fruit-tree-v0,model_10.pt,9,1,6,1,right,0,left,2,"[0.9579449892044067, 1.7319272756576538, 5.521538257598877, 3.2793688774108887, 7.2008819580078125, 1.728704571723938]","[0.9579449892044067, 1.7319272756576538, 5.521538257598877, 3.2793688774108887, 7.2008819580078125, 1.728704571723938]",1.2244221636592556e-07,0.9999998807907104,true,11.336276799993357,0.030179159715771675,0.2727922797203064,0.000910781673155725,0.0,2.440185546875,0.9198407530784607,0.08015922456979752,1,right,"[0.8721170425415039, 1.6464766263961792, 5.386318206787109, 3.281130790710449, 7.3996100425720215, 1.6843541860580444]","[-0.08582794666290283, -0.08545064926147461, -0.13522005081176758, 0.0017619132995605469, 0.19872808456420898, -0.044350385665893555]",,,,,,,,,,3,250,750
704,ray_zoo,ft,fruit-tree-v0,model_10.pt,9,2,6,0,left,1,right,2,"[0.9579449892044067, 1.7319272756576538, 5.521538257598877, 3.2793688774108887, 7.2008819580078125, 1.728704571723938]","[0.9579449892044067, 1.7319272756576538, 5.521538257598877, 3.2793688774108887, 7.2008819580078125, 1.728704571723938]",7.810902966087774e-12,1.0,true,40.23049479999463,0.036125749349594116,0.3392218351364136,0.0018670298159122467,0.0,0.050518035888671875,0.5126268267631531,0.4873731732368469,0,left,"[1.2131417989730835, 1.7592456340789795, 5.494246006011963, 3.2793688774108887, 6.980757236480713, 1.728704571723938]","[0.25519680976867676, 0.027318358421325684, -0.027292251586914062, 0.0, -0.2201247215270996, 0.0]",20983,20998,16,41997,true,true,true,true,,,,
704,art_cw,ft,fruit-tree-v0,model_10.pt,9,2,6,0,left,1,right,2,"[0.9579449892044067, 1.7319272756576538, 5.521538257598877, 3.2793688774108887, 7.2008819580078125, 1.728704571723938]","[0.9579449892044067, 1.7319272756576538, 5.521538257598877, 3.2793688774108887, 7.2008819580078125, 1.728704571723938]",7.810902966087774e-12,1.0,true,7.551542800007155,0.05463290214538574,0.5014637112617493,0.0029847538098692894,0.0,10.218986511230469,0.9999635219573975,3.646991171990521e-05,0,left,"[1.1854153871536255, 1.9288272857666016, 5.652668476104736, 3.262423276901245, 6.824595928192139, 1.7720630168914795]","[0.22747039794921875, 0.19690001010894775, 0.13113021850585938, -0.016945600509643555, -0.37628602981567383, 0.043358445167541504]",,,,,,,,,,3,250,750
705,ray_zoo,ft,fruit-tree-v0,model_10.pt,9,3,6,0,left,1,right,2,"[0.9579449892044067, 1.7319272756576538, 5.521538257598877, 3.2793688774108887, 7.2008819580078125, 1.728704571723938]","[0.9579449892044067, 1.7319272756576538, 5.521538257598877, 3.2793688774108887, 7.2008819580078125, 1.728704571723938]",6.652050329840342e-13,1.0,true,34.93603859998984,0.03772656247019768,0.354467511177063,0.002039197366684675,0.0,0.05001068115234375,0.5125001072883606,0.4874999225139618,0,left,"[1.2204537391662598, 1.7319272756576538, 5.521538257598877, 3.2793688774108887, 6.962687969207764, 1.728704571723938]","[0.262508749961853, 0.0, 0.0, 0.0, -0.23819398880004883, 0.0]",20983,20998,16,41997,true,true,true,true,,,,
705,art_cw,ft,fruit-tree-v0,model_10.pt,9,3,6,0,left,1,right,2,"[0.9579449892044067, 1.7319272756576538, 5.521538257598877, 3.2793688774108887, 7.2008819580078125, 1.728704571723938]","[0.9579449892044067, 1.7319272756576538, 5.521538257598877, 3.2793688774108887, 7.2008819580078125, 1.728704571723938]",6.652050329840342e-13,1.0,true,9.125044100015657,0.0626637190580368,0.5633538365364075,0.003926741424947977,0.0,16.875823974609375,1.0,4.6872997927494e-08,0,left,"[1.1187959909439087, 1.7384189367294312, 5.850887298583984, 3.474682569503784, 6.82111120223999, 1.7040412425994873]","[0.16085100173950195, 0.006491661071777344, 0.3293490409851074, 0.1953136920928955, -0.37977075576782227, -0.024663329124450684]",,,,,,,,,,3,250,750
706,ray_zoo,ft,fruit-tree-v0,model_10.pt,9,4,6,0,left,1,right,2,"[0.9579449892044067, 1.7319272756576538, 5.521538257598877, 3.2793688774108887, 7.2008819580078125, 1.728704571723938]","[0.9579449892044067, 1.7319272756576538, 5.521538257598877, 3.2793688774108887, 7.2008819580078125, 1.728704571723938]",7.680788449704323e-09,1.0,true,63.68723859998863,0.03175659105181694,0.29797765612602234,0.0014506335137411952,0.0,0.05023193359375,0.5125553607940674,0.48744460940361023,0,left,"[1.1952719688415527, 1.7925255298614502, 5.517499923706055, 3.3497397899627686, 7.046525001525879, 1.728704571723938]","[0.237326979637146, 0.06059825420379639, -0.004038333892822266, 0.07037091255187988, -0.1543569564819336, 0.0]",20983,20998,16,41997,true,true,true,true,,,,
706,art_cw,ft,fruit-tree-v0,model_10.pt,9,4,6,0,left,1,right,2,"[0.9579449892044067, 1.7319272756576538, 5.521538257598877, 3.2793688774108887, 7.2008819580078125, 1.728704571723938]","[0.9579449892044067, 1.7319272756576538, 5.521538257598877, 3.2793688774108887, 7.2008819580078125, 1.728704571723938]",7.680788449704323e-09,1.0,true,8.630877499992494,0.05907515436410904,0.5367728471755981,0.003489874070510268,0.0,15.207000732421875,0.9999997615814209,2.487043673227163e-07,0,left,"[1.1173715591430664, 1.802871584892273, 5.763628959655762, 3.512855291366577, 6.821056365966797, 1.7455530166625977]","[0.15942656993865967, 0.07094430923461914, 0.24209070205688477, 0.23348641395568848, -0.3798255920410156, 0.016848444938659668]",,,,,,,,,,3,250,750
707,ray_zoo,ft,fruit-tree-v0,model_10.pt,9,5,6,1,right,0,left,2,"[0.9579449892044067, 1.7319272756576538, 5.521538257598877, 3.2793688774108887, 7.2008819580078125, 1.728704571723938]","[0.9579449892044067, 1.7319272756576538, 5.521538257598877, 3.2793688774108887, 7.2008819580078125, 1.728704571723938]",2.688956549076142e-18,1.0,true,38.084832099993946,0.13138146698474884,1.191679835319519,0.03070882335305214,0.0,0.05037689208984375,0.512591540813446,0.4874083995819092,1,right,"[0.9579449892044067, 1.7319272756576538, 4.895466327667236, 3.2793688774108887, 7.2008819580078125, 2.7426743507385254]","[0.0, 0.0, -0.6260719299316406, 0.0, 0.0, 1.0139697790145874]",20983,20998,16,41997,true,true,true,true,,,,
707,art_cw,ft,fruit-tree-v0,model_10.pt,9,5,6,1,right,0,left,2,"[0.9579449892044067, 1.7319272756576538, 5.521538257598877, 3.2793688774108887, 7.2008819580078125, 1.728704571723938]","[0.9579449892044067, 1.7319272756576538, 5.521538257598877, 3.2793688774108887, 7.2008819580078125, 1.728704571723938]",2.688956549076142e-18,1.0,true,9.905067299987422,0.07451080530881882,0.6745132803916931,0.005551859736442566,0.0,8.049232482910156,0.999680757522583,0.00031924498034641147,1,right,"[0.7801061868667603, 1.7509191036224365, 5.194236755371094, 2.9118897914886475, 7.593551158905029, 1.89187490940094]","[-0.17783880233764648, 0.018991827964782715, -0.3273015022277832, -0.3674790859222412, 0.3926692008972168, 0.16317033767700195]",,,,,,,,,,3,250,750
708,ray_zoo,ft,fruit-tree-v0,model_10.pt,9,6,6,1,right,0,left,2,"[0.9579449892044067, 1.7319272756576538, 5.521538257598877, 3.2793688774108887, 7.2008819580078125, 1.728704571723938]","[0.9579449892044067, 1.7319272756576538, 5.521538257598877, 3.2793688774108887, 7.2008819580078125, 1.728704571723938]",8.027391549874849e-14,1.0,true,65.38081139998394,0.24797183275222778,2.2298097610473633,0.11602137237787247,0.0,0.050922393798828125,0.5127278566360474,0.48727211356163025,1,right,"[0.9579449892044067, 1.7158106565475464, 4.18026065826416, 3.6742300987243652, 7.2008819580078125, 3.4656128883361816]","[0.0, -0.016116619110107422, -1.3412775993347168, 0.39486122131347656, 0.0, 1.7369083166122437]",20983,20998,16,41997,true,true,true,true,,,,
708,art_cw,ft,fruit-tree-v0,model_10.pt,9,6,6,1,right,0,left,2,"[0.9579449892044067, 1.7319272756576538, 5.521538257598877, 3.2793688774108887, 7.2008819580078125, 1.728704571723938]","[0.9579449892044067, 1.7319272756576538, 5.521538257598877, 3.2793688774108887, 7.2008819580078125, 1.728704571723938]",8.027391549874849e-14,1.0,true,11.262722899991786,0.08035339415073395,0.7298468947410583,0.006456668488681316,0.0,5.453159332275391,0.9957355260848999,0.0042644888162612915,1,right,"[0.6864553689956665, 1.4794743061065674, 5.214336395263672, 3.0927679538726807, 7.712353706359863, 1.662062644958496]","[-0.27148962020874023, -0.2524529695510864, -0.3072018623352051, -0.186600923538208, 0.5114717483520508, -0.0666419267654419]",,,,,,,,,,3,250,750
709,ray_zoo,ft,fruit-tree-v0,model_10.pt,17,0,6,0,left,1,right,2,"[1.4780547618865967, 0.5676522850990295, 7.377028942108154, 0.0927114263176918, 4.3638458251953125, 4.90110445022583]","[1.4780547618865967, 0.5676522850990295, 7.377028942108154, 0.0927114263176918, 4.3638458251953125, 4.90110445022583]",4.871493075597755e-08,1.0,true,62.35090220000711,0.04001089185476303,0.3646925389766693,0.0016471324488520622,0.0,0.050201416015625,0.5125477313995361,0.48745226860046387,0,left,"[1.4780547618865967, 0.6579699516296387, 7.377028942108154, 0.4460279941558838, 4.3638458251953125, 4.897822856903076]","[0.0, 0.09031766653060913, 0.0, 0.3533165752887726, 0.0, -0.0032815933227539062]",20983,20998,16,41997,true,true,true,true,,,,
709,art_cw,ft,fruit-tree-v0,model_10.pt,17,0,6,0,left,1,right,2,"[1.4780547618865967, 0.5676522850990295, 7.377028942108154, 0.0927114263176918, 4.3638458251953125, 4.90110445022583]","[1.4780547618865967, 0.5676522850990295, 7.377028942108154, 0.0927114263176918, 4.3638458251953125, 4.90110445022583]",4.871493075597755e-08,1.0,true,11.774870599998394,0.09554590284824371,0.8883492946624756,0.00912901945412159,0.0,5.103450775146484,0.993960976600647,0.006039052736014128,0,left,"[1.3705956935882568, 0.6001454591751099, 7.5121331214904785, 0.09665235131978989, 4.433780193328857, 4.033117294311523]","[-0.10745906829833984, 0.03249317407608032, 0.13510417938232422, 0.0039409250020980835, 0.06993436813354492, -0.8679871559143066]",,,,,,,,,,3,250,750
710,ray_zoo,ft,fruit-tree-v0,model_10.pt,17,1,6,1,right,0,left,2,"[1.4780547618865967, 0.5676522850990295, 7.377028942108154, 0.0927114263176918, 4.3638458251953125, 4.90110445022583]","[1.4780547618865967, 0.5676522850990295, 7.377028942108154, 0.0927114263176918, 4.3638458251953125, 4.90110445022583]",4.3997969182870606e-41,1.0,true,66.0321470000199,0.48178747296333313,4.101754665374756,0.31386709213256836,0.0,0.051166534423828125,0.5127888321876526,0.4872111678123474,1,right,"[1.4780547618865967, 0.5676522850990295, 3.300048351287842, 0.0927114263176918, 4.3638458251953125, 4.4509687423706055]","[0.0, 0.0, -4.0769805908203125, 0.0, 0.0, -0.4501357078552246]",20983,20998,16,41997,true,true,true,true,,,,
710,art_cw,ft,fruit-tree-v0,model_10.pt,17,1,6,1,right,0,left,2,"[1.4780547618865967, 0.5676522850990295, 7.377028942108154, 0.0927114263176918, 4.3638458251953125, 4.90110445022583]","[1.4780547618865967, 0.5676522850990295, 7.377028942108154, 0.0927114263176918, 4.3638458251953125, 4.90110445022583]",4.3997969182870606e-41,1.0,true,12.923910700017586,0.33066055178642273,2.9913363456726074,0.10933639109134674,0.0,11.323997497558594,0.9999879598617554,1.207939385494683e-05,1,right,"[3.146303415298462, 0.29567238688468933, 5.621128559112549, 0.07781843841075897, 5.938043594360352, 5.628812789916992]","[1.6682486534118652, -0.2719798982143402, -1.7559003829956055, -0.01489298790693283, 1.574197769165039, 0.7277083396911621]",,,,,,,,,,3,250,750
711,ray_zoo,ft,fruit-tree-v0,model_10.pt,17,2,6,1,right,0,left,2,"[1.4780547618865967, 0.5676522850990295, 7.377028942108154, 0.0927114263176918, 4.3638458251953125, 4.90110445022583]","[1.4780547618865967, 0.5676522850990295, 7.377028942108154, 0.0927114263176918, 4.3638458251953125, 4.90110445022583]",3.675967950172998e-12,1.0,true,67.43100560002495,0.10475431382656097,0.9050124883651733,0.020033162087202072,0.0,0.050060272216796875,0.5125125050544739,0.4874875247478485,1,right,"[1.4780547618865967, 0.5676522850990295, 6.559987545013428, 0.0927114263176918, 4.3638458251953125, 5.290322780609131]","[0.0, 0.0, -0.8170413970947266, 0.0, 0.0, 0.3892183303833008]",20983,20998,16,41997,true,true,true,true,,,,
711,art_cw,ft,fruit-tree-v0,model_10.pt,17,2,6,1,right,0,left,2,"[1.4780547618865967, 0.5676522850990295, 7.377028942108154, 0.0927114263176918, 4.3638458251953125, 4.90110445022583]","[1.4780547618865967, 0.5676522850990295, 7.377028942108154, 0.0927114263176918, 4.3638458251953125, 4.90110445022583]",3.675967950172998e-12,1.0,true,12.221564100007527,0.129762202501297,1.2066519260406494,0.016838228330016136,0.0,8.014755249023438,0.9996695518493652,0.0003304398851469159,1,right,"[1.5779438018798828, 0.5244441032409668, 7.230494499206543, 0.08961644768714905, 4.800680160522461, 6.010995388031006]","[0.09988903999328613, -0.043208181858062744, -0.14653444290161133, -0.003094978630542755, 0.43683433532714844, 1.1098909378051758]",,,,,,,,,,3,250,750
712,ray_zoo,ft,fruit-tree-v0,model_10.pt,17,3,6,1,right,0,left,2,"[1.4780547618865967, 0.5676522850990295, 7.377028942108154, 0.0927114263176918, 4.3638458251953125, 4.90110445022583]","[1.4780547618865967, 0.5676522850990295, 7.377028942108154, 0.0927114263176918, 4.3638458251953125, 4.90110445022583]",3.8704574267800496e-11,1.0,true,66.25059400001192,0.07984807342290878,0.7242624759674072,0.00935301836580038,0.0,0.0500030517578125,0.5124981999397278,0.487501859664917,1,right,"[2.030756711959839, 0.5676522850990295, 6.927921295166016, 0.0927114263176918, 4.2972540855407715, 5.014878749847412]","[0.5527019500732422, 0.0, -0.44910764694213867, 0.0, -0.06659173965454102, 0.11377429962158203]",20983,20998,16,41997,true,true,true,true,,,,
712,art_cw,ft,fruit-tree-v0,model_10.pt,17,3,6,1,right,0,left,2,"[1.4780547618865967, 0.5676522850990295, 7.377028942108154, 0.0927114263176918, 4.3638458251953125, 4.90110445022583]","[1.4780547618865967, 0.5676522850990295, 7.377028942108154, 0.0927114263176918, 4.3638458251953125, 4.90110445022583]",3.8704574267800496e-11,1.0,true,13.959923399990657,0.106775663793087,0.9711805582046509,0.011401042342185974,0.0,11.126335144042969,0.9999853372573853,1.4719317732669879e-05,1,right,"[2.2134156227111816, 0.32210126519203186, 6.8329010009765625, 0.08488190174102783, 4.351480484008789, 5.115233898162842]","[0.735360860824585, -0.24555101990699768, -0.5441279411315918, -0.007829524576663971, -0.012365341186523438, 0.21412944793701172]",,,,,,,,,,3,250,750
713,ray_zoo,ft,fruit-tree-v0,model_10.pt,17,4,6,0,left,1,right,2,"[1.4780547618865967, 0.5676522850990295, 7.377028942108154, 0.0927114263176918, 4.3638458251953125, 4.90110445022583]","[1.4780547618865967, 0.5676522850990295, 7.377028942108154, 0.0927114263176918, 4.3638458251953125, 4.90110445022583]",2.916088259752314e-09,1.0,true,65.3127225000062,0.04287823662161827,0.38619744777679443,0.0020728756207972765,0.0,0.050434112548828125,0.5126058459281921,0.48739415407180786,0,left,"[1.5031087398529053, 0.8008917570114136, 7.363576889038086, 0.39332130551338196, 4.383103370666504, 4.844518184661865]","[0.025053977966308594, 0.23323947191238403, -0.01345205307006836, 0.30060988664627075, 0.019257545471191406, -0.056586265563964844]",20983,20998,16,41997,true,true,false,false,,,,
713,art_cw,ft,fruit-tree-v0,model_10.pt,17,4,6,0,left,1,right,2,"[1.4780547618865967, 0.5676522850990295, 7.377028942108154, 0.0927114263176918, 4.3638458251953125, 4.90110445022583]","[1.4780547618865967, 0.5676522850990295, 7.377028942108154, 0.0927114263176918, 4.3638458251953125, 4.90110445022583]",2.916088259752314e-09,1.0,true,15.107300899981055,0.08657839149236679,0.80567467212677,0.0074958172626793385,0.0,5.53997802734375,0.9960887432098389,0.003911254927515984,0,left,"[1.3716000318527222, 0.6277015209197998, 7.419895648956299, 0.09503986686468124, 4.741072177886963, 4.201082706451416]","[-0.10645473003387451, 0.060049235820770264, 0.04286670684814453, 0.002328440546989441, 0.3772263526916504, -0.7000217437744141]",,,,,,,,,,3,250,750
714,ray_zoo,ft,fruit-tree-v0,model_10.pt,17,5,6,0,left,1,right,2,"[1.4780547618865967, 0.5676522850990295, 7.377028942108154, 0.0927114263176918, 4.3638458251953125, 4.90110445022583]","[1.4780547618865967, 0.5676522850990295, 7.377028942108154, 0.0927114263176918, 4.3638458251953125, 4.90110445022583]",7.303475857943498e-14,1.0,true,61.71592869999586,0.0598248690366745,0.545749843120575,0.003914996981620789,0.0,0.05080413818359375,0.5126982927322388,0.48730170726776123,0,left,"[1.5141247510910034, 0.6976677179336548, 7.376023292541504, 0.6142293810844421, 4.353466987609863, 4.8142242431640625]","[0.03606998920440674, 0.13001543283462524, -0.0010056495666503906, 0.5215179324150085, -0.010378837585449219, -0.08688020706176758]",20983,20998,16,41997,true,true,false,true,,,,
714,art_cw,ft,fruit-tree-v0,model_10.pt,17,5,6,0,left,1,right,2,"[1.4780547618865967, 0.5676522850990295, 7.377028942108154, 0.0927114263176918, 4.3638458251953125, 4.90110445022583]","[1.4780547618865967, 0.5676522850990295, 7.377028942108154, 0.0927114263176918, 4.3638458251953125, 4.90110445022583]",7.303475857943498e-14,1.0,true,10.110671600006754,0.13284820318222046,1.2346690893173218,0.017648644745349884,0.0,10.019271850585938,0.999955415725708,4.4531378080137074e-05,0,left,"[1.3626569509506226, 0.6042864918708801, 7.550784587860107, 0.0967123955488205, 3.8775064945220947, 3.786198139190674]","[-0.11539781093597412, 0.036634206771850586, 0.17375564575195312, 0.004000969231128693, -0.4863393306732178, -1.1149063110351562]",,,,,,,,,,3,250,750
715,ray_zoo,ft,fruit-tree-v0,model_10.pt,17,6,6,0,left,1,right,2,"[1.4780547618865967, 0.5676522850990295, 7.377028942108154, 0.0927114263176918, 4.3638458251953125, 4.90110445022583]","[1.4780547618865967, 0.5676522850990295, 7.377028942108154, 0.0927114263176918, 4.3638458251953125, 4.90110445022583]",7.66670689607285e-13,1.0,true,67.37644399999408,0.0634080097079277,0.5797193050384521,0.004974863026291132,0.0,0.050502777099609375,0.5126230120658875,0.48737695813179016,0,left,"[1.6261403560638428, 0.7245438098907471, 7.352679252624512, 0.6081728935241699, 4.300858974456787, 4.762290000915527]","[0.1480855941772461, 0.15689152479171753, -0.024349689483642578, 0.5154614448547363, -0.06298685073852539, -0.13881444931030273]",20983,20998,16,41997,true,true,false,true,,,,
715,art_cw,ft,fruit-tree-v0,model_10.pt,17,6,6,0,left,1,right,2,"[1.4780547618865967, 0.5676522850990295, 7.377028942108154, 0.0927114263176918, 4.3638458251953125, 4.90110445022583]","[1.4780547618865967, 0.5676522850990295, 7.377028942108154, 0.0927114263176918, 4.3638458251953125, 4.90110445022583]",7.66670689607285e-13,1.0,true,11.606287500006147,0.14426660537719727,1.3424675464630127,0.020812852308154106,0.0,0.8677215576171875,0.7042713761329651,0.2957286238670349,0,left,"[1.517018437385559, 0.6024212837219238, 7.504997253417969, 0.09591297805309296, 3.9755659103393555, 3.623471975326538]","[0.0389636754989624, 0.03476899862289429, 0.12796831130981445, 0.0032015517354011536, -0.38827991485595703, -1.277632474899292]",,,,,,,,,,3,250,750
716,ray_zoo,ft,fruit-tree-v0,model_10.pt,26,0,6,1,right,0,left,2,"[2.0656259059906006, 5.1109843254089355, 6.2903218269348145, 4.600985050201416, 0.3856895864009857, 2.9538216590881348]","[2.0656259059906006, 5.1109843254089355, 6.2903218269348145, 4.600985050201416, 0.3856895864009857, 2.9538216590881348]",7.967143660517369e-28,1.0,true,63.144478399975924,0.06096690148115158,0.5585793852806091,0.004840876441448927,0.0,0.051036834716796875,0.5127564072608948,0.48724353313446045,1,right,"[2.0949642658233643, 5.040801525115967, 6.095341682434082, 4.675512790679932, 0.8913843631744385, 3.0370426177978516]","[0.029338359832763672, -0.07018280029296875, -0.19498014450073242, 0.07452774047851562, 0.5056947469711304, 0.0832209587097168]",20983,20998,16,41997,true,true,false,true,,,,
716,art_cw,ft,fruit-tree-v0,model_10.pt,26,0,6,1,right,0,left,2,"[2.0656259059906006, 5.1109843254089355, 6.2903218269348145, 4.600985050201416, 0.3856895864009857, 2.9538216590881348]","[2.0656259059906006, 5.1109843254089355, 6.2903218269348145, 4.600985050201416, 0.3856895864009857, 2.9538216590881348]",7.967143660517369e-28,1.0,true,10.137784899998223,0.13191260397434235,1.1655129194259644,0.01740093342959881,0.0,33.73680877685547,1.0,2.2299243479300887e-15,1,right,"[2.053586721420288, 4.786247253417969, 5.518073558807373, 5.303192138671875, 0.4365958869457245, 3.3547799587249756]","[-0.0120391845703125, -0.3247370719909668, -0.7722482681274414, 0.702207088470459, 0.05090630054473877, 0.4009582996368408]",,,,,,,,,,3,250,750
717,ray_zoo,ft,fruit-tree-v0,model_10.pt,26,1,6,1,right,0,left,2,"[2.0656259059906006, 5.1109843254089355, 6.2903218269348145, 4.600985050201416, 0.3856895864009857, 2.9538216590881348]","[2.0656259059906006, 5.1109843254089355, 6.2903218269348145, 4.600985050201416, 0.3856895864009857, 2.9538216590881348]",1.054532217705786e-14,1.0,true,65.853360899986,0.03430543839931488,0.31409594416618347,0.001545643899589777,0.0,0.0507354736328125,0.5126811265945435,0.48731887340545654,1,right,"[2.097106695175171, 5.091869354248047, 6.174662113189697, 4.655369281768799, 0.6691068410873413, 2.9791135787963867]","[0.03148078918457031, -0.019114971160888672, -0.11565971374511719, 0.05438423156738281, 0.2834172546863556, 0.025291919708251953]",20983,20998,16,41997,true,true,false,true,,,,
717,art_cw,ft,fruit-tree-v0,model_10.pt,26,1,6,1,right,0,left,2,"[2.0656259059906006, 5.1109843254089355, 6.2903218269348145, 4.600985050201416, 0.3856895864009857, 2.9538216590881348]","[2.0656259059906006, 5.1109843254089355, 6.2903218269348145, 4.600985050201416, 0.3856895864009857, 2.9538216590881348]",1.054532217705786e-14,1.0,true,10.511438899993664,0.056898050010204315,0.5020062327384949,0.0032373880967497826,0.0,4.887451171875,0.9925158619880676,0.007484182715415955,1,right,"[2.0886151790618896, 4.942458629608154, 5.95767068862915, 4.890610694885254, 0.40894612669944763, 3.121154308319092]","[0.022989273071289062, -0.16852569580078125, -0.33265113830566406, 0.2896256446838379, 0.023256540298461914, 0.16733264923095703]",,,,,,,,,,3,250,750
718,ray_zoo,ft,fruit-tree-v0,model_10.pt,26,2,6,1,right,0,left,2,"[2.0656259059906006, 5.1109843254089355, 6.2903218269348145, 4.600985050201416, 0.3856895864009857, 2.9538216590881348]","[2.0656259059906006, 5.1109843254089355, 6.2903218269348145, 4.600985050201416, 0.3856895864009857, 2.9538216590881348]",2.0999459116044505e-10,1.0,true,66.99358489998849,0.027491291984915733,0.24986274540424347,0.0010050756391137838,0.0,0.05019378662109375,0.5125458240509033,0.48745420575141907,1,right,"[2.09244704246521, 5.108707904815674, 6.171842098236084, 4.595742702484131, 0.5975713729858398, 3.0062432289123535]","[0.026821136474609375, -0.0022764205932617188, -0.11847972869873047, -0.005242347717285156, 0.21188178658485413, 0.05242156982421875]",20983,20998,16,41997,true,true,false,true,,,,
718,art_cw,ft,fruit-tree-v0,model_10.pt,26,2,6,1,right,0,left,2,"[2.0656259059906006, 5.1109843254089355, 6.2903218269348145, 4.600985050201416, 0.3856895864009857, 2.9538216590881348]","[2.0656259059906006, 5.1109843254089355, 6.2903218269348145, 4.600985050201416, 0.3856895864009857, 2.9538216590881348]",2.0999459116044505e-10,1.0,true,12.203230899991468,0.05026989057660103,0.4412539601325989,0.002527061849832535,0.0,10.157585144042969,0.999961256980896,3.877930430462584e-05,1,right,"[2.0892534255981445, 5.069202423095703, 5.948362827301025, 4.765644073486328, 0.40415382385253906, 3.1729371547698975]","[0.023627519607543945, -0.04178190231323242, -0.34195899963378906, 0.1646590232849121, 0.018464237451553345, 0.2191154956817627]",,,,,,,,,,3,250,750
719,ray_zoo,ft,fruit-tree-v0,model_10.pt,26,3,6,1,right,0,left,2,"[2.0656259059906006, 5.1109843254089355, 6.2903218269348145, 4.600985050201416, 0.3856895864009857, 2.9538216590881348]","[2.0656259059906006, 5.1109843254089355, 6.2903218269348145, 4.600985050201416, 0.3856895864009857, 2.9538216590881348]",4.0731890749157174e-08,1.0,true,64.48289040001691,0.021868491545319557,0.2001357078552246,0.0006310587632469833,0.0,0.050018310546875,0.5125019550323486,0.48749804496765137,1,right,"[2.0600061416625977, 5.098707675933838, 6.216038227081299, 4.635914325714111, 0.5677167773246765, 2.9538216590881348]","[-0.00561976432800293, -0.012276649475097656, -0.07428359985351562, 0.03492927551269531, 0.1820271909236908, 0.0]",20983,20998,16,41997,true,true,true,true,,,,
719,art_cw,ft,fruit-tree-v0,model_10.pt,26,3,6,1,right,0,left,2,"[2.0656259059906006, 5.1109843254089355, 6.2903218269348145, 4.600985050201416, 0.3856895864009857, 2.9538216590881348]","[2.0656259059906006, 5.1109843254089355, 6.2903218269348145, 4.600985050201416, 0.3856895864009857, 2.9538216590881348]",4.0731890749157174e-08,1.0,true,12.128138000000035,0.05257081612944603,0.46544209122657776,0.0027636908926069736,0.0,12.948707580566406,0.999997615814209,2.3792863430571742e-06,1,right,"[2.095912218093872, 4.9091691970825195, 6.022078514099121, 4.90982723236084, 0.40507227182388306, 3.039121627807617]","[0.030286312103271484, -0.20181512832641602, -0.26824331283569336, 0.30884218215942383, 0.01938268542289734, 0.08529996871948242]",,,,,,,,,,3,250,750
720,ray_zoo,ft,fruit-tree-v0,model_10.pt,26,4,6,0,left,1,right,2,"[2.0656259059906006, 5.1109843254089355, 6.2903218269348145, 4.600985050201416, 0.3856895864009857, 2.9538216590881348]","[2.0656259059906006, 5.1109843254089355, 6.2903218269348145, 4.600985050201416, 0.3856895864009857, 2.9538216590881348]",1.690339014592812e-11,1.0,true,65.99882619999698,0.14307662844657898,1.3507769107818604,0.040547095239162445,0.0,0.05023193359375,0.5125553607940674,0.48744460940361023,0,left,"[3.3160746097564697, 5.009435653686523, 6.2903218269348145, 4.100321292877197, 0.3856895864009857, 2.9538216590881348]","[1.2504487037658691, -0.10154867172241211, 0.0, -0.5006637573242188, 0.0, 0.0]",20983,20998,16,41997,true,true,true,true,,,,
720,art_cw,ft,fruit-tree-v0,model_10.pt,26,4,6,0,left,1,right,2,"[2.0656259059906006, 5.1109843254089355, 6.2903218269348145, 4.600985050201416, 0.3856895864009857, 2.9538216590881348]","[2.0656259059906006, 5.1109843254089355, 6.2903218269348145, 4.600985050201416, 0.3856895864009857, 2.9538216590881348]",1.690339014592812e-11,1.0,true,11.672336200019345,0.06142570078372955,0.5412104725837708,0.0037731165066361427,0.0,7.406105041503906,0.9993928670883179,0.0006071635871194303,0,left,"[2.1117630004882812, 5.0086565017700195, 6.68247127532959, 4.343502044677734, 0.36192575097084045, 2.7095558643341064]","[0.046137094497680664, -0.10232782363891602, 0.3921494483947754, -0.25748300552368164, -0.023763835430145264, -0.24426579475402832]",,,,,,,,,,3,250,750
721,ray_zoo,ft,fruit-tree-v0,model_10.pt,26,5,6,0,left,1,right,2,"[2.0656259059906006, 5.1109843254089355, 6.2903218269348145, 4.600985050201416, 0.3856895864009857, 2.9538216590881348]","[2.0656259059906006, 5.1109843254089355, 6.2903218269348145, 4.600985050201416, 0.3856895864009857, 2.9538216590881348]",4.2539198096298226e-24,1.0,true,66.31224719999591,0.15968747437000275,1.4971381425857544,0.061896227300167084,0.0,0.05096435546875,0.5127382874488831,0.48726165294647217,0,left,"[3.2943854331970215, 5.1109843254089355, 6.2903218269348145, 3.7456648349761963, 0.3856895864009857, 2.9538216590881348]","[1.228759527206421, 0.0, 0.0, -0.8553202152252197, 0.0, 0.0]",20983,20998,16,41997,true,true,true,true,,,,
721,art_cw,ft,fruit-tree-v0,model_10.pt,26,5,6,0,left,1,right,2,"[2.0656259059906006, 5.1109843254089355, 6.2903218269348145, 4.600985050201416, 0.3856895864009857, 2.9538216590881348]","[2.0656259059906006, 5.1109843254089355, 6.2903218269348145, 4.600985050201416, 0.3856895864009857, 2.9538216590881348]",4.2539198096298226e-24,1.0,true,10.476936599996407,0.11787635087966919,1.051851511001587,0.01389483455568552,0.0,14.160835266113281,0.9999992847442627,7.079898978190613e-07,0,left,"[2.087254285812378, 5.449122428894043, 6.852146148681641, 3.8512613773345947, 0.3473881483078003, 2.618579387664795]","[0.021628379821777344, 0.3381381034851074, 0.5618243217468262, -0.7497236728668213, -0.038301438093185425, -0.33524227142333984]",,,,,,,,,,3,250,750
722,ray_zoo,ft,fruit-tree-v0,model_10.pt,26,6,6,0,left,1,right,2,"[2.0656259059906006, 5.1109843254089355, 6.2903218269348145, 4.600985050201416, 0.3856895864009857, 2.9538216590881348]","[2.0656259059906006, 5.1109843254089355, 6.2903218269348145, 4.600985050201416, 0.3856895864009857, 2.9538216590881348]",7.378211777165408e-15,1.0,true,65.58492439999827,0.09055804461240768,0.8246352672576904,0.033678580075502396,0.0,0.0504608154296875,0.512612521648407,0.487387478351593,0,left,"[2.0656259059906006, 5.350488185882568, 6.2903218269348145, 3.8119280338287354, 0.3856895864009857, 2.946732521057129]","[0.0, 0.2395038604736328, 0.0, -0.7890570163726807, 0.0, -0.007089138031005859]",20983,20998,16,41997,true,true,true,true,,,,
722,art_cw,ft,fruit-tree-v0,model_10.pt,26,6,6,0,left,1,right,2,"[2.0656259059906006, 5.1109843254089355, 6.2903218269348145, 4.600985050201416, 0.3856895864009857, 2.9538216590881348]","[2.0656259059906006, 5.1109843254089355, 6.2903218269348145, 4.600985050201416, 0.3856895864009857, 2.9538216590881348]",7.378211777165408e-15,1.0,true,10.007560099998955,0.05890843644738197,0.5244168043136597,0.003470204072073102,0.0,2.3390846252441406,0.9120627045631409,0.08793730288743973,0,left,"[2.0489132404327393, 5.335090637207031, 6.564371585845947, 4.249807357788086, 0.3674755394458771, 2.793355941772461]","[-0.016712665557861328, 0.2241063117980957, 0.2740497589111328, -0.3511776924133301, -0.018214046955108643, -0.16046571731567383]",,,,,,,,,,3,250,750
723,ray_zoo,ft,fruit-tree-v0,model_10.pt,35,0,6,0,left,1,right,2,"[2.4858407974243164, 5.075314044952393, 4.434077739715576, 4.518851280212402, 3.7052879333496094, 3.7751243114471436]","[2.4858407974243164, 5.075314044952393, 4.434077739715576, 4.518851280212402, 3.7052879333496094, 3.7751243114471436]",3.027432203565439e-24,1.0,true,64.98247170000104,0.31737467646598816,2.983208417892456,0.24740910530090332,0.0,0.056308746337890625,0.5140734314918518,0.4859265387058258,0,left,"[5.051191806793213, 5.0741801261901855, 4.434077739715576, 2.996187448501587, 3.7052879333496094, 3.7751243114471436]","[2.5653510093688965, -0.0011339187622070312, 0.0, -1.5226638317108154, 0.0, 0.0]",20983,20998,16,41997,true,true,true,true,,,,
723,art_cw,ft,fruit-tree-v0,model_10.pt,35,0,6,0,left,1,right,2,"[2.4858407974243164, 5.075314044952393, 4.434077739715576, 4.518851280212402, 3.7052879333496094, 3.7751243114471436]","[2.4858407974243164, 5.075314044952393, 4.434077739715576, 4.518851280212402, 3.7052879333496094, 3.7751243114471436]",3.027432203565439e-24,1.0,true,13.80379120001453,0.32467320561408997,3.006662607192993,0.10541269928216934,0.0,9.8104248046875,0.9999451637268066,5.487351882038638e-05,0,left,"[3.9422390460968018, 4.630112171173096, 5.210604190826416, 5.155941963195801, 5.5246477127075195, 2.2253594398498535]","[1.4563982486724854, -0.4452018737792969, 0.7765264511108398, 0.6370906829833984, 1.8193597793579102, -1.54976487159729]",,,,,,,,,,3,250,750
724,ray_zoo,ft,fruit-tree-v0,model_10.pt,35,1,6,0,left,1,right,2,"[2.4858407974243164, 5.075314044952393, 4.434077739715576, 4.518851280212402, 3.7052879333496094, 3.7751243114471436]","[2.4858407974243164, 5.075314044952393, 4.434077739715576, 4.518851280212402, 3.7052879333496094, 3.7751243114471436]",1.809812566477831e-08,1.0,true,65.22717729999567,0.04449693113565445,0.39067697525024414,0.005925292149186134,0.0,0.05004119873046875,0.5125076770782471,0.4874923527240753,0,left,"[2.4858407974243164, 4.684637069702148, 4.434077739715576, 4.518851280212402, 3.7052879333496094, 3.7751243114471436]","[0.0, -0.39067697525024414, 0.0, 0.0, 0.0, 0.0]",20983,20998,16,41997,true,true,false,true,,,,
724,art_cw,ft,fruit-tree-v0,model_10.pt,35,1,6,0,left,1,right,2,"[2.4858407974243164, 5.075314044952393, 4.434077739715576, 4.518851280212402, 3.7052879333496094, 3.7751243114471436]","[2.4858407974243164, 5.075314044952393, 4.434077739715576, 4.518851280212402, 3.7052879333496094, 3.7751243114471436]",1.809812566477831e-08,1.0,true,8.334702499996638,0.033402908593416214,0.2959543764591217,0.001115754246711731,0.0,4.029182434082031,0.9825220108032227,0.01747795380651951,0,left,"[2.438451051712036, 4.887005805969238, 4.587596416473389, 4.546180725097656, 3.8300232887268066, 3.675077199935913]","[-0.04738974571228027, -0.1883082389831543, 0.1535186767578125, 0.027329444885253906, 0.12473535537719727, -0.10004711151123047]",,,,,,,,,,3,250,750
725,ray_zoo,ft,fruit-tree-v0,model_10.pt,35,2,6,0,left,1,right,2,"[2.4858407974243164, 5.075314044952393, 4.434077739715576, 4.518851280212402, 3.7052879333496094, 3.7751243114471436]","[2.4858407974243164, 5.075314044952393, 4.434077739715576, 4.518851280212402, 3.7052879333496094, 3.7751243114471436]",3.972693354836743e-11,1.0,true,65.5643895000103,0.06820718944072723,0.5988497734069824,0.013922266662120819,0.0,0.05013275146484375,0.5125305652618408,0.4874694049358368,0,left,"[2.4858407974243164, 4.47646427154541, 4.434077739715576, 4.518851280212402, 3.7052879333496094, 3.7751243114471436]","[0.0, -0.5988497734069824, 0.0, 0.0, 0.0, 0.0]",20983,20998,16,41997,true,true,false,true,,,,
725,art_cw,ft,fruit-tree-v0,model_10.pt,35,2,6,0,left,1,right,2,"[2.4858407974243164, 5.075314044952393, 4.434077739715576, 4.518851280212402, 3.7052879333496094, 3.7751243114471436]","[2.4858407974243164, 5.075314044952393, 4.434077739715576, 4.518851280212402, 3.7052879333496094, 3.7751243114471436]",3.972693354836743e-11,1.0,true,13.251005600002827,0.09556002169847488,0.8774998188018799,0.009131718426942825,0.0,19.444412231445312,1.0,3.5925189489915965e-09,0,left,"[2.4739303588867188, 4.7934064865112305, 4.266698837280273, 4.727278709411621, 4.4879560470581055, 3.6953423023223877]","[-0.011910438537597656, -0.2819075584411621, -0.16737890243530273, 0.20842742919921875, 0.7826681137084961, -0.07978200912475586]",,,,,,,,,,3,250,750
726,ray_zoo,ft,fruit-tree-v0,model_10.pt,35,3,6,1,right,0,left,2,"[2.4858407974243164, 5.075314044952393, 4.434077739715576, 4.518851280212402, 3.7052879333496094, 3.7751243114471436]","[2.4858407974243164, 5.075314044952393, 4.434077739715576, 4.518851280212402, 3.7052879333496094, 3.7751243114471436]",1.8380919388906284e-27,1.0,true,65.61971869997797,0.2167140394449234,1.967332124710083,0.24707843363285065,0.0,0.051235198974609375,0.5128059983253479,0.4871940016746521,1,right,"[2.4858407974243164, 5.075314044952393, 3.510254383087158, 5.251211643218994, 2.410585403442383, 2.8782742023468018]","[0.0, 0.0, -0.923823356628418, 0.7323603630065918, -1.2947025299072266, -0.8968501091003418]",20983,20998,16,41997,true,true,true,true,,,,
726,art_cw,ft,fruit-tree-v0,model_10.pt,35,3,6,1,right,0,left,2,"[2.4858407974243164, 5.075314044952393, 4.434077739715576, 4.518851280212402, 3.7052879333496094, 3.7751243114471436]","[2.4858407974243164, 5.075314044952393, 4.434077739715576, 4.518851280212402, 3.7052879333496094, 3.7751243114471436]",1.8380919388906284e-27,1.0,true,11.51281210000161,0.1744435578584671,1.6008886098861694,0.03043055534362793,0.0,0.92303466796875,0.715660035610199,0.2843399941921234,1,right,"[3.0973970890045166, 5.153593063354492, 3.8697497844696045, 5.150590419769287, 2.507335662841797, 3.9485199451446533]","[0.6115562915802002, 0.07827901840209961, -0.5643279552459717, 0.6317391395568848, -1.1979522705078125, 0.17339563369750977]",,,,,,,,,,3,250,750
727,ray_zoo,ft,fruit-tree-v0,model_10.pt,35,4,6,1,right,0,left,2,"[2.4858407974243164, 5.075314044952393, 4.434077739715576, 4.518851280212402, 3.7052879333496094, 3.7751243114471436]","[2.4858407974243164, 5.075314044952393, 4.434077739715576, 4.518851280212402, 3.7052879333496094, 3.7751243114471436]",2.9936627178941966e-13,1.0,true,64.99721500001033,0.05598026141524315,0.5138494968414307,0.01737391948699951,0.0,0.05062103271484375,0.512652575969696,0.48734745383262634,1,right,"[2.4858407974243164, 5.075314044952393, 4.288922309875488, 4.750630855560303, 3.2702598571777344, 3.7751243114471436]","[0.0, 0.0, -0.1451554298400879, 0.2317795753479004, -0.435028076171875, 0.0]",20983,20998,16,41997,true,true,true,true,,,,
727,art_cw,ft,fruit-tree-v0,model_10.pt,35,4,6,1,right,0,left,2,"[2.4858407974243164, 5.075314044952393, 4.434077739715576, 4.518851280212402, 3.7052879333496094, 3.7751243114471436]","[2.4858407974243164, 5.075314044952393, 4.434077739715576, 4.518851280212402, 3.7052879333496094, 3.7751243114471436]",2.9936627178941966e-13,1.0,true,14.255904299992835,0.06788511574268341,0.6199730038642883,0.004608388524502516,0.0,7.981910705566406,0.9996585845947266,0.0003414694801904261,1,right,"[2.5548484325408936, 5.291727542877197, 4.248050212860107, 4.657181262969971, 3.195662021636963, 3.914083480834961]","[0.06900763511657715, 0.2164134979248047, -0.18602752685546875, 0.13832998275756836, -0.5096259117126465, 0.13895916938781738]",,,,,,,,,,3,250,750
728,ray_zoo,ft,fruit-tree-v0,model_10.pt,35,5,6,1,right,0,left,2,"[2.4858407974243164, 5.075314044952393, 4.434077739715576, 4.518851280212402, 3.7052879333496094, 3.7751243114471436]","[2.4858407974243164, 5.075314044952393, 4.434077739715576, 4.518851280212402, 3.7052879333496094, 3.7751243114471436]",1.5891787885635722e-10,1.0,true,65.34033450001152,0.08358459174633026,0.7108922004699707,0.02570401132106781,0.0,0.05030059814453125,0.5125725269317627,0.4874275028705597,1,right,"[2.4858407974243164, 5.075314044952393, 3.7231855392456055, 4.518851280212402, 3.7052879333496094, 3.7751243114471436]","[0.0, 0.0, -0.7108922004699707, 0.0, 0.0, 0.0]",20983,20998,16,41997,true,true,true,false,,,,
728,art_cw,ft,fruit-tree-v0,model_10.pt,35,5,6,1,right,0,left,2,"[2.4858407974243164, 5.075314044952393, 4.434077739715576, 4.518851280212402, 3.7052879333496094, 3.7751243114471436]","[2.4858407974243164, 5.075314044952393, 4.434077739715576, 4.518851280212402, 3.7052879333496094, 3.7751243114471436]",1.5891787885635722e-10,1.0,true,14.470830599981127,0.06134755536913872,0.5398392081260681,0.0037635224871337414,0.0,7.505012512207031,0.9994500279426575,0.0005500162951648235,1,right,"[2.594334840774536, 5.426469802856445, 4.11993932723999, 4.458482265472412, 3.52528715133667, 3.9221529960632324]","[0.10849404335021973, 0.35115575790405273, -0.31413841247558594, -0.060369014739990234, -0.18000078201293945, 0.14702868461608887]",,,,,,,,,,3,250,750
729,ray_zoo,ft,fruit-tree-v0,model_10.pt,35,6,6,0,left,1,right,2,"[2.4858407974243164, 5.075314044952393, 4.434077739715576, 4.518851280212402, 3.7052879333496094, 3.7751243114471436]","[2.4858407974243164, 5.075314044952393, 4.434077739715576, 4.518851280212402, 3.7052879333496094, 3.7751243114471436]",9.371131182536108e-28,1.0,true,64.27353589999257,0.1770613193511963,1.6510738134384155,0.09178730845451355,0.0,0.05072021484375,0.5126773118972778,0.4873226284980774,0,left,"[3.692866086959839, 5.075314044952393, 4.434077739715576, 3.3922924995422363, 3.7052879333496094, 3.7751243114471436]","[1.2070252895355225, 0.0, 0.0, -1.126558780670166, 0.0, 0.0]",20983,20998,16,41997,true,true,true,true,,,,
729,art_cw,ft,fruit-tree-v0,model_10.pt,35,6,6,0,left,1,right,2,"[2.4858407974243164, 5.075314044952393, 4.434077739715576, 4.518851280212402, 3.7052879333496094, 3.7751243114471436]","[2.4858407974243164, 5.075314044952393, 4.434077739715576, 4.518851280212402, 3.7052879333496094, 3.7751243114471436]",9.371131182536108e-28,1.0,true,12.326131599984365,0.14169903099536896,1.303497552871704,0.020078614354133606,0.0,37.91748809814453,1.0,3.409134566514413e-17,0,left,"[2.3372979164123535, 4.741988182067871, 4.718683242797852, 4.24647331237793, 4.854981422424316, 3.4768805503845215]","[-0.1485428810119629, -0.3333258628845215, 0.2846055030822754, -0.27237796783447266, 1.149693489074707, -0.29824376106262207]",,,,,,,,,,3,250,750
730,ray_zoo,ft,fruit-tree-v0,model_10.pt,43,0,6,0,left,1,right,2,"[2.8735103607177734, 0.5534063577651978, 5.416048526763916, 3.5534000396728516, 1.912075400352478, 6.769077777862549]","[2.8735103607177734, 0.5534063577651978, 5.416048526763916, 3.5534000396728516, 1.912075400352478, 6.769077777862549]",2.8216938241214527e-39,1.0,true,48.53175929997815,0.16760969161987305,1.5108267068862915,0.06284987926483154,0.0,0.051509857177734375,0.5128746032714844,0.4871253967285156,0,left,"[3.6518492698669434, 1.6936365365982056, 5.416048526763916, 2.9396729469299316, 1.912075400352478, 6.769077777862549]","[0.7783389091491699, 1.1402301788330078, 0.0, -0.6137270927429199, 0.0, 0.0]",20983,20998,16,41997,true,true,true,true,,,,
730,art_cw,ft,fruit-tree-v0,model_10.pt,43,0,6,0,left,1,right,2,"[2.8735103607177734, 0.5534063577651978, 5.416048526763916, 3.5534000396728516, 1.912075400352478, 6.769077777862549]","[2.8735103607177734, 0.5534063577651978, 5.416048526763916, 3.5534000396728516, 1.912075400352478, 6.769077777862549]",2.8216938241214527e-39,1.0,true,11.614090599992778,0.27020514011383057,2.4335811138153076,0.07301081717014313,0.0,11.163932800292969,0.9999858140945435,1.4176187505654525e-05,0,left,"[2.254138231277466, 0.5763876438140869, 6.631890296936035, 1.7122828960418701, 1.7720630168914795, 7.575663089752197]","[-0.6193721294403076, 0.02298128604888916, 1.2158417701721191, -1.8411171436309814, -0.14001238346099854, 0.8065853118896484]",,,,,,,,,,3,250,750
731,ray_zoo,ft,fruit-tree-v0,model_10.pt,43,1,6,0,left,1,right,2,"[2.8735103607177734, 0.5534063577651978, 5.416048526763916, 3.5534000396728516, 1.912075400352478, 6.769077777862549]","[2.8735103607177734, 0.5534063577651978, 5.416048526763916, 3.5534000396728516, 1.912075400352478, 6.769077777862549]",5.377250866800409e-10,1.0,true,51.66158600000199,0.04996686801314354,0.4395693838596344,0.0034934733994305134,0.0,0.050079345703125,0.5125172138214111,0.4874827563762665,0,left,"[2.8735103607177734, 0.9815566539764404, 5.416048526763916, 3.4538581371307373, 1.912075400352478, 6.769077777862549]","[0.0, 0.4281502962112427, 0.0, -0.09954190254211426, 0.0, 0.0]",20983,20998,16,41997,true,true,true,true,,,,
731,art_cw,ft,fruit-tree-v0,model_10.pt,43,1,6,0,left,1,right,2,"[2.8735103607177734, 0.5534063577651978, 5.416048526763916, 3.5534000396728516, 1.912075400352478, 6.769077777862549]","[2.8735103607177734, 0.5534063577651978, 5.416048526763916, 3.5534000396728516, 1.912075400352478, 6.769077777862549]",5.377250866800409e-10,1.0,true,12.228332600003341,0.03539399057626724,0.3155076801776886,0.0012527345679700375,0.0,4.589256286621094,0.9899417757987976,0.010058216750621796,0,left,"[2.8068723678588867, 0.5589737892150879, 5.60435676574707, 3.3145315647125244, 1.8726214170455933, 6.737475395202637]","[-0.06663799285888672, 0.005567431449890137, 0.1883082389831543, -0.23886847496032715, -0.039453983306884766, -0.03160238265991211]",,,,,,,,,,3,250,750
732,ray_zoo,ft,fruit-tree-v0,model_10.pt,43,2,6,1,right,0,left,2,"[2.8735103607177734, 0.5534063577651978, 5.416048526763916, 3.5534000396728516, 1.912075400352478, 6.769077777862549]","[2.8735103607177734, 0.5534063577651978, 5.416048526763916, 3.5534000396728516, 1.912075400352478, 6.769077777862549]",3.1853465427908055e-16,1.0,true,54.69846590000088,0.09156065434217453,0.8208264112472534,0.02196720987558365,0.0,0.05065155029296875,0.5126602053642273,0.4873397946357727,1,right,"[2.8641905784606934, 0.5557487607002258, 5.003348350524902, 4.2628326416015625, 1.9051741361618042, 6.769077777862549]","[-0.009319782257080078, 0.002342402935028076, -0.41270017623901367, 0.7094326019287109, -0.006901264190673828, 0.0]",20983,20998,16,41997,true,true,true,true,,,,
732,art_cw,ft,fruit-tree-v0,model_10.pt,43,2,6,1,right,0,left,2,"[2.8735103607177734, 0.5534063577651978, 5.416048526763916, 3.5534000396728516, 1.912075400352478, 6.769077777862549]","[2.8735103607177734, 0.5534063577651978, 5.416048526763916, 3.5534000396728516, 1.912075400352478, 6.769077777862549]",3.1853465427908055e-16,1.0,true,13.858692500012694,0.1258101463317871,1.109935998916626,0.015828192234039307,0.0,12.549640655517578,0.9999964237213135,3.5461637253320077e-06,1,right,"[2.7608487606048584, 0.5614461302757263, 4.636297225952148, 4.277547836303711, 2.040170669555664, 7.034389019012451]","[-0.11266160011291504, 0.008039772510528564, -0.7797513008117676, 0.7241477966308594, 0.12809526920318604, 0.26531124114990234]",,,,,,,,,,3,250,750
733,ray_zoo,ft,fruit-tree-v0,model_10.pt,43,3,6,1,right,0,left,2,"[2.8735103607177734, 0.5534063577651978, 5.416048526763916, 3.5534000396728516, 1.912075400352478, 6.769077777862549]","[2.8735103607177734, 0.5534063577651978, 5.416048526763916, 3.5534000396728516, 1.912075400352478, 6.769077777862549]",1.8057488837541769e-10,1.0,true,62.393039400019916,0.05121767893433571,0.45292094349861145,0.006096017546951771,0.0,0.05062103271484375,0.512652575969696,0.48734745383262634,1,right,"[2.8735103607177734, 0.5534063577651978, 5.1001996994018555, 3.788358688354492, 2.1360650062561035, 6.769077777862549]","[0.0, 0.0, -0.31584882736206055, 0.23495864868164062, 0.2239896059036255, 0.0]",20983,20998,16,41997,true,true,true,true,,,,
733,art_cw,ft,fruit-tree-v0,model_10.pt,43,3,6,1,right,0,left,2,"[2.8735103607177734, 0.5534063577651978, 5.416048526763916, 3.5534000396728516, 1.912075400352478, 6.769077777862549]","[2.8735103607177734, 0.5534063577651978, 5.416048526763916, 3.5534000396728516, 1.912075400352478, 6.769077777862549]",1.8057488837541769e-10,1.0,true,11.719410899997456,0.06829752027988434,0.6065136790275574,0.004664551466703415,0.0,6.309257507324219,0.9981839060783386,0.0018160794861614704,1,right,"[2.9555177688598633, 0.548674464225769, 5.034442901611328, 4.007494926452637, 1.959793210029602, 6.852798938751221]","[0.08200740814208984, -0.004731893539428711, -0.3816056251525879, 0.45409488677978516, 0.04771780967712402, 0.08372116088867188]",,,,,,,,,,3,250,750
734,ray_zoo,ft,fruit-tree-v0,model_10.pt,43,4,6,0,left,1,right,2,"[2.8735103607177734, 0.5534063577651978, 5.416048526763916, 3.5534000396728516, 1.912075400352478, 6.769077777862549]","[2.8735103607177734, 0.5534063577651978, 5.416048526763916, 3.5534000396728516, 1.912075400352478, 6.769077777862549]",3.171060983242491e-11,1.0,true,51.516374800004996,0.059741728007793427,0.5245242118835449,0.004065420012921095,0.0,0.05035400390625,0.5125858783721924,0.48741415143013,0,left,"[2.8735103607177734, 1.0779305696487427, 5.416048526763916, 3.5534000396728516, 1.912075400352478, 6.769077777862549]","[0.0, 0.5245242118835449, 0.0, 0.0, 0.0, 0.0]",20983,20998,16,41997,true,true,false,true,,,,
734,art_cw,ft,fruit-tree-v0,model_10.pt,43,4,6,0,left,1,right,2,"[2.8735103607177734, 0.5534063577651978, 5.416048526763916, 3.5534000396728516, 1.912075400352478, 6.769077777862549]","[2.8735103607177734, 0.5534063577651978, 5.416048526763916, 3.5534000396728516, 1.912075400352478, 6.769077777862549]",3.171060983242491e-11,1.0,true,8.022452500008512,0.06260856240987778,0.5642979145050049,0.003919832408428192,0.0,14.648311614990234,0.9999995231628418,4.3482938849592756e-07,0,left,"[2.65762996673584, 0.5705034136772156, 5.699557304382324, 3.1193833351135254, 1.8617329597473145, 6.753159046173096]","[-0.2158803939819336, 0.017097055912017822, 0.2835087776184082, -0.43401670455932617, -0.050342440605163574, -0.015918731689453125]",,,,,,,,,,3,250,750
735,ray_zoo,ft,fruit-tree-v0,model_10.pt,43,5,6,0,left,1,right,2,"[2.8735103607177734, 0.5534063577651978, 5.416048526763916, 3.5534000396728516, 1.912075400352478, 6.769077777862549]","[2.8735103607177734, 0.5534063577651978, 5.416048526763916, 3.5534000396728516, 1.912075400352478, 6.769077777862549]",6.580598804522458e-28,1.0,true,59.51827600001707,0.12795688211917877,1.143514633178711,0.03305012732744217,0.0,0.050182342529296875,0.5125429630279541,0.4874570071697235,0,left,"[3.336589813232422, 1.5057013034820557, 5.415882587432861, 3.1219265460968018, 1.904430627822876, 6.7596025466918945]","[0.46307945251464844, 0.9522949457168579, -0.0001659393310546875, -0.4314734935760498, -0.007644772529602051, -0.009475231170654297]",20983,20998,16,41997,true,true,true,true,,,,
735,art_cw,ft,fruit-tree-v0,model_10.pt,43,5,6,0,left,1,right,2,"[2.8735103607177734, 0.5534063577651978, 5.416048526763916, 3.5534000396728516, 1.912075400352478, 6.769077777862549]","[2.8735103607177734, 0.5534063577651978, 5.416048526763916, 3.5534000396728516, 1.912075400352478, 6.769077777862549]",6.580598804522458e-28,1.0,true,9.613286800013157,0.24048617482185364,2.1422996520996094,0.05783359706401825,0.0,5.864383697509766,0.9971693158149719,0.0028307363390922546,0,left,"[2.8835020065307617, 0.5610511302947998, 6.691603183746338, 1.925118327140808, 1.6539061069488525, 6.274813175201416]","[0.009991645812988281, 0.007644772529602051, 1.2755546569824219, -1.6282817125320435, -0.2581692934036255, -0.4942646026611328]",,,,,,,,,,3,250,750
736,ray_zoo,ft,fruit-tree-v0,model_10.pt,43,6,6,1,right,0,left,2,"[2.8735103607177734, 0.5534063577651978, 5.416048526763916, 3.5534000396728516, 1.912075400352478, 6.769077777862549]","[2.8735103607177734, 0.5534063577651978, 5.416048526763916, 3.5534000396728516, 1.912075400352478, 6.769077777862549]",7.415020680801021e-11,1.0,true,58.54130450001685,0.05082334205508232,0.4557417333126068,0.006763482466340065,0.0,0.0501708984375,0.5125400424003601,0.4874598979949951,1,right,"[2.8683691024780273, 0.5533194541931152, 5.188385009765625, 3.9478249549865723, 1.9267387390136719, 6.761502265930176]","[-0.005141258239746094, -8.690357208251953e-05, -0.22766351699829102, 0.3944249153137207, 0.014663338661193848, -0.007575511932373047]",20983,20998,16,41997,true,true,false,true,,,,
736,art_cw,ft,fruit-tree-v0,model_10.pt,43,6,6,1,right,0,left,2,"[2.8735103607177734, 0.5534063577651978, 5.416048526763916, 3.5534000396728516, 1.912075400352478, 6.769077777862549]","[2.8735103607177734, 0.5534063577651978, 5.416048526763916, 3.5534000396728516, 1.912075400352478, 6.769077777862549]",7.415020680801021e-11,1.0,true,9.623463600000832,0.07406845688819885,0.6676042079925537,0.005486136302351952,0.0,9.317153930664062,0.9999101161956787,8.986124157672748e-05,1,right,"[3.0767905712127686, 0.5403420925140381, 5.099423885345459, 4.104583740234375, 1.9175549745559692, 6.77990198135376]","[0.20328021049499512, -0.013064265251159668, -0.31662464141845703, 0.5511837005615234, 0.005479574203491211, 0.010824203491210938]",,,,,,,,,,3,250,750
737,ray_zoo,ft,fruit-tree-v0,model_10.pt,52,0,6,0,left,1,right,2,"[3.4315340518951416, 0.0934949666261673, 5.550422191619873, 0.7685859799385071, 6.173673629760742, 4.324774742126465]","[3.4315340518951416, 0.0934949666261673, 5.550422191619873, 0.7685859799385071, 6.173673629760742, 4.324774742126465]",7.891261949444228e-11,1.0,true,53.48867330001667,0.33338892459869385,2.9369750022888184,0.11986233294010162,0.0,0.05450439453125,0.5136227011680603,0.4863772690296173,0,left,"[4.0623779296875, 2.9619193077087402, 5.550422191619873, 0.7685859799385071, 6.173673629760742, 4.324774742126465]","[0.6308438777923584, 2.868424415588379, 0.0, 0.0, 0.0, 0.0]",20983,20998,16,41997,true,true,true,true,,,,
737,art_cw,ft,fruit-tree-v0,model_10.pt,52,0,6,0,left,1,right,2,"[3.4315340518951416, 0.0934949666261673, 5.550422191619873, 0.7685859799385071, 6.173673629760742, 4.324774742126465]","[3.4315340518951416, 0.0934949666261673, 5.550422191619873, 0.7685859799385071, 6.173673629760742, 4.324774742126465]",7.891261949444228e-11,1.0,true,7.170278200006578,0.12541452050209045,1.1622499227523804,0.015728801488876343,0.0,5.337455749511719,0.9952149391174316,0.004785081371665001,0,left,"[3.7422268390655518, 0.09256714582443237, 5.615811824798584, 1.2422372102737427, 7.157248497009277, 4.083417892456055]","[0.31069278717041016, -0.0009278208017349243, 0.06538963317871094, 0.4736512303352356, 0.9835748672485352, -0.24135684967041016]",,,,,,,,,,3,250,750
738,ray_zoo,ft,fruit-tree-v0,model_10.pt,52,1,6,1,right,0,left,2,"[3.4315340518951416, 0.0934949666261673, 5.550422191619873, 0.7685859799385071, 6.173673629760742, 4.324774742126465]","[3.4315340518951416, 0.0934949666261673, 5.550422191619873, 0.7685859799385071, 6.173673629760742, 4.324774742126465]",5.915069323236821e-09,1.0,true,29.20991979999235,0.07878541946411133,0.6700749397277832,0.014574536122381687,0.0,0.05010223388671875,0.5125229954719543,0.48747706413269043,1,right,"[3.4315340518951416, 0.0934949666261673, 4.88034725189209, 0.7685859799385071, 6.173673629760742, 4.324774742126465]","[0.0, 0.0, -0.6700749397277832, 0.0, 0.0, 0.0]",20983,20998,16,41997,true,true,true,true,,,,
738,art_cw,ft,fruit-tree-v0,model_10.pt,52,1,6,1,right,0,left,2,"[3.4315340518951416, 0.0934949666261673, 5.550422191619873, 0.7685859799385071, 6.173673629760742, 4.324774742126465]","[3.4315340518951416, 0.0934949666261673, 5.550422191619873, 0.7685859799385071, 6.173673629760742, 4.324774742126465]",5.915069323236821e-09,1.0,true,7.235540299996501,0.07111667841672897,0.6332247257232666,0.005057581700384617,0.0,7.326972961425781,0.9993428587913513,0.0006571289268322289,1,right,"[3.7830810546875, 0.09301770478487015, 5.091917991638184, 0.6424926519393921, 6.230458736419678, 4.543950080871582]","[0.3515470027923584, -0.00047726184129714966, -0.45850419998168945, -0.126093327999115, 0.05678510665893555, 0.2191753387451172]",,,,,,,,,,3,250,750
739,ray_zoo,ft,fruit-tree-v0,model_10.pt,52,2,6,0,left,1,right,2,"[3.4315340518951416, 0.0934949666261673, 5.550422191619873, 0.7685859799385071, 6.173673629760742, 4.324774742126465]","[3.4315340518951416, 0.0934949666261673, 5.550422191619873, 0.7685859799385071, 6.173673629760742, 4.324774742126465]",6.860948786879817e-08,0.9999998807907104,true,29.575919700000668,0.1461791843175888,1.2834333181381226,0.02183082513511181,0.0,0.05028533935546875,0.5125687122344971,0.4874313473701477,0,left,"[3.4315340518951416, 1.3769283294677734, 5.550422191619873, 0.7685859799385071, 6.173673629760742, 4.324774742126465]","[0.0, 1.2834333181381226, 0.0, 0.0, 0.0, 0.0]",20983,20998,16,41997,true,true,false,true,,,,
739,art_cw,ft,fruit-tree-v0,model_10.pt,52,2,6,0,left,1,right,2,"[3.4315340518951416, 0.0934949666261673, 5.550422191619873, 0.7685859799385071, 6.173673629760742, 4.324774742126465]","[3.4315340518951416, 0.0934949666261673, 5.550422191619873, 0.7685859799385071, 6.173673629760742, 4.324774742126465]",6.860948786879817e-08,0.9999998807907104,true,6.511311600013869,0.06225404143333435,0.5558149218559265,0.0038755654823035,0.0,9.002174377441406,0.999876856803894,0.00012312659237068146,0,left,"[3.2037301063537598, 0.0939694344997406, 5.928354263305664, 0.9181199073791504, 6.164933681488037, 4.021845817565918]","[-0.22780394554138184, 0.0004744678735733032, 0.377932071685791, 0.1495339274406433, -0.008739948272705078, -0.3029289245605469]",,,,,,,,,,3,250,750
740,ray_zoo,ft,fruit-tree-v0,model_10.pt,52,3,6,1,right,0,left,2,"[3.4315340518951416, 0.0934949666261673, 5.550422191619873, 0.7685859799385071, 6.173673629760742, 4.324774742126465]","[3.4315340518951416, 0.0934949666261673, 5.550422191619873, 0.7685859799385071, 6.173673629760742, 4.324774742126465]",1.6709131855918713e-08,1.0,true,29.625427199993283,0.07474968582391739,0.6357507705688477,0.013119634240865707,0.0,0.050319671630859375,0.5125772953033447,0.48742276430130005,1,right,"[3.4315340518951416, 0.0934949666261673, 4.914671421051025, 0.7685859799385071, 6.173673629760742, 4.324774742126465]","[0.0, 0.0, -0.6357507705688477, 0.0, 0.0, 0.0]",20983,20998,16,41997,true,true,true,true,,,,
740,art_cw,ft,fruit-tree-v0,model_10.pt,52,3,6,1,right,0,left,2,"[3.4315340518951416, 0.0934949666261673, 5.550422191619873, 0.7685859799385071, 6.173673629760742, 4.324774742126465]","[3.4315340518951416, 0.0934949666261673, 5.550422191619873, 0.7685859799385071, 6.173673629760742, 4.324774742126465]",1.6709131855918713e-08,1.0,true,8.061254900007043,0.06368087232112885,0.558164656162262,0.004055253230035305,0.0,5.315181732177734,0.9951076507568359,0.004892332479357719,1,right,"[3.6736412048339844, 0.09322751313447952, 5.092179775238037, 0.6390722990036011, 6.211228847503662, 4.482132911682129]","[0.24210715293884277, -0.00026745349168777466, -0.45824241638183594, -0.129513680934906, 0.03755521774291992, 0.15735816955566406]",,,,,,,,,,3,250,750
741,ray_zoo,ft,fruit-tree-v0,model_10.pt,52,4,6,0,left,1,right,2,"[3.4315340518951416, 0.0934949666261673, 5.550422191619873, 0.7685859799385071, 6.173673629760742, 4.324774742126465]","[3.4315340518951416, 0.0934949666261673, 5.550422191619873, 0.7685859799385071, 6.173673629760742, 4.324774742126465]",6.188268213830339e-14,1.0,true,29.654809400002705,0.052717678248882294,0.4750344455242157,0.0031427000649273396,0.0,0.0500946044921875,0.5125210285186768,0.48747897148132324,0,left,"[3.4315340518951416, 0.371029794216156, 5.550422191619873, 1.1541143655776978, 6.173673629760742, 4.324774742126465]","[0.0, 0.2775348424911499, 0.0, 0.3855283856391907, 0.0, 0.0]",20983,20998,16,41997,true,true,true,true,,,,
741,art_cw,ft,fruit-tree-v0,model_10.pt,52,4,6,0,left,1,right,2,"[3.4315340518951416, 0.0934949666261673, 5.550422191619873, 0.7685859799385071, 6.173673629760742, 4.324774742126465]","[3.4315340518951416, 0.0934949666261673, 5.550422191619873, 0.7685859799385071, 6.173673629760742, 4.324774742126465]",6.188268213830339e-14,1.0,true,7.296509800013155,0.083118736743927,0.7757794260978699,0.006908724084496498,0.0,3.338916778564453,0.9657400250434875,0.03425997868180275,0,left,"[2.743521213531494, 0.09512074291706085, 5.822801113128662, 0.9009912610054016, 6.307959079742432, 4.461579322814941]","[-0.6880128383636475, 0.0016257762908935547, 0.27237892150878906, 0.13240528106689453, 0.13428544998168945, 0.13680458068847656]",,,,,,,,,,3,250,750
742,ray_zoo,ft,fruit-tree-v0,model_10.pt,52,5,6,0,left,1,right,2,"[3.4315340518951416, 0.0934949666261673, 5.550422191619873, 0.7685859799385071, 6.173673629760742, 4.324774742126465]","[3.4315340518951416, 0.0934949666261673, 5.550422191619873, 0.7685859799385071, 6.173673629760742, 4.324774742126465]",3.3958712890594263e-31,1.0,true,30.426064600003883,0.38695549964904785,3.4115443229675293,0.16445443034172058,0.0,0.0552825927734375,0.5138171315193176,0.4861828684806824,0,left,"[4.083620071411133, 3.392516851425171, 5.550422191619873, 0.7685859799385071, 5.59932804107666, 4.324774742126465]","[0.6520860195159912, 3.2990219593048096, 0.0, 0.0, -0.574345588684082, 0.0]",20983,20998,16,41997,true,true,true,true,,,,
742,art_cw,ft,fruit-tree-v0,model_10.pt,52,5,6,0,left,1,right,2,"[3.4315340518951416, 0.0934949666261673, 5.550422191619873, 0.7685859799385071, 6.173673629760742, 4.324774742126465]","[3.4315340518951416, 0.0934949666261673, 5.550422191619873, 0.7685859799385071, 6.173673629760742, 4.324774742126465]",3.3958712890594263e-31,1.0,true,7.236698799999431,0.16045230627059937,1.4384061098098755,0.02574494108557701,0.0,14.145370483398438,0.9999992847442627,7.190238875409705e-07,0,left,"[3.0025548934936523, 0.09402922540903091, 6.4584269523620605, 1.1999863386154175, 5.921911716461182, 3.4242050647735596]","[-0.42897915840148926, 0.0005342587828636169, 0.9080047607421875, 0.4314003586769104, -0.25176191329956055, -0.9005696773529053]",,,,,,,,,,3,250,750
743,ray_zoo,ft,fruit-tree-v0,model_10.pt,52,6,6,1,right,0,left,2,"[3.4315340518951416, 0.0934949666261673, 5.550422191619873, 0.7685859799385071, 6.173673629760742, 4.324774742126465]","[3.4315340518951416, 0.0934949666261673, 5.550422191619873, 0.7685859799385071, 6.173673629760742, 4.324774742126465]",1.7867735286128394e-12,1.0,true,30.56494810001459,0.11112163215875626,1.0308294296264648,0.027879582718014717,0.0,0.050628662109375,0.5126544833183289,0.48734554648399353,1,right,"[3.4315340518951416, 0.0934949666261673, 5.550422191619873, 0.7685859799385071, 5.142844200134277, 4.324774742126465]","[0.0, 0.0, 0.0, 0.0, -1.0308294296264648, 0.0]",20983,20998,16,41997,true,true,false,true,,,,
743,art_cw,ft,fruit-tree-v0,model_10.pt,52,6,6,1,right,0,left,2,"[3.4315340518951416, 0.0934949666261673, 5.550422191619873, 0.7685859799385071, 6.173673629760742, 4.324774742126465]","[3.4315340518951416, 0.0934949666261673, 5.550422191619873, 0.7685859799385071, 6.173673629760742, 4.324774742126465]",1.7867735286128394e-12,1.0,true,7.4015904999978375,0.08747109770774841,0.823246955871582,0.007651193533092737,0.0,12.011375427246094,0.9999939203262329,6.074678367440356e-06,1,right,"[4.108299255371094, 0.09166315197944641, 5.4445719718933105, 0.6670693159103394, 5.8313140869140625, 4.040167808532715]","[0.6767652034759521, -0.0018318146467208862, -0.1058502197265625, -0.10151666402816772, -0.3423595428466797, -0.28460693359375]",,,,,,,,,,3,250,750
744,ray_zoo,ft,fruit-tree-v0,model_10.pt,60,0,6,0,left,1,right,2,"[3.9134256839752197, 1.0301706790924072, 1.5415339469909668, 9.003777503967285, 0.12064941227436066, 0.40615585446357727]","[3.9134256839752197, 1.0301706790924072, 1.5415339469909668, 9.003777503967285, 0.12064941227436066, 0.40615585446357727]",2.0679402634726785e-11,1.0,true,29.006868399999803,0.04686281085014343,0.43432801961898804,0.0022548602428287268,0.0,0.050811767578125,0.5127002000808716,0.48729977011680603,0,left,"[3.9134256839752197, 1.0301706790924072, 1.5415339469909668, 8.897249221801758, 0.541710615158081, 0.40615585446357727]","[0.0, 0.0, 0.0, -0.10652828216552734, 0.4210612177848816, 0.0]",20983,20998,16,41997,true,true,true,true,,,,
744,art_cw,ft,fruit-tree-v0,model_10.pt,60,0,6,0,left,1,right,2,"[3.9134256839752197, 1.0301706790924072, 1.5415339469909668, 9.003777503967285, 0.12064941227436066, 0.40615585446357727]","[3.9134256839752197, 1.0301706790924072, 1.5415339469909668, 9.003777503967285, 0.12064941227436066, 0.40615585446357727]",2.0679402634726785e-11,1.0,true,8.355096499988576,0.07949680089950562,0.7527115345001221,0.006319740787148476,0.0,3.665790557861328,0.9750542044639587,0.024945726618170738,0,left,"[4.648303985595703, 0.8950832486152649, 1.5535861253738403, 9.00222110748291, 0.12479987740516663, 0.3160724937915802]","[0.7348783016204834, -0.13508743047714233, 0.012052178382873535, -0.001556396484375, 0.004150465130805969, -0.09008336067199707]",,,,,,,,,,3,250,750
745,ray_zoo,ft,fruit-tree-v0,model_10.pt,60,1,6,1,right,0,left,2,"[3.9134256839752197, 1.0301706790924072, 1.5415339469909668, 9.003777503967285, 0.12064941227436066, 0.40615585446357727]","[3.9134256839752197, 1.0301706790924072, 1.5415339469909668, 9.003777503967285, 0.12064941227436066, 0.40615585446357727]",3.0959227694492275e-13,1.0,true,29.43923280001036,0.07208606600761414,0.6716704368591309,0.005680864676833153,0.0,0.050334930419921875,0.5125810503959656,0.4874189496040344,1,right,"[3.9134256839752197, 1.0301706790924072, 1.5415339469909668, 9.003777503967285, 0.12064941227436066, 1.0778262615203857]","[0.0, 0.0, 0.0, 0.0, 0.0, 0.6716704368591309]",20983,20998,16,41997,true,true,false,true,,,,
745,art_cw,ft,fruit-tree-v0,model_10.pt,60,1,6,1,right,0,left,2,"[3.9134256839752197, 1.0301706790924072, 1.5415339469909668, 9.003777503967285, 0.12064941227436066, 0.40615585446357727]","[3.9134256839752197, 1.0301706790924072, 1.5415339469909668, 9.003777503967285, 0.12064941227436066, 0.40615585446357727]",3.0959227694492275e-13,1.0,true,7.045985400007339,0.07381197065114975,0.6875815987586975,0.005448207259178162,0.0,0.30004119873046875,0.5744525790214539,0.42554742097854614,1,right,"[4.136434555053711, 1.0228556394577026, 1.4394237995147705, 9.012797355651855, 0.11230725049972534, 1.0483431816101074]","[0.2230088710784912, -0.00731503963470459, -0.10211014747619629, 0.009019851684570312, -0.008342161774635315, 0.6421873569488525]",,,,,,,,,,3,250,750
746,ray_zoo,ft,fruit-tree-v0,model_10.pt,60,2,6,0,left,1,right,2,"[3.9134256839752197, 1.0301706790924072, 1.5415339469909668, 9.003777503967285, 0.12064941227436066, 0.40615585446357727]","[3.9134256839752197, 1.0301706790924072, 1.5415339469909668, 9.003777503967285, 0.12064941227436066, 0.40615585446357727]",2.9511249000080397e-10,1.0,true,32.6023097000143,0.043525710701942444,0.4037700295448303,0.0019447443773970008,0.0,0.05016326904296875,0.5125381946563721,0.48746180534362793,0,left,"[3.9134256839752197, 1.0301706790924072, 1.5415339469909668, 9.003777503967285, 0.5244194269180298, 0.40615585446357727]","[0.0, 0.0, 0.0, 0.0, 0.4037700295448303, 0.0]",20983,20998,16,41997,true,true,true,true,,,,
746,art_cw,ft,fruit-tree-v0,model_10.pt,60,2,6,0,left,1,right,2,"[3.9134256839752197, 1.0301706790924072, 1.5415339469909668, 9.003777503967285, 0.12064941227436066, 0.40615585446357727]","[3.9134256839752197, 1.0301706790924072, 1.5415339469909668, 9.003777503967285, 0.12064941227436066, 0.40615585446357727]",2.9511249000080397e-10,1.0,true,6.82262510000146,0.10222535580396652,0.9653211236000061,0.010450023226439953,0.0,24.57953643798828,1.0,2.1146716322473225e-11,0,left,"[4.837080955505371, 0.8439612984657288, 1.4190895557403564, 9.00006103515625, 0.12914195656776428, 0.23599915206432343]","[0.9236552715301514, -0.18620938062667847, -0.12244439125061035, -0.0037164688110351562, 0.008492544293403625, -0.17015670239925385]",,,,,,,,,,3,250,750
747,ray_zoo,ft,fruit-tree-v0,model_10.pt,60,3,6,1,right,0,left,2,"[3.9134256839752197, 1.0301706790924072, 1.5415339469909668, 9.003777503967285, 0.12064941227436066, 0.40615585446357727]","[3.9134256839752197, 1.0301706790924072, 1.5415339469909668, 9.003777503967285, 0.12064941227436066, 0.40615585446357727]",1.2746348421188713e-09,1.0,true,54.46341029999894,0.0371619313955307,0.34447020292282104,0.0015773298218846321,0.0,0.050159454345703125,0.5125372409820557,0.4874627888202667,1,right,"[3.9057118892669678, 1.0296698808670044, 1.6201637983322144, 9.004515647888184, 0.13199539482593536, 0.7412499189376831]","[-0.007713794708251953, -0.000500798225402832, 0.07862985134124756, 0.0007381439208984375, 0.011345982551574707, 0.33509406447410583]",20983,20998,16,41997,true,true,false,true,,,,
747,art_cw,ft,fruit-tree-v0,model_10.pt,60,3,6,1,right,0,left,2,"[3.9134256839752197, 1.0301706790924072, 1.5415339469909668, 9.003777503967285, 0.12064941227436066, 0.40615585446357727]","[3.9134256839752197, 1.0301706790924072, 1.5415339469909668, 9.003777503967285, 0.12064941227436066, 0.40615585446357727]",1.2746348421188713e-09,1.0,true,8.406958300009137,0.06888623535633087,0.6392443776130676,0.004745312966406345,0.0,8.334564208984375,0.9997599720954895,0.00024001616111490875,1,right,"[3.7078065872192383, 1.0291281938552856, 1.3847918510437012, 9.01867961883545, 0.10441990941762924, 0.9903643131256104]","[-0.20561909675598145, -0.001042485237121582, -0.15674209594726562, 0.014902114868164062, -0.016229502856731415, 0.5842084884643555]",,,,,,,,,,3,250,750
748,ray_zoo,ft,fruit-tree-v0,model_10.pt,60,4,6,0,left,1,right,2,"[3.9134256839752197, 1.0301706790924072, 1.5415339469909668, 9.003777503967285, 0.12064941227436066, 0.40615585446357727]","[3.9134256839752197, 1.0301706790924072, 1.5415339469909668, 9.003777503967285, 0.12064941227436066, 0.40615585446357727]",7.889553899076418e-09,1.0,true,65.35632049999549,0.04882919415831566,0.45173561573028564,0.0024783345870673656,0.0,0.050445556640625,0.5126087069511414,0.48739126324653625,0,left,"[3.9134256839752197, 1.1261845827102661, 1.5415339469909668, 8.966435432434082, 0.5604811310768127, 0.40615585446357727]","[0.0, 0.09601390361785889, 0.0, -0.037342071533203125, 0.4398317337036133, 0.0]",20983,20998,16,41997,true,true,true,true,,,,
748,art_cw,ft,fruit-tree-v0,model_10.pt,60,4,6,0,left,1,right,2,"[3.9134256839752197, 1.0301706790924072, 1.5415339469909668, 9.003777503967285, 0.12064941227436066, 0.40615585446357727]","[3.9134256839752197, 1.0301706790924072, 1.5415339469909668, 9.003777503967285, 0.12064941227436066, 0.40615585446357727]",7.889553899076418e-09,1.0,true,7.367145900003379,0.08709955215454102,0.8111332654953003,0.0075863320380449295,0.0,2.108783721923828,0.8917539119720459,0.10824601352214813,0,left,"[3.1822338104248047, 1.082959532737732, 1.8605797290802002, 9.00114917755127, 0.12542188167572021, 0.2694478929042816]","[-0.731191873550415, 0.05278885364532471, 0.3190457820892334, -0.002628326416015625, 0.004772469401359558, -0.13670796155929565]",,,,,,,,,,3,250,750
749,ray_zoo,ft,fruit-tree-v0,model_10.pt,60,5,6,1,right,0,left,2,"[3.9134256839752197, 1.0301706790924072, 1.5415339469909668, 9.003777503967285, 0.12064941227436066, 0.40615585446357727]","[3.9134256839752197, 1.0301706790924072, 1.5415339469909668, 9.003777503967285, 0.12064941227436066, 0.40615585446357727]",4.550949416946073e-21,1.0,true,59.36147990002064,0.14795605838298798,1.3785980939865112,0.02393190935254097,0.0,0.05023193359375,0.5125553607940674,0.48744460940361023,1,right,"[3.9134256839752197, 1.0301706790924072, 1.5415339469909668, 9.003777503967285, 0.12064941227436066, 1.7847539186477661]","[0.0, 0.0, 0.0, 0.0, 0.0, 1.3785980939865112]",20983,20998,16,41997,true,true,false,true,,,,
749,art_cw,ft,fruit-tree-v0,model_10.pt,60,5,6,1,right,0,left,2,"[3.9134256839752197, 1.0301706790924072, 1.5415339469909668, 9.003777503967285, 0.12064941227436066, 0.40615585446357727]","[3.9134256839752197, 1.0301706790924072, 1.5415339469909668, 9.003777503967285, 0.12064941227436066, 0.40615585446357727]",4.550949416946073e-21,1.0,true,15.033764399995562,0.1742183417081833,1.6229684352874756,0.0303520318120718,0.0,4.8675689697265625,0.99236661195755,0.007633325643837452,1,right,"[3.9814438819885254, 1.1181700229644775, 1.5056043863296509, 9.018868446350098, 0.09712159633636475, 2.0246686935424805]","[0.06801819801330566, 0.08799934387207031, -0.03592956066131592, 0.0150909423828125, -0.02352781593799591, 1.6185128688812256]",,,,,,,,,,3,250,750
750,ray_zoo,ft,fruit-tree-v0,model_10.pt,60,6,6,0,left,1,right,2,"[3.9134256839752197, 1.0301706790924072, 1.5415339469909668, 9.003777503967285, 0.12064941227436066, 0.40615585446357727]","[3.9134256839752197, 1.0301706790924072, 1.5415339469909668, 9.003777503967285, 0.12064941227436066, 0.40615585446357727]",1.9802914210647003e-35,1.0,true,62.07983430000604,0.6309909224510193,5.824688911437988,0.45023012161254883,0.0,0.054149627685546875,0.5135340690612793,0.4864659011363983,0,left,"[4.7874956130981445, 2.921466827392578, 1.5415339469909668, 7.100873947143555, 2.988121271133423, 4.618348121643066]","[0.8740699291229248, 1.891296148300171, 0.0, -1.9029035568237305, 2.867471933364868, 4.212192058563232]",20983,20998,16,41997,true,true,true,true,,,,
750,art_cw,ft,fruit-tree-v0,model_10.pt,60,6,6,0,left,1,right,2,"[3.9134256839752197, 1.0301706790924072, 1.5415339469909668, 9.003777503967285, 0.12064941227436066, 0.40615585446357727]","[3.9134256839752197, 1.0301706790924072, 1.5415339469909668, 9.003777503967285, 0.12064941227436066, 0.40615585446357727]",1.9802914210647003e-35,1.0,true,12.103982300002826,0.48091959953308105,4.522332191467285,0.23128366470336914,0.0,2.5574951171875,0.92807537317276,0.07192456722259521,0,left,"[8.236555099487305, 1.1147407293319702, 0.262256383895874, 8.999222755432129, 0.16917462646961212, 0.06562861800193787]","[4.323129653930664, 0.08457005023956299, -1.2792775630950928, -0.00455474853515625, 0.048525214195251465, -0.3405272364616394]",,,,,,,,,,3,250,750
751,ray_zoo,ft,fruit-tree-v0,model_10.pt,69,0,6,0,left,1,right,2,"[4.905416011810303, 6.6846208572387695, 3.2935233116149902, 1.2507531642913818, 4.1441874504089355, 1.29103422164917]","[4.905416011810303, 6.6846208572387695, 3.2935233116149902, 1.2507531642913818, 4.1441874504089355, 1.29103422164917]",1.6941846776445633e-17,1.0,true,64.18017609999515,0.16778331995010376,1.5273289680480957,0.15486212074756622,0.0,0.05059051513671875,0.5126449465751648,0.4873550534248352,0,left,"[6.124335289001465, 6.59694242477417, 2.384263038635254, 1.1388249397277832, 4.1441874504089355, 1.29103422164917]","[1.218919277191162, -0.08767843246459961, -0.9092602729797363, -0.11192822456359863, 0.0, 0.0]",20983,20998,16,41997,true,true,true,true,,,,
751,art_cw,ft,fruit-tree-v0,model_10.pt,69,0,6,0,left,1,right,2,"[4.905416011810303, 6.6846208572387695, 3.2935233116149902, 1.2507531642913818, 4.1441874504089355, 1.29103422164917]","[4.905416011810303, 6.6846208572387695, 3.2935233116149902, 1.2507531642913818, 4.1441874504089355, 1.29103422164917]",1.6941846776445633e-17,1.0,true,10.683381799986819,0.15276828408241272,1.4284354448318481,0.02333814650774002,0.0,13.652046203613281,0.9999988079071045,1.1775820212278632e-06,0,left,"[5.857152462005615, 6.3936944007873535, 3.417767286300659, 1.6243705749511719, 4.350242614746094, 2.2143447399139404]","[0.9517364501953125, -0.290926456451416, 0.12424397468566895, 0.37361741065979004, 0.2060551643371582, 0.9233105182647705]",,,,,,,,,,3,250,750
752,ray_zoo,ft,fruit-tree-v0,model_10.pt,69,1,6,0,left,1,right,2,"[4.905416011810303, 6.6846208572387695, 3.2935233116149902, 1.2507531642913818, 4.1441874504089355, 1.29103422164917]","[4.905416011810303, 6.6846208572387695, 3.2935233116149902, 1.2507531642913818, 4.1441874504089355, 1.29103422164917]",4.646564910615325e-09,1.0,true,59.126166200003354,0.043479349464178085,0.38490021228790283,0.014839723706245422,0.0,0.05035400390625,0.5125858783721924,0.48741415143013,0,left,"[5.1359992027282715, 6.6846208572387695, 2.9960875511169434, 1.170059084892273, 4.1441874504089355, 1.29103422164917]","[0.23058319091796875, 0.0, -0.2974357604980469, -0.08069407939910889, 0.0, 0.0]",20983,20998,16,41997,true,true,true,true,,,,
752,art_cw,ft,fruit-tree-v0,model_10.pt,69,1,6,0,left,1,right,2,"[4.905416011810303, 6.6846208572387695, 3.2935233116149902, 1.2507531642913818, 4.1441874504089355, 1.29103422164917]","[4.905416011810303, 6.6846208572387695, 3.2935233116149902, 1.2507531642913818, 4.1441874504089355, 1.29103422164917]",4.646564910615325e-09,1.0,true,10.063563000003342,0.036553602665662766,0.33081600069999695,0.0013361659366637468,0.0,12.163646697998047,0.9999947547912598,5.216666977503337e-06,0,left,"[5.024178981781006, 6.755424499511719, 3.1297309398651123, 1.0905426740646362, 4.055258274078369, 1.4640015363693237]","[0.11876296997070312, 0.07080364227294922, -0.16379237174987793, -0.1602104902267456, -0.0889291763305664, 0.1729673147201538]",,,,,,,,,,3,250,750
753,ray_zoo,ft,fruit-tree-v0,model_10.pt,69,2,6,1,right,0,left,2,"[4.905416011810303, 6.6846208572387695, 3.2935233116149902, 1.2507531642913818, 4.1441874504089355, 1.29103422164917]","[4.905416011810303, 6.6846208572387695, 3.2935233116149902, 1.2507531642913818, 4.1441874504089355, 1.29103422164917]",2.1894870638750064e-10,1.0,true,61.26013760000933,0.0374457873404026,0.3422047793865204,0.001887793536297977,0.0,0.05004119873046875,0.5125076770782471,0.4874923527240753,1,right,"[4.890883445739746, 6.6846208572387695, 3.2935233116149902, 1.592649221420288, 4.1441874504089355, 1.29103422164917]","[-0.01453256607055664, 0.0, 0.0, 0.34189605712890625, 0.0, 0.0]",20983,20998,16,41997,true,true,true,true,,,,
753,art_cw,ft,fruit-tree-v0,model_10.pt,69,2,6,1,right,0,left,2,"[4.905416011810303, 6.6846208572387695, 3.2935233116149902, 1.2507531642913818, 4.1441874504089355, 1.29103422164917]","[4.905416011810303, 6.6846208572387695, 3.2935233116149902, 1.2507531642913818, 4.1441874504089355, 1.29103422164917]",2.1894870638750064e-10,1.0,true,11.022092300001532,0.03683795779943466,0.34052062034606934,0.0013570350129157305,0.0,0.133514404296875,0.5333291292190552,0.4666709005832672,1,right,"[4.668917179107666, 6.685791015625, 3.410788059234619, 1.4184088706970215, 4.044334888458252, 1.2005287408828735]","[-0.23649883270263672, 0.0011701583862304688, 0.1172647476196289, 0.16765570640563965, -0.0998525619506836, -0.09050548076629639]",,,,,,,,,,3,250,750
754,ray_zoo,ft,fruit-tree-v0,model_10.pt,69,3,6,1,right,0,left,2,"[4.905416011810303, 6.6846208572387695, 3.2935233116149902, 1.2507531642913818, 4.1441874504089355, 1.29103422164917]","[4.905416011810303, 6.6846208572387695, 3.2935233116149902, 1.2507531642913818, 4.1441874504089355, 1.29103422164917]",6.225860715858289e-09,1.0,true,63.82405409999774,0.031926222145557404,0.29174375534057617,0.001368187484331429,0.0,0.05045318603515625,0.5126106142997742,0.48738935589790344,1,right,"[4.905416011810303, 6.6846208572387695, 3.2935233116149902, 1.542496919631958, 4.1441874504089355, 1.29103422164917]","[0.0, 0.0, 0.0, 0.29174375534057617, 0.0, 0.0]",20983,20998,16,41997,true,true,false,true,,,,
754,art_cw,ft,fruit-tree-v0,model_10.pt,69,3,6,1,right,0,left,2,"[4.905416011810303, 6.6846208572387695, 3.2935233116149902, 1.2507531642913818, 4.1441874504089355, 1.29103422164917]","[4.905416011810303, 6.6846208572387695, 3.2935233116149902, 1.2507531642913818, 4.1441874504089355, 1.29103422164917]",6.225860715858289e-09,1.0,true,11.005378899979405,0.034783847630023956,0.31528690457344055,0.0012099160812795162,0.0,5.768913269042969,0.9968865513801575,0.003113426035270095,1,right,"[4.746681213378906, 6.6412224769592285, 3.454909324645996, 1.4194103479385376, 4.14584493637085, 1.1574968099594116]","[-0.15873479843139648, -0.043398380279541016, 0.16138601303100586, 0.16865718364715576, 0.0016574859619140625, -0.1335374116897583]",,,,,,,,,,3,250,750
755,ray_zoo,ft,fruit-tree-v0,model_10.pt,69,4,6,1,right,0,left,2,"[4.905416011810303, 6.6846208572387695, 3.2935233116149902, 1.2507531642913818, 4.1441874504089355, 1.29103422164917]","[4.905416011810303, 6.6846208572387695, 3.2935233116149902, 1.2507531642913818, 4.1441874504089355, 1.29103422164917]",7.863102905710303e-19,1.0,true,55.10826629999792,0.09186918288469315,0.8395061492919922,0.011328966356813908,0.0,0.0506134033203125,0.5126506090164185,0.48734936118125916,1,right,"[4.905416011810303, 6.6846208572387695, 3.2935233116149902, 2.090259313583374, 4.1441874504089355, 1.29103422164917]","[0.0, 0.0, 0.0, 0.8395061492919922, 0.0, 0.0]",20983,20998,16,41997,true,true,true,true,,,,
755,art_cw,ft,fruit-tree-v0,model_10.pt,69,4,6,1,right,0,left,2,"[4.905416011810303, 6.6846208572387695, 3.2935233116149902, 1.2507531642913818, 4.1441874504089355, 1.29103422164917]","[4.905416011810303, 6.6846208572387695, 3.2935233116149902, 1.2507531642913818, 4.1441874504089355, 1.29103422164917]",7.863102905710303e-19,1.0,true,7.738595200004056,0.07294489443302155,0.6511676907539368,0.005320957861840725,0.0,7.287055969238281,0.9993160963058472,0.0006838717963546515,1,right,"[4.87153434753418, 6.454836845397949, 3.659942150115967, 1.5683921575546265, 4.36409854888916, 0.9968360662460327]","[-0.03388166427612305, -0.2297840118408203, 0.36641883850097656, 0.31763899326324463, 0.2199110984802246, -0.2941981554031372]",,,,,,,,,,3,250,750
756,ray_zoo,ft,fruit-tree-v0,model_10.pt,69,5,6,1,right,0,left,2,"[4.905416011810303, 6.6846208572387695, 3.2935233116149902, 1.2507531642913818, 4.1441874504089355, 1.29103422164917]","[4.905416011810303, 6.6846208572387695, 3.2935233116149902, 1.2507531642913818, 4.1441874504089355, 1.29103422164917]",9.509850684707999e-09,1.0,true,58.447588900016854,0.029058469459414482,0.26554593443870544,0.001203690655529499,0.0,0.0501708984375,0.5125400424003601,0.4874598979949951,1,right,"[4.865536689758301, 6.645722389221191, 3.290407657623291, 1.5094839334487915, 4.122742652893066, 1.29103422164917]","[-0.03987932205200195, -0.038898468017578125, -0.0031156539916992188, 0.25873076915740967, -0.02144479751586914, 0.0]",20983,20998,16,41997,true,true,true,true,,,,
756,art_cw,ft,fruit-tree-v0,model_10.pt,69,5,6,1,right,0,left,2,"[4.905416011810303, 6.6846208572387695, 3.2935233116149902, 1.2507531642913818, 4.1441874504089355, 1.29103422164917]","[4.905416011810303, 6.6846208572387695, 3.2935233116149902, 1.2507531642913818, 4.1441874504089355, 1.29103422164917]",9.509850684707999e-09,1.0,true,10.608150699990802,0.040871553122997284,0.37707993388175964,0.0016704839654266834,0.0,8.018730163574219,0.9996708631515503,0.0003291294851806015,1,right,"[4.638617992401123, 6.662432670593262, 3.438448905944824, 1.4218177795410156, 4.050265312194824, 1.1841329336166382]","[-0.2667980194091797, -0.022188186645507812, 0.14492559432983398, 0.1710646152496338, -0.09392213821411133, -0.10690128803253174]",,,,,,,,,,3,250,750
757,ray_zoo,ft,fruit-tree-v0,model_10.pt,69,6,6,0,left,1,right,2,"[4.905416011810303, 6.6846208572387695, 3.2935233116149902, 1.2507531642913818, 4.1441874504089355, 1.29103422164917]","[4.905416011810303, 6.6846208572387695, 3.2935233116149902, 1.2507531642913818, 4.1441874504089355, 1.29103422164917]",1.3827123590865625e-15,1.0,true,57.88927410001634,0.1086118146777153,0.9623050689697266,0.051218390464782715,0.0,0.05072021484375,0.5126773118972778,0.4873226284980774,0,left,"[5.379020690917969, 6.036339282989502, 2.7789292335510254, 1.1511409282684326, 4.062464237213135, 1.2838096618652344]","[0.473604679107666, -0.6482815742492676, -0.5145940780639648, -0.09961223602294922, -0.08172321319580078, -0.007224559783935547]",20983,20998,16,41997,true,true,true,true,,,,
757,art_cw,ft,fruit-tree-v0,model_10.pt,69,6,6,0,left,1,right,2,"[4.905416011810303, 6.6846208572387695, 3.2935233116149902, 1.2507531642913818, 4.1441874504089355, 1.29103422164917]","[4.905416011810303, 6.6846208572387695, 3.2935233116149902, 1.2507531642913818, 4.1441874504089355, 1.29103422164917]",1.3827123590865625e-15,1.0,true,11.333331000001635,0.05910108610987663,0.5352053046226501,0.003492938354611397,0.0,2.0773162841796875,0.888678789138794,0.11132117360830307,0,left,"[5.185814380645752, 6.728189945220947, 3.004971981048584, 0.9877967834472656, 4.24985933303833, 1.4968222379684448]","[0.2803983688354492, 0.043569087982177734, -0.28855133056640625, -0.2629563808441162, 0.10567188262939453, 0.2057880163192749]",,,,,,,,,,3,250,750
758,ray_zoo,ft,fruit-tree-v0,model_10.pt,78,0,6,1,right,0,left,2,"[5.736904144287109, 1.6496555805206299, 0.648708701133728, 5.255485534667969, 5.845417499542236, 1.468575119972229]","[5.736904144287109, 1.6496555805206299, 0.648708701133728, 5.255485534667969, 5.845417499542236, 1.468575119972229]",1.2286750765845133e-15,1.0,true,61.664123700000346,0.05580524355173111,0.5199719667434692,0.00438860384747386,0.0,0.05014801025390625,0.5125343799591064,0.48746562004089355,1,right,"[5.736904144287109, 1.6496555805206299, 0.648708701133728, 5.255485534667969, 5.845417499542236, 1.9885470867156982]","[0.0, 0.0, 0.0, 0.0, 0.0, 0.5199719667434692]",20983,20998,16,41997,true,true,true,false,,,,
758,art_cw,ft,fruit-tree-v0,model_10.pt,78,0,6,1,right,0,left,2,"[5.736904144287109, 1.6496555805206299, 0.648708701133728, 5.255485534667969, 5.845417499542236, 1.468575119972229]","[5.736904144287109, 1.6496555805206299, 0.648708701133728, 5.255485534667969, 5.845417499542236, 1.468575119972229]",1.2286750765845133e-15,1.0,true,9.977416399982758,0.08978819847106934,0.827006459236145,0.00806192122399807,0.0,17.646286010742188,1.0,2.1692784457627567e-08,1,right,"[5.810815334320068, 1.9016993045806885, 0.5922353863716125, 4.890981674194336, 5.341214656829834, 1.9425771236419678]","[0.07391119003295898, 0.2520437240600586, -0.05647331476211548, -0.3645038604736328, -0.5042028427124023, 0.47400200366973877]",,,,,,,,,,3,250,750
759,ray_zoo,ft,fruit-tree-v0,model_10.pt,78,1,6,0,left,1,right,2,"[5.736904144287109, 1.6496555805206299, 0.648708701133728, 5.255485534667969, 5.845417499542236, 1.468575119972229]","[5.736904144287109, 1.6496555805206299, 0.648708701133728, 5.255485534667969, 5.845417499542236, 1.468575119972229]",7.174978833290879e-08,0.9999998807907104,true,63.382107399986126,0.023646434769034386,0.2203284502029419,0.022508617490530014,0.0,0.0503997802734375,0.5125972628593445,0.48740270733833313,0,left,"[5.736904144287109, 1.6496555805206299, 0.648708701133728, 5.255485534667969, 5.845417499542236, 1.248246669769287]","[0.0, 0.0, 0.0, 0.0, 0.0, -0.2203284502029419]",20983,20998,16,41997,true,true,true,true,,,,
759,art_cw,ft,fruit-tree-v0,model_10.pt,78,1,6,0,left,1,right,2,"[5.736904144287109, 1.6496555805206299, 0.648708701133728, 5.255485534667969, 5.845417499542236, 1.468575119972229]","[5.736904144287109, 1.6496555805206299, 0.648708701133728, 5.255485534667969, 5.845417499542236, 1.468575119972229]",7.174978833290879e-08,0.9999998807907104,true,7.077697100001387,0.02869231253862381,0.2645299434661865,0.0008232487598434091,0.0,0.1891326904296875,0.547142744064331,0.45285725593566895,0,left,"[5.685140609741211, 1.5891872644424438, 0.6842004060745239, 5.381442546844482, 6.01459264755249, 1.3348023891448975]","[-0.05176353454589844, -0.060468316078186035, 0.0354917049407959, 0.12595701217651367, 0.1691751480102539, -0.13377273082733154]",,,,,,,,,,3,250,750
760,ray_zoo,ft,fruit-tree-v0,model_10.pt,78,2,6,1,right,0,left,2,"[5.736904144287109, 1.6496555805206299, 0.648708701133728, 5.255485534667969, 5.845417499542236, 1.468575119972229]","[5.736904144287109, 1.6496555805206299, 0.648708701133728, 5.255485534667969, 5.845417499542236, 1.468575119972229]",2.7065936297754334e-12,1.0,true,58.679624800017336,0.11132899671792984,1.0231837034225464,0.030703850090503693,0.0,0.0500640869140625,0.5125133991241455,0.4874865710735321,1,right,"[5.736904144287109, 1.5858500003814697, 0.9668881893157959, 5.255485534667969, 4.8750715255737305, 1.4636483192443848]","[0.0, -0.06380558013916016, 0.31817948818206787, 0.0, -0.9703459739685059, -0.004926800727844238]",20983,20998,16,41997,true,true,true,true,,,,
760,art_cw,ft,fruit-tree-v0,model_10.pt,78,2,6,1,right,0,left,2,"[5.736904144287109, 1.6496555805206299, 0.648708701133728, 5.255485534667969, 5.845417499542236, 1.468575119972229]","[5.736904144287109, 1.6496555805206299, 0.648708701133728, 5.255485534667969, 5.845417499542236, 1.468575119972229]",2.7065936297754334e-12,1.0,true,9.630590599990683,0.08883259445428848,0.8258602619171143,0.007891230285167694,0.0,10.75185775756836,0.9999785423278809,2.140514516213443e-05,1,right,"[5.94419002532959, 1.6566085815429688, 0.6366764903068542, 5.169421195983887, 5.146003723144531, 1.8457990884780884]","[0.20728588104248047, 0.006953001022338867, -0.01203221082687378, -0.08606433868408203, -0.6994137763977051, 0.3772239685058594]",,,,,,,,,,3,250,750
761,ray_zoo,ft,fruit-tree-v0,model_10.pt,78,3,6,1,right,0,left,2,"[5.736904144287109, 1.6496555805206299, 0.648708701133728, 5.255485534667969, 5.845417499542236, 1.468575119972229]","[5.736904144287109, 1.6496555805206299, 0.648708701133728, 5.255485534667969, 5.845417499542236, 1.468575119972229]",4.246658491524613e-08,1.0,true,61.43283520001569,0.025877049192786217,0.24111247062683105,0.0009436390246264637,0.0,0.0503082275390625,0.5125743746757507,0.4874255955219269,1,right,"[5.736904144287109, 1.6496555805206299, 0.648708701133728, 5.255485534667969, 5.845417499542236, 1.70968759059906]","[0.0, 0.0, 0.0, 0.0, 0.0, 0.24111247062683105]",20983,20998,16,41997,true,true,true,true,,,,
761,art_cw,ft,fruit-tree-v0,model_10.pt,78,3,6,1,right,0,left,2,"[5.736904144287109, 1.6496555805206299, 0.648708701133728, 5.255485534667969, 5.845417499542236, 1.468575119972229]","[5.736904144287109, 1.6496555805206299, 0.648708701133728, 5.255485534667969, 5.845417499542236, 1.468575119972229]",4.246658491524613e-08,1.0,true,6.557892999990145,0.0429341197013855,0.3979336619377136,0.0018433385994285345,0.0,10.064788818359375,0.9999574422836304,4.254997111274861e-05,1,right,"[5.805058479309082, 1.7196694612503052, 0.6361314654350281, 5.1406636238098145, 5.567631721496582, 1.7100229263305664]","[0.06815433502197266, 0.07001388072967529, -0.012577235698699951, -0.1148219108581543, -0.2777857780456543, 0.2414478063583374]",,,,,,,,,,3,250,750
762,ray_zoo,ft,fruit-tree-v0,model_10.pt,78,4,6,0,left,1,right,2,"[5.736904144287109, 1.6496555805206299, 0.648708701133728, 5.255485534667969, 5.845417499542236, 1.468575119972229]","[5.736904144287109, 1.6496555805206299, 0.648708701133728, 5.255485534667969, 5.845417499542236, 1.468575119972229]",2.3554538527981173e-11,1.0,true,60.06632620000164,0.03369302302598953,0.3139387369155884,0.045698028057813644,0.0,0.050510406494140625,0.5126249194145203,0.48737508058547974,0,left,"[5.736904144287109, 1.6496555805206299, 0.648708701133728, 5.255485534667969, 5.845417499542236, 1.1546363830566406]","[0.0, 0.0, 0.0, 0.0, 0.0, -0.3139387369155884]",20983,20998,16,41997,true,true,true,false,,,,
762,art_cw,ft,fruit-tree-v0,model_10.pt,78,4,6,0,left,1,right,2,"[5.736904144287109, 1.6496555805206299, 0.648708701133728, 5.255485534667969, 5.845417499542236, 1.468575119972229]","[5.736904144287109, 1.6496555805206299, 0.648708701133728, 5.255485534667969, 5.845417499542236, 1.468575119972229]",2.3554538527981173e-11,1.0,true,8.440858199988725,0.06320010870695114,0.5846132636070251,0.00399425346404314,0.0,9.624908447265625,0.9999339580535889,6.605818634852767e-05,0,left,"[5.693115711212158, 1.5083330869674683, 0.6973140835762024, 5.197586536407471, 6.313783645629883, 1.1606764793395996]","[-0.04378843307495117, -0.14132249355316162, 0.048605382442474365, -0.05789899826049805, 0.4683661460876465, -0.3078986406326294]",,,,,,,,,,3,250,750
763,ray_zoo,ft,fruit-tree-v0,model_10.pt,78,5,6,1,right,0,left,2,"[5.736904144287109, 1.6496555805206299, 0.648708701133728, 5.255485534667969, 5.845417499542236, 1.468575119972229]","[5.736904144287109, 1.6496555805206299, 0.648708701133728, 5.255485534667969, 5.845417499542236, 1.468575119972229]",3.7163712107712854e-08,1.0,true,60.31165959997452,0.027012936770915985,0.25169622898101807,0.0010283001465722919,0.0,0.05019378662109375,0.5125458240509033,0.48745420575141907,1,right,"[5.736904144287109, 1.6496555805206299, 0.648708701133728, 5.255485534667969, 5.845417499542236, 1.720271348953247]","[0.0, 0.0, 0.0, 0.0, 0.0, 0.25169622898101807]",20983,20998,16,41997,true,true,false,true,,,,
763,art_cw,ft,fruit-tree-v0,model_10.pt,78,5,6,1,right,0,left,2,"[5.736904144287109, 1.6496555805206299, 0.648708701133728, 5.255485534667969, 5.845417499542236, 1.468575119972229]","[5.736904144287109, 1.6496555805206299, 0.648708701133728, 5.255485534667969, 5.845417499542236, 1.468575119972229]",3.7163712107712854e-08,1.0,true,10.511728400015272,0.04212772473692894,0.3894866108894348,0.001774745061993599,0.0,9.058338165283203,0.9998835325241089,0.00011640272714430466,1,right,"[5.758235454559326, 1.7595657110214233, 0.6231971979141235, 5.251082420349121, 5.556338787078857, 1.7029420137405396]","[0.021331310272216797, 0.10991013050079346, -0.025511503219604492, -0.004403114318847656, -0.2890787124633789, 0.23436689376831055]",,,,,,,,,,3,250,750
764,ray_zoo,ft,fruit-tree-v0,model_10.pt,78,6,6,0,left,1,right,2,"[5.736904144287109, 1.6496555805206299, 0.648708701133728, 5.255485534667969, 5.845417499542236, 1.468575119972229]","[5.736904144287109, 1.6496555805206299, 0.648708701133728, 5.255485534667969, 5.845417499542236, 1.468575119972229]",7.826797293609982e-28,1.0,true,61.2736732000194,0.21911808848381042,1.9440841674804688,0.06169853359460831,0.0,0.051227569580078125,0.5128040909767151,0.4871959090232849,0,left,"[5.736904144287109, 1.6496555805206299, 2.04196834564209, 5.255485534667969, 5.668132781982422, 2.812770366668701]","[0.0, 0.0, 1.3932596445083618, 0.0, -0.17728471755981445, 1.3441952466964722]",20983,20998,16,41997,true,true,true,true,,,,
764,art_cw,ft,fruit-tree-v0,model_10.pt,78,6,6,0,left,1,right,2,"[5.736904144287109, 1.6496555805206299, 0.648708701133728, 5.255485534667969, 5.845417499542236, 1.468575119972229]","[5.736904144287109, 1.6496555805206299, 0.648708701133728, 5.255485534667969, 5.845417499542236, 1.468575119972229]",7.826797293609982e-28,1.0,true,9.424155900022015,0.2420702874660492,2.23205828666687,0.058598026633262634,0.0,5.504890441894531,0.9959496259689331,0.004050361458212137,0,left,"[5.972660541534424, 1.6872057914733887, 0.9234257936477661, 6.579860210418701, 4.253413677215576, 2.21769380569458]","[0.23575639724731445, 0.03755021095275879, 0.2747170925140381, 1.3243746757507324, -1.5920038223266602, 0.7491186857223511]",,,,,,,,,,3,250,750
765,ray_zoo,ft,fruit-tree-v0,model_10.pt,86,0,6,1,right,0,left,2,"[6.880882263183594, 6.0284342765808105, 0.021046549081802368, 4.004815101623535, 0.4811112582683563, 0.20243632793426514]","[6.880882263183594, 6.0284342765808105, 0.021046549081802368, 4.004815101623535, 0.4811112582683563, 0.20243632793426514]",0.0,1.0,true,64.8568563000008,0.17403768002986908,1.5726619958877563,0.03953989967703819,0.0,0.0537567138671875,0.513435959815979,0.4865640699863434,1,right,"[5.992268085479736, 6.01072883605957, 0.977776050567627, 4.173576831817627, 0.8989002704620361, 0.954072892665863]","[-0.8886141777038574, -0.017705440521240234, 0.956729531288147, 0.1687617301940918, 0.4177890121936798, 0.7516365647315979]",20983,20998,16,41997,true,true,false,true,,,,
765,art_cw,ft,fruit-tree-v0,model_10.pt,86,0,6,1,right,0,left,2,"[6.880882263183594, 6.0284342765808105, 0.021046549081802368, 4.004815101623535, 0.4811112582683563, 0.20243632793426514]","[6.880882263183594, 6.0284342765808105, 0.021046549081802368, 4.004815101623535, 0.4811112582683563, 0.20243632793426514]",0.0,1.0,true,10.868593799998052,0.3845122158527374,3.6348493099212646,0.14784963428974152,0.0,0.28619384765625,0.5710640549659729,0.4289359152317047,1,right,"[3.3769075870513916, 6.774190425872803, 0.025783007964491844, 3.420325994491577, 0.655860185623169, 0.2795793414115906]","[-3.503974676132202, 0.7457561492919922, 0.004736458882689476, -0.584489107131958, 0.17474892735481262, 0.07714301347732544]",,,,,,,,,,3,250,750
766,ray_zoo,ft,fruit-tree-v0,model_10.pt,86,1,6,1,right,0,left,2,"[6.880882263183594, 6.0284342765808105, 0.021046549081802368, 4.004815101623535, 0.4811112582683563, 0.20243632793426514]","[6.880882263183594, 6.0284342765808105, 0.021046549081802368, 4.004815101623535, 0.4811112582683563, 0.20243632793426514]",0.0,1.0,true,56.38350500000524,0.14206476509571075,1.265044093132019,0.022130463272333145,0.0,0.05272674560546875,0.5131786465644836,0.48682138323783875,1,right,"[6.499875068664551, 6.014339923858643, 0.9053682088851929, 4.037553310394287, 0.7556315660476685, 0.9747792482376099]","[-0.38100719451904297, -0.014094352722167969, 0.8843216896057129, 0.03273820877075195, 0.27452030777931213, 0.7723429203033447]",20983,20998,16,41997,true,true,true,true,,,,
766,art_cw,ft,fruit-tree-v0,model_10.pt,86,1,6,1,right,0,left,2,"[6.880882263183594, 6.0284342765808105, 0.021046549081802368, 4.004815101623535, 0.4811112582683563, 0.20243632793426514]","[6.880882263183594, 6.0284342765808105, 0.021046549081802368, 4.004815101623535, 0.4811112582683563, 0.20243632793426514]",0.0,1.0,true,9.253868300002068,0.34517377614974976,3.244577407836914,0.11914493888616562,0.0,7.326892852783203,0.9993428587913513,0.0006571816047653556,1,right,"[3.873812675476074, 7.0879950523376465, 0.023373184725642204, 3.4179296493530273, 0.6086406111717224, 0.24040882289409637]","[-3.0070695877075195, 1.059560775756836, 0.002326635643839836, -0.5868854522705078, 0.1275293529033661, 0.03797249495983124]",,,,,,,,,,3,250,750
767,ray_zoo,ft,fruit-tree-v0,model_10.pt,86,2,6,1,right,0,left,2,"[6.880882263183594, 6.0284342765808105, 0.021046549081802368, 4.004815101623535, 0.4811112582683563, 0.20243632793426514]","[6.880882263183594, 6.0284342765808105, 0.021046549081802368, 4.004815101623535, 0.4811112582683563, 0.20243632793426514]",9.82255249359909e-12,1.0,true,60.63799509999808,0.02550950087606907,0.21910648047924042,0.000656549003906548,0.0,0.050724029541015625,0.512678325176239,0.4873217046260834,1,right,"[6.880882263183594, 6.0284342765808105, 0.22694970667362213, 4.004815101623535, 0.4811112582683563, 0.27734655141830444]","[0.0, 0.0, 0.20590315759181976, 0.0, 0.0, 0.0749102234840393]",20983,20998,16,41997,true,true,true,true,,,,
767,art_cw,ft,fruit-tree-v0,model_10.pt,86,2,6,1,right,0,left,2,"[6.880882263183594, 6.0284342765808105, 0.021046549081802368, 4.004815101623535, 0.4811112582683563, 0.20243632793426514]","[6.880882263183594, 6.0284342765808105, 0.021046549081802368, 4.004815101623535, 0.4811112582683563, 0.20243632793426514]",9.82255249359909e-12,1.0,true,8.386627200001385,0.07911735773086548,0.7295854687690735,0.0062595559284091,0.0,4.3164215087890625,0.9868283271789551,0.013171752914786339,1,right,"[6.330079555511475, 6.422691822052002, 0.021580489352345467, 3.7350292205810547, 0.5056139230728149, 0.21177546679973602]","[-0.5508027076721191, 0.3942575454711914, 0.0005339402705430984, -0.26978588104248047, 0.024502664804458618, 0.009339138865470886]",,,,,,,,,,3,250,750
768,ray_zoo,ft,fruit-tree-v0,model_10.pt,86,3,6,1,right,0,left,2,"[6.880882263183594, 6.0284342765808105, 0.021046549081802368, 4.004815101623535, 0.4811112582683563, 0.20243632793426514]","[6.880882263183594, 6.0284342765808105, 0.021046549081802368, 4.004815101623535, 0.4811112582683563, 0.20243632793426514]",0.0,1.0,true,58.76364019999164,0.12737546861171722,1.1263432502746582,0.017716720700263977,0.0,0.05153656005859375,0.5128812789916992,0.4871186912059784,1,right,"[6.539611339569092, 6.0284342765808105, 0.8694335222244263, 4.043542861938477, 0.6058042645454407, 0.8469319343566895]","[-0.34127092361450195, 0.0, 0.8483870029449463, 0.038727760314941406, 0.12469300627708435, 0.6444956064224243]",20983,20998,16,41997,true,true,true,true,,,,
768,art_cw,ft,fruit-tree-v0,model_10.pt,86,3,6,1,right,0,left,2,"[6.880882263183594, 6.0284342765808105, 0.021046549081802368, 4.004815101623535, 0.4811112582683563, 0.20243632793426514]","[6.880882263183594, 6.0284342765808105, 0.021046549081802368, 4.004815101623535, 0.4811112582683563, 0.20243632793426514]",0.0,1.0,true,10.52880629998981,0.30339914560317993,2.866842031478882,0.09205104410648346,0.0,7.489917755126953,0.9994415640830994,0.0005583769525401294,1,right,"[4.106667518615723, 6.7208733558654785, 0.023136647418141365, 3.8848953247070312, 0.6495027542114258, 0.21983648836612701]","[-2.774214744567871, 0.692439079284668, 0.002090098336338997, -0.1199197769165039, 0.16839149594306946, 0.017400160431861877]",,,,,,,,,,3,250,750
769,ray_zoo,ft,fruit-tree-v0,model_10.pt,86,4,6,0,left,1,right,2,"[6.880882263183594, 6.0284342765808105, 0.021046549081802368, 4.004815101623535, 0.4811112582683563, 0.20243632793426514]","[6.880882263183594, 6.0284342765808105, 0.021046549081802368, 4.004815101623535, 0.4811112582683563, 0.20243632793426514]",2.460726121564921e-13,1.0,true,60.00610259998939,0.09459330886602402,0.8305163383483887,0.01897961087524891,0.0,0.050563812255859375,0.51263827085495,0.48736172914505005,0,left,"[6.880882263183594, 5.197917938232422, 0.021046549081802368, 4.004815101623535, 0.4811112582683563, 0.20243632793426514]","[0.0, -0.8305163383483887, 0.0, 0.0, 0.0, 0.0]",20983,20998,16,41997,true,true,true,false,,,,
769,art_cw,ft,fruit-tree-v0,model_10.pt,86,4,6,0,left,1,right,2,"[6.880882263183594, 6.0284342765808105, 0.021046549081802368, 4.004815101623535, 0.4811112582683563, 0.20243632793426514]","[6.880882263183594, 6.0284342765808105, 0.021046549081802368, 4.004815101623535, 0.4811112582683563, 0.20243632793426514]",2.460726121564921e-13,1.0,true,8.683507699985057,0.07897090166807175,0.7178840637207031,0.0062364027835428715,0.0,8.052009582519531,0.9996817111968994,0.0003183599328622222,0,left,"[7.349205017089844, 5.517808437347412, 0.020757822319865227, 4.190648555755615, 0.4543232321739197, 0.19605110585689545]","[0.46832275390625, -0.5106258392333984, -0.0002887267619371414, 0.18583345413208008, -0.026788026094436646, -0.00638522207736969]",,,,,,,,,,3,250,750
770,ray_zoo,ft,fruit-tree-v0,model_10.pt,86,5,6,1,right,0,left,2,"[6.880882263183594, 6.0284342765808105, 0.021046549081802368, 4.004815101623535, 0.4811112582683563, 0.20243632793426514]","[6.880882263183594, 6.0284342765808105, 0.021046549081802368, 4.004815101623535, 0.4811112582683563, 0.20243632793426514]",0.0,1.0,true,62.16682420001598,0.14691652357578278,1.3047542572021484,0.024262376129627228,0.0,0.052646636962890625,0.5131586194038391,0.4868414103984833,1,right,"[6.399965286254883, 6.0284342765808105, 0.9697883129119873, 4.004815101623535, 0.4811112582683563, 0.9580760598182678]","[-0.48091697692871094, 0.0, 0.9487417936325073, 0.0, 0.0, 0.7556397318840027]",20983,20998,16,41997,true,true,true,true,,,,
770,art_cw,ft,fruit-tree-v0,model_10.pt,86,5,6,1,right,0,left,2,"[6.880882263183594, 6.0284342765808105, 0.021046549081802368, 4.004815101623535, 0.4811112582683563, 0.20243632793426514]","[6.880882263183594, 6.0284342765808105, 0.021046549081802368, 4.004815101623535, 0.4811112582683563, 0.20243632793426514]",0.0,1.0,true,8.7272118999972,0.33107349276542664,3.1410751342773438,0.10960966348648071,0.0,1.5095329284667969,0.8189919590950012,0.18100802600383759,1,right,"[3.7681386470794678, 6.292517185211182, 0.024248188361525536, 4.325131893157959, 0.4603866934776306, 0.26875579357147217]","[-3.112743616104126, 0.2640829086303711, 0.0032016392797231674, 0.32031679153442383, -0.020724564790725708, 0.06631946563720703]",,,,,,,,,,3,250,750
771,ray_zoo,ft,fruit-tree-v0,model_10.pt,86,6,6,0,left,1,right,2,"[6.880882263183594, 6.0284342765808105, 0.021046549081802368, 4.004815101623535, 0.4811112582683563, 0.20243632793426514]","[6.880882263183594, 6.0284342765808105, 0.021046549081802368, 4.004815101623535, 0.4811112582683563, 0.20243632793426514]",1.3119914522981056e-21,1.0,true,64.25685899998643,0.24739834666252136,2.2997419834136963,0.06616277992725372,0.0,0.0507965087890625,0.512696385383606,0.48730358481407166,0,left,"[6.880882263183594, 6.0284342765808105, 0.021046549081802368, 4.004815101623535, 2.1591434478759766, 1.7750205993652344]","[0.0, 0.0, 0.0, 0.0, 1.6780321598052979, 1.5725842714309692]",20983,20998,16,41997,true,true,true,true,,,,
771,art_cw,ft,fruit-tree-v0,model_10.pt,86,6,6,0,left,1,right,2,"[6.880882263183594, 6.0284342765808105, 0.021046549081802368, 4.004815101623535, 0.4811112582683563, 0.20243632793426514]","[6.880882263183594, 6.0284342765808105, 0.021046549081802368, 4.004815101623535, 0.4811112582683563, 0.20243632793426514]",1.3119914522981056e-21,1.0,true,6.322631500021089,0.2255273461341858,2.014249563217163,0.05086258426308632,0.0,0.2222118377685547,0.5553255081176758,0.444674551486969,0,left,"[6.159773826599121, 7.744913101196289, 0.019009588286280632, 4.173463344573975, 1.2305673360824585, 0.23025427758693695]","[-0.7211084365844727, 1.7164788246154785, -0.002036960795521736, 0.16864824295043945, 0.7494560480117798, 0.027817949652671814]",,,,,,,,,,3,250,750
772,ray_zoo,ft,fruit-tree-v0,model_10.pt,95,0,6,1,right,0,left,2,"[9.497293472290039, 2.9891040325164795, 0.19374418258666992, 0.48817864060401917, 0.7503450512886047, 0.16672278940677643]","[9.497293472290039, 2.9891040325164795, 0.19374418258666992, 0.48817864060401917, 0.7503450512886047, 0.16672278940677643]",0.0,1.0,true,58.53728700001375,0.22015082836151123,1.9006625413894653,0.05067574977874756,0.0,0.052825927734375,0.5132033824920654,0.4867965877056122,1,right,"[9.497293472290039, 2.9891040325164795, 1.9180305004119873, 0.48817864060401917, 0.7503450512886047, 0.9663195013999939]","[0.0, 0.0, 1.7242863178253174, 0.0, 0.0, 0.7995967268943787]",20983,20998,16,41997,true,true,true,true,,,,
772,art_cw,ft,fruit-tree-v0,model_10.pt,95,0,6,1,right,0,left,2,"[9.497293472290039, 2.9891040325164795, 0.19374418258666992, 0.48817864060401917, 0.7503450512886047, 0.16672278940677643]","[9.497293472290039, 2.9891040325164795, 0.19374418258666992, 0.48817864060401917, 0.7503450512886047, 0.16672278940677643]",0.0,1.0,true,7.507033200003207,0.30031540989875793,2.5975561141967773,0.09018934518098831,0.0,80.53020477294922,1.0,1.062127018139316e-35,1,right,"[9.497293472290039, 1.8617583513259888, 2.3270578384399414, 0.08160018920898438, 0.02838832139968872, 0.6554298996925354]","[0.0, -1.1273456811904907, 2.1333136558532715, -0.4065784513950348, -0.721956729888916, 0.48870712518692017]",,,,,,,,,,3,250,750
773,ray_zoo,ft,fruit-tree-v0,model_10.pt,95,1,6,1,right,0,left,2,"[9.497293472290039, 2.9891040325164795, 0.19374418258666992, 0.48817864060401917, 0.7503450512886047, 0.16672278940677643]","[9.497293472290039, 2.9891040325164795, 0.19374418258666992, 0.48817864060401917, 0.7503450512886047, 0.16672278940677643]",0.0,1.0,true,64.0835761000053,0.17334483563899994,1.5009076595306396,0.031408872455358505,0.0,0.05291748046875,0.513226330280304,0.4867737293243408,1,right,"[9.497293472290039, 2.9891040325164795, 1.5272738933563232, 0.48817864060401917, 0.7503450512886047, 0.8555060625076294]","[0.0, 0.0, 1.3335297107696533, 0.0, 0.0, 0.6887832880020142]",20983,20998,16,41997,true,true,true,true,,,,
773,art_cw,ft,fruit-tree-v0,model_10.pt,95,1,6,1,right,0,left,2,"[9.497293472290039, 2.9891040325164795, 0.19374418258666992, 0.48817864060401917, 0.7503450512886047, 0.16672278940677643]","[9.497293472290039, 2.9891040325164795, 0.19374418258666992, 0.48817864060401917, 0.7503450512886047, 0.16672278940677643]",0.0,1.0,true,11.599637600011192,0.3170056641101837,2.772141695022583,0.10049258172512054,0.0,51.62602233886719,1.0,3.7940523982981475e-23,1,right,"[9.497210502624512, 5.401594161987305, 1.4187283515930176, 0.2761640250682831, 0.18747830390930176, 0.21474888920783997]","[-8.296966552734375e-05, 2.412490129470825, 1.2249841690063477, -0.21201461553573608, -0.562866747379303, 0.04802609980106354]",,,,,,,,,,3,250,750
774,ray_zoo,ft,fruit-tree-v0,model_10.pt,95,2,6,1,right,0,left,2,"[9.497293472290039, 2.9891040325164795, 0.19374418258666992, 0.48817864060401917, 0.7503450512886047, 0.16672278940677643]","[9.497293472290039, 2.9891040325164795, 0.19374418258666992, 0.48817864060401917, 0.7503450512886047, 0.16672278940677643]",3.240129101236971e-23,1.0,true,60.56362710002577,0.06018904969096184,0.5143229961395264,0.003791811177507043,0.0,0.05002593994140625,0.5125038623809814,0.48749610781669617,1,right,"[9.497293472290039, 2.9891040325164795, 0.6934372186660767, 0.48817864060401917, 0.7503450512886047, 0.28852182626724243]","[0.0, 0.0, 0.49969303607940674, 0.0, 0.0, 0.121799036860466]",20983,20998,16,41997,true,true,true,true,,,,
774,art_cw,ft,fruit-tree-v0,model_10.pt,95,2,6,1,right,0,left,2,"[9.497293472290039, 2.9891040325164795, 0.19374418258666992, 0.48817864060401917, 0.7503450512886047, 0.16672278940677643]","[9.497293472290039, 2.9891040325164795, 0.19374418258666992, 0.48817864060401917, 0.7503450512886047, 0.16672278940677643]",3.240129101236971e-23,1.0,true,9.762446100008674,0.17044422030448914,1.5003896951675415,0.02905123122036457,0.0,17.62139129638672,1.0,2.2239600383500147e-08,1,right,"[9.497279167175293, 4.445598602294922, 0.29016023874282837, 0.3973196744918823, 0.4160009026527405, 0.18805962800979614]","[-1.430511474609375e-05, 1.4564945697784424, 0.09641605615615845, -0.09085896611213684, -0.33434414863586426, 0.021336838603019714]",,,,,,,,,,3,250,750
775,ray_zoo,ft,fruit-tree-v0,model_10.pt,95,3,6,1,right,0,left,2,"[9.497293472290039, 2.9891040325164795, 0.19374418258666992, 0.48817864060401917, 0.7503450512886047, 0.16672278940677643]","[9.497293472290039, 2.9891040325164795, 0.19374418258666992, 0.48817864060401917, 0.7503450512886047, 0.16672278940677643]",0.0,1.0,true,61.99900690000504,0.12408719211816788,1.0553693771362305,0.016123861074447632,0.0,0.0512542724609375,0.5128107666969299,0.48718926310539246,1,right,"[9.497293472290039, 2.9891040325164795, 1.2491135597229004, 0.48817864060401917, 0.7503450512886047, 0.16672278940677643]","[0.0, 0.0, 1.0553693771362305, 0.0, 0.0, 0.0]",20983,20998,16,41997,true,true,false,true,,,,
775,art_cw,ft,fruit-tree-v0,model_10.pt,95,3,6,1,right,0,left,2,"[9.497293472290039, 2.9891040325164795, 0.19374418258666992, 0.48817864060401917, 0.7503450512886047, 0.16672278940677643]","[9.497293472290039, 2.9891040325164795, 0.19374418258666992, 0.48817864060401917, 0.7503450512886047, 0.16672278940677643]",0.0,1.0,true,7.748420599993551,0.1218450516462326,1.0631954669952393,0.014846216887235641,0.0,15.126960754394531,0.9999997615814209,2.6942899467030657e-07,1,right,"[9.497260093688965, 2.829261064529419, 1.0626829862594604, 0.30353087186813354, 0.1892213225364685, 0.19545359909534454]","[-3.337860107421875e-05, -0.15984296798706055, 0.8689388036727905, -0.18464776873588562, -0.5611237287521362, 0.028730809688568115]",,,,,,,,,,3,250,750
776,ray_zoo,ft,fruit-tree-v0,model_10.pt,95,4,6,1,right,0,left,2,"[9.497293472290039, 2.9891040325164795, 0.19374418258666992, 0.48817864060401917, 0.7503450512886047, 0.16672278940677643]","[9.497293472290039, 2.9891040325164795, 0.19374418258666992, 0.48817864060401917, 0.7503450512886047, 0.16672278940677643]",5.277023010531749e-27,1.0,true,61.488882700010436,0.09384925663471222,0.8055827617645264,0.009532681666314602,0.0,0.0500640869140625,0.5125133991241455,0.4874865710735321,1,right,"[9.478228569030762, 3.1288976669311523, 0.9458487033843994, 0.4932156503200531, 0.7545955181121826, 0.41842347383499146]","[-0.019064903259277344, 0.13979363441467285, 0.7521045207977295, 0.0050370097160339355, 0.004250466823577881, 0.2517006993293762]",20983,20998,16,41997,true,true,false,true,,,,
776,art_cw,ft,fruit-tree-v0,model_10.pt,95,4,6,1,right,0,left,2,"[9.497293472290039, 2.9891040325164795, 0.19374418258666992, 0.48817864060401917, 0.7503450512886047, 0.16672278940677643]","[9.497293472290039, 2.9891040325164795, 0.19374418258666992, 0.48817864060401917, 0.7503450512886047, 0.16672278940677643]",5.277023010531749e-27,1.0,true,9.67450920000556,0.18723955750465393,1.6452893018722534,0.035058651119470596,0.0,11.340194702148438,0.9999880790710449,1.1885318599524908e-05,1,right,"[9.497273445129395, 4.620152473449707, 0.2354891449213028, 0.421083003282547, 0.5499516129493713, 0.1827157735824585]","[-2.002716064453125e-05, 1.6310484409332275, 0.041744962334632874, -0.06709563732147217, -0.2003934383392334, 0.015992984175682068]",,,,,,,,,,3,250,750
777,ray_zoo,ft,fruit-tree-v0,model_10.pt,95,5,6,1,right,0,left,2,"[9.497293472290039, 2.9891040325164795, 0.19374418258666992, 0.48817864060401917, 0.7503450512886047, 0.16672278940677643]","[9.497293472290039, 2.9891040325164795, 0.19374418258666992, 0.48817864060401917, 0.7503450512886047, 0.16672278940677643]",0.0,1.0,true,61.76038999998127,0.12402799725532532,1.0645195245742798,0.016093797981739044,0.0,0.053867340087890625,0.51346355676651,0.4865364134311676,1,right,"[9.497293472290039, 2.9891040325164795, 1.1990042924880981, 0.48817864060401917, 0.7503450512886047, 0.51694256067276]","[0.0, 0.0, 1.0052601099014282, 0.0, 0.0, 0.3502197861671448]",20983,20998,16,41997,true,true,true,true,,,,
777,art_cw,ft,fruit-tree-v0,model_10.pt,95,5,6,1,right,0,left,2,"[9.497293472290039, 2.9891040325164795, 0.19374418258666992, 0.48817864060401917, 0.7503450512886047, 0.16672278940677643]","[9.497293472290039, 2.9891040325164795, 0.19374418258666992, 0.48817864060401917, 0.7503450512886047, 0.16672278940677643]",0.0,1.0,true,7.641496900003403,0.13044705986976624,1.1431282758712769,0.017016436904668808,0.0,32.575904846191406,1.0,7.1197422144096e-15,1,right,"[9.497272491455078, 2.713299512863159, 1.078262448310852, 0.36975058913230896, 0.09589201211929321, 0.2439730316400528]","[-2.09808349609375e-05, -0.2758045196533203, 0.8845182657241821, -0.1184280514717102, -0.6544530391693115, 0.07725024223327637]",,,,,,,,,,3,250,750
778,ray_zoo,ft,fruit-tree-v0,model_10.pt,95,6,6,1,right,0,left,2,"[9.497293472290039, 2.9891040325164795, 0.19374418258666992, 0.48817864060401917, 0.7503450512886047, 0.16672278940677643]","[9.497293472290039, 2.9891040325164795, 0.19374418258666992, 0.48817864060401917, 0.7503450512886047, 0.16672278940677643]",0.0,1.0,true,62.8566637999902,0.15289831161499023,1.3038561344146729,0.024474065750837326,0.0,0.0536346435546875,0.513405442237854,0.486594557762146,1,right,"[9.497293472290039, 2.9891040325164795, 1.476800560951233, 0.48817864060401917, 0.7503450512886047, 0.3986865282058716]","[0.0, 0.0, 1.283056378364563, 0.0, 0.0, 0.23196373879909515]",20983,20998,16,41997,true,true,true,true,,,,
778,art_cw,ft,fruit-tree-v0,model_10.pt,95,6,6,1,right,0,left,2,"[9.497293472290039, 2.9891040325164795, 0.19374418258666992, 0.48817864060401917, 0.7503450512886047, 0.16672278940677643]","[9.497293472290039, 2.9891040325164795, 0.19374418258666992, 0.48817864060401917, 0.7503450512886047, 0.16672278940677643]",0.0,1.0,true,12.4838027000078,0.27817973494529724,2.4222464561462402,0.07738395780324936,0.0,91.33826446533203,1.0,2.149297571596761e-40,1,right,"[9.497223854064941, 4.823749542236328, 1.6441590785980225, 0.26999497413635254, 0.16447734832763672, 0.24921642243862152]","[-6.961822509765625e-05, 1.8346455097198486, 1.4504148960113525, -0.21818366646766663, -0.585867702960968, 0.08249363303184509]",,,,,,,,,,3,250,750
779,ray_zoo,bb,breakable-bottles-v0,model_10.pt,0,1,3,1,move right,0,move left,2,"[-10.0, 50.0, 0.0]","[-9.0, 50.0, 0.0]",1.4025777067550038e-12,1.0,true,56.80297270001029,0.05343276634812355,5.3427734375,0.002855060389265418,0.0,0.050074100494384766,0.5125159025192261,0.48748406767845154,1,move right,"[-3.6572265625, 50.0, -0.00080661237007007]","[5.3427734375, 0.0, -0.00080661237007007]",20983,20998,16,41997,true,true,false,false,,,,
779,art_cw,bb,breakable-bottles-v0,model_10.pt,0,1,3,1,move right,0,move left,2,"[-10.0, 50.0, 0.0]","[-9.0, 50.0, 0.0]",1.4025777067550038e-12,1.0,false,8.055221399990842,0.0,0.0,27.342708587646484,27.342708587646484,-27.292709350585938,1.4025777067550038e-12,1.0,0,move left,"[-9.0, 50.0, 0.0]","[0.0, 0.0, 0.0]",,,,,,,,,,3,250,750
780,ray_zoo,bb,breakable-bottles-v0,model_10.pt,0,2,3,1,move right,0,move left,2,"[-10.0, 50.0, 0.0]","[-8.0, 50.0, 0.0]",8.449447738700933e-13,1.0,true,55.78720799999428,0.04473302885890007,4.4731597900390625,0.002001043874770403,0.0,0.05061626434326172,0.5126513838768005,0.48734864592552185,1,move right,"[-3.5268402099609375, 50.0, -0.00039365849806927145]","[4.4731597900390625, 0.0, -0.00039365849806927145]",20983,20998,16,41997,true,true,false,false,,,,
780,art_cw,bb,breakable-bottles-v0,model_10.pt,0,2,3,1,move right,0,move left,2,"[-10.0, 50.0, 0.0]","[-8.0, 50.0, 0.0]",8.449447738700933e-13,1.0,false,8.790675099997316,0.0,0.0,27.849504470825195,27.849504470825195,-27.79950523376465,8.449447738700933e-13,1.0,0,move left,"[-8.0, 50.0, 0.0]","[0.0, 0.0, 0.0]",,,,,,,,,,3,250,750
781,ray_zoo,bb,breakable-bottles-v0,model_10.pt,0,3,3,1,move right,0,move left,2,"[-10.0, 50.0, 0.0]","[-7.0, 50.0, 0.0]",5.854303684452763e-16,1.0,true,55.28981570000178,0.037473734468221664,3.74725341796875,0.00140428077429533,0.0,0.05249929428100586,0.5131218433380127,0.4868782162666321,1,move right,"[-3.25274658203125, 50.0, -0.0003297754155937582]","[3.74725341796875, 0.0, -0.0003297754155937582]",20983,20998,16,41997,true,true,false,false,,,,
781,art_cw,bb,breakable-bottles-v0,model_10.pt,0,3,3,1,move right,0,move left,2,"[-10.0, 50.0, 0.0]","[-7.0, 50.0, 0.0]",5.854303684452763e-16,1.0,false,7.697244199982379,0.0,0.0,35.124183654785156,35.124183654785156,-35.07418441772461,5.854303684452763e-16,1.0,0,move left,"[-7.0, 50.0, 0.0]","[0.0, 0.0, 0.0]",,,,,,,,,,3,250,750
782,ray_zoo,bb,breakable-bottles-v0,model_10.pt,0,4,3,1,move right,2,pick up bottle,2,"[-10.0, 50.0, 0.0]","[-6.0, 50.0, 0.0]",2.7802429412512875e-13,1.0,false,51.191856300021755,0.050000011920928955,5.0,3.6118800081312656,3.609380006790161,-3.559380054473877,0.02766909822821617,0.9723309278488159,2,pick up bottle,"[-1.0, 50.0, -3.776273661060259e-05]","[5.0, 0.0, -3.776273661060259e-05]",15875,20998,0,36873,false,false,false,false,no_successful_seed_or_zoo_point,,,
782,art_cw,bb,breakable-bottles-v0,model_10.pt,0,4,3,1,move right,2,pick up bottle,2,"[-10.0, 50.0, 0.0]","[-6.0, 50.0, 0.0]",2.7802429412512875e-13,1.0,false,7.295237099984661,0.0,0.0,28.96106719970703,28.96106719970703,-28.911067962646484,2.7802429412512875e-13,1.0,2,pick up bottle,"[-6.0, 50.0, 0.0]","[0.0, 0.0, 0.0]",,,,,,,,,,3,250,750
783,ray_zoo,bb,breakable-bottles-v0,model_10.pt,0,5,3,1,move right,2,pick up bottle,2,"[-10.0, 50.0, 0.0]","[-5.0, 50.0, 0.0]",3.0064590140349567e-12,1.0,false,48.20392400000128,0.03999999910593033,4.0,6.254148694570176,6.252548694610596,-6.202548503875732,0.002020175801590085,0.9979798197746277,2,pick up bottle,"[-1.0, 50.0, 0.0]","[4.0, 0.0, 0.0]",15875,20998,0,36873,false,false,false,false,no_successful_seed_or_zoo_point,,,
783,art_cw,bb,breakable-bottles-v0,model_10.pt,0,5,3,1,move right,2,pick up bottle,2,"[-10.0, 50.0, 0.0]","[-5.0, 50.0, 0.0]",3.0064590140349567e-12,1.0,false,8.287143199995626,0.0,0.0,26.580257415771484,26.580257415771484,-26.530258178710938,3.0064590140349567e-12,1.0,2,pick up bottle,"[-5.0, 50.0, 0.0]","[0.0, 0.0, 0.0]",,,,,,,,,,3,250,750
784,ray_zoo,bb,breakable-bottles-v0,model_10.pt,0,7,3,0,move left,1,move right,2,"[-10.0, 50.0, 0.0]","[-3.0, 50.0, 0.0]",2.3957202476850405e-15,1.0,true,52.596345300000394,0.010366572998464108,1.0366573333740234,0.00010746583575382829,0.0,0.050696372985839844,0.5126713514328003,0.4873286485671997,0,move left,"[-4.036657333374023, 50.0, 0.0]","[-1.0366573333740234, 0.0, 0.0]",20019,20998,16,41033,true,true,true,true,,,,
784,art_cw,bb,breakable-bottles-v0,model_10.pt,0,7,3,0,move left,1,move right,2,"[-10.0, 50.0, 0.0]","[-3.0, 50.0, 0.0]",2.3957202476850405e-15,1.0,true,10.875832599995192,0.011735229752957821,1.17352294921875,0.00013771561498288065,0.0,3.7636218070983887,0.9773264527320862,0.02267354726791382,0,move left,"[-4.17352294921875, 49.99997329711914, 0.0]","[-1.17352294921875, -2.6702880859375e-05, 0.0]",,,,,,,,,,3,250,750
785,ray_zoo,bb,breakable-bottles-v0,model_10.pt,0,8,3,0,move left,1,move right,2,"[-10.0, 50.0, 0.0]","[-2.0, 50.0, 0.0]",6.980013626551457e-14,1.0,true,55.77700289999484,0.015487320721149445,1.548732042312622,0.0002398571086814627,0.0,0.050283193588256836,0.5125681161880493,0.4874318540096283,0,move left,"[-3.548732042312622, 50.0, 0.0]","[-1.548732042312622, 0.0, 0.0]",20099,20998,16,41113,true,true,true,true,,,,
785,art_cw,bb,breakable-bottles-v0,model_10.pt,0,8,3,0,move left,1,move right,2,"[-10.0, 50.0, 0.0]","[-2.0, 50.0, 0.0]",6.980013626551457e-14,1.0,false,9.098258799989708,0.015459518879652023,1.5459518432617188,0.04760423375410028,0.04736523702740669,0.002634763717651367,0.5006586909294128,0.49934130907058716,0,move left,"[-3.5459518432617188, 49.99997329711914, 0.0]","[-1.5459518432617188, -2.6702880859375e-05, 0.0]",,,,,,,,,,3,250,750
786,ray_zoo,bb,breakable-bottles-v0,model_10.pt,0,9,3,0,move left,1,move right,2,"[-10.0, 50.0, 0.0]","[-1.0, 50.0, 0.0]",1.514578799833785e-13,1.0,true,48.96522109999205,0.021483704447746277,2.1483705043792725,0.00046154955634847283,0.0,0.051253437995910645,0.5128105282783508,0.4871894419193268,0,move left,"[-3.1483705043792725, 50.0, 0.0]","[-2.1483705043792725, 0.0, 0.0]",20983,20998,16,41997,true,true,true,true,,,,
786,art_cw,bb,breakable-bottles-v0,model_10.pt,0,9,3,0,move left,1,move right,2,"[-10.0, 50.0, 0.0]","[-1.0, 50.0, 0.0]",1.514578799833785e-13,1.0,true,8.305722799996147,0.021687544882297516,2.1687545776367188,0.00047034959425218403,0.0,0.4670795202255249,0.6146922707557678,0.3853076994419098,0,move left,"[-3.1687545776367188, 49.99983215332031, 0.0]","[-2.1687545776367188, -0.0001678466796875, 0.0]",,,,,,,,,,3,250,750
787,ray_zoo,rsg2,resource-gathering-v0,model_10.pt,0,0,3,3,right,0,up,3,"[0.0, 1.0, 1.0]","[0.0, 1.0, 1.0]",0.23370349407196045,0.7662965059280396,false,39.59853859999566,1.3066349029541016,1.4372984170913696,2.905531644821167,1.1982369422912598,-1.1482369899749756,0.24081124365329742,0.7591887712478638,0,up,"[-1.100000023841858, 0.07489097118377686, 1.0]","[-1.100000023841858, -0.9251090288162231, 0.0]",10585,20998,0,31583,false,false,false,false,no_successful_seed_or_zoo_point,,,
787,art_cw,rsg2,resource-gathering-v0,model_10.pt,0,0,3,3,right,0,up,3,"[0.0, 1.0, 1.0]","[0.0, 1.0, 1.0]",0.23370349407196045,0.7662965059280396,false,11.204316799994558,0.0,0.0,1.237515926361084,1.237515926361084,-1.1875159740447998,0.23370349407196045,0.7662965059280396,0,up,"[0.0, 1.0, 1.0]","[0.0, 0.0, 0.0]",,,,,,,,,,3,250,750
788,ray_zoo,rsg2,resource-gathering-v0,model_10.pt,0,0,3,2,left,0,up,3,"[0.0, 1.0, 1.0]","[0.0, 1.0, 1.0]",1.0174135839369214e-10,0.7662965059280396,false,43.6983114000177,1.3335795402526855,1.4669374227523804,20.468312740325928,18.689878463745117,-18.63987922668457,6.10137318446391e-09,0.7596688270568848,0,up,"[-1.100000023841858, 0.029481828212738037, 1.0]","[-1.100000023841858, -0.970518171787262, 0.0]",10585,20998,0,31583,false,false,false,false,no_successful_seed_or_zoo_point,,,
788,art_cw,rsg2,resource-gathering-v0,model_10.pt,0,0,3,2,left,0,up,3,"[0.0, 1.0, 1.0]","[0.0, 1.0, 1.0]",1.0174135839369214e-10,0.7662965059280396,false,11.041253599978518,0.0,0.0,22.792400360107422,22.792400360107422,-22.742401123046875,1.0174135839369214e-10,0.7662965059280396,0,up,"[0.0, 1.0, 1.0]","[0.0, 0.0, 0.0]",,,,,,,,,,3,250,750
789,ray_zoo,rsg2,resource-gathering-v0,model_10.pt,0,1,3,3,right,0,up,4,"[0.0, 1.0, 1.0]","[0.0, 1.0, 1.0]",0.11780038475990295,0.8821996450424194,true,56.0692379999964,0.7884320020675659,0.8672752976417542,0.6216250658035278,0.0,0.05048775672912598,0.5126192569732666,0.487380713224411,3,right,"[-0.12222403287887573, 1.0, 0.14138036966323853]","[-0.12222403287887573, 0.0, -0.8586196303367615]",20983,20998,16,41997,true,true,false,false,,,,
789,art_cw,rsg2,resource-gathering-v0,model_10.pt,0,1,3,3,right,0,up,4,"[0.0, 1.0, 1.0]","[0.0, 1.0, 1.0]",0.11780038475990295,0.8821996450424194,false,12.083737700013444,0.0,0.0,2.0634267330169678,2.0634267330169678,-2.0134267807006836,0.11780038475990295,0.8821996450424194,0,up,"[0.0, 1.0, 1.0]","[0.0, 0.0, 0.0]",,,,,,,,,,3,250,750
790,ray_zoo,rsg2,resource-gathering-v0,model_10.pt,0,1,3,2,left,0,up,4,"[0.0, 1.0, 1.0]","[0.0, 1.0, 1.0]",1.5932568597776253e-09,0.8821996450424194,false,21.82969569999841,1.3790545463562012,1.5169599056243896,11.348261594772339,9.446470260620117,-9.396470069885254,8.300969057017937e-05,0.9999167919158936,0,up,"[0.0, -0.04458963871002197, -0.10000000149011612]","[0.0, -1.044589638710022, -1.100000023841858]",10585,20998,0,31583,false,false,false,false,no_successful_seed_or_zoo_point,,,
790,art_cw,rsg2,resource-gathering-v0,model_10.pt,0,1,3,2,left,0,up,4,"[0.0, 1.0, 1.0]","[0.0, 1.0, 1.0]",1.5932568597776253e-09,0.8821996450424194,false,8.174822500004666,0.0,0.0,20.182147979736328,20.182147979736328,-20.13214874267578,1.5932568597776253e-09,0.8821996450424194,0,up,"[0.0, 1.0, 1.0]","[0.0, 0.0, 0.0]",,,,,,,,,,3,250,750
791,ray_zoo,rsg2,resource-gathering-v0,model_10.pt,0,2,3,3,right,0,up,4,"[0.0, 1.0, 1.0]","[0.0, 1.0, 1.0]",0.18301019072532654,0.8121160864830017,true,42.211771899979794,1.313351035118103,1.4446861743927002,1.724890947341919,0.0,0.053537070751190186,0.5107215046882629,0.48409801721572876,3,right,"[0.0, -0.0998992919921875, 0.06333589553833008]","[0.0, -1.0998992919921875, -0.9366641044616699]",11561,20998,16,32575,true,true,false,false,,,,
791,art_cw,rsg2,resource-gathering-v0,model_10.pt,0,2,3,3,right,0,up,4,"[0.0, 1.0, 1.0]","[0.0, 1.0, 1.0]",0.18301019072532654,0.8121160864830017,false,12.002753200009465,0.0,0.0,1.540101408958435,1.540101408958435,-1.4901014566421509,0.18301019072532654,0.8121160864830017,0,up,"[0.0, 1.0, 1.0]","[0.0, 0.0, 0.0]",,,,,,,,,,3,250,750
792,ray_zoo,rsg2,resource-gathering-v0,model_10.pt,0,2,3,2,left,0,up,4,"[0.0, 1.0, 1.0]","[0.0, 1.0, 1.0]",0.00487373536452651,0.8121160864830017,true,43.446195899974555,1.3449699878692627,1.4794670343399048,1.8089442253112793,0.0,0.0703892707824707,0.36643466353416443,0.29203689098358154,2,left,"[0.0, -0.08593451976776123, -0.0047730207443237305]","[0.0, -1.0859345197677612, -1.0047730207443237]",13033,20998,16,34047,true,true,false,false,,,,
792,art_cw,rsg2,resource-gathering-v0,model_10.pt,0,2,3,2,left,0,up,4,"[0.0, 1.0, 1.0]","[0.0, 1.0, 1.0]",0.00487373536452651,0.8121160864830017,false,12.740608599997358,0.0,0.0,5.165782928466797,5.165782928466797,-5.115782737731934,0.00487373536452651,0.8121160864830017,0,up,"[0.0, 1.0, 1.0]","[0.0, 0.0, 0.0]",,,,,,,,,,3,250,750
793,ray_zoo,rsg2,resource-gathering-v0,model_10.pt,0,3,3,3,right,0,up,4,"[0.0, 1.0, 1.0]","[0.0, 1.0, 1.0]",4.792987373274446e-30,1.0,true,44.4247421999753,1.2970051765441895,1.4267057180404663,1.6822223663330078,0.0,0.06418228149414062,0.5160400867462158,0.4839599132537842,3,right,"[0.0, -0.10000000149011612, 0.09143567085266113]","[0.0, -1.100000023841858, -0.9085643291473389]",13993,20998,16,35007,true,true,true,false,,,,
793,art_cw,rsg2,resource-gathering-v0,model_10.pt,0,3,3,3,right,0,up,4,"[0.0, 1.0, 1.0]","[0.0, 1.0, 1.0]",4.792987373274446e-30,1.0,false,10.510945200017886,0.0,0.0,67.5604019165039,67.5604019165039,-67.5103988647461,4.792987373274446e-30,1.0,0,up,"[0.0, 1.0, 1.0]","[0.0, 0.0, 0.0]",,,,,,,,,,3,250,750
794,ray_zoo,rsg2,resource-gathering-v0,model_10.pt,0,3,3,1,down,0,up,4,"[0.0, 1.0, 1.0]","[0.0, 1.0, 1.0]",0.0,1.0,false,39.04372780001722,1.2972179651260376,1.4269397258758545,504.6187791824341,502.9360046386719,-502.8860168457031,0.0,0.43816623091697693,3,right,"[0.0, -0.10000000149011612, 0.09106814861297607]","[0.0, -1.100000023841858, -0.9089318513870239]",10585,20998,0,31583,false,false,false,false,no_successful_seed_or_zoo_point,,,
794,art_cw,rsg2,resource-gathering-v0,model_10.pt,0,3,3,1,down,0,up,4,"[0.0, 1.0, 1.0]","[0.0, 1.0, 1.0]",0.0,1.0,false,11.23263099999167,0.0,0.0,559.484375,559.484375,-559.4343872070312,0.0,1.0,0,up,"[0.0, 1.0, 1.0]","[0.0, 0.0, 0.0]",,,,,,,,,,3,250,750
795,ray_zoo,rsg2,resource-gathering-v0,model_10.pt,0,4,3,1,down,3,right,3,"[0.0, 1.0, 1.0]","[0.0, 1.0, 1.0]",3.6628652891924845e-20,1.0,false,41.68725420002011,1.361880898475647,1.4980690479278564,22.048757910728455,20.19403839111328,-20.144039154052734,1.7846578659330703e-09,1.0,3,right,"[-1.100000023841858, -0.01696145534515381, 1.0]","[-1.100000023841858, -1.0169614553451538, 0.0]",10585,20998,0,31583,false,false,false,false,no_successful_seed_or_zoo_point,,,
795,art_cw,rsg2,resource-gathering-v0,model_10.pt,0,4,3,1,down,3,right,3,"[0.0, 1.0, 1.0]","[0.0, 1.0, 1.0]",3.6628652891924845e-20,1.0,false,14.216097500000615,0.0,0.0,44.8034553527832,44.8034553527832,-44.753456115722656,3.6628652891924845e-20,1.0,3,right,"[0.0, 1.0, 1.0]","[0.0, 0.0, 0.0]",,,,,,,,,,3,250,750
796,ray_zoo,rsg2,resource-gathering-v0,model_10.pt,0,4,3,2,left,3,right,3,"[0.0, 1.0, 1.0]","[0.0, 1.0, 1.0]",0.0,1.0,false,40.76397870000801,1.3861559629440308,1.5247715711593628,188.16678965091705,186.245361328125,-186.1953582763672,0.0,1.0,3,right,"[-1.0999999046325684, -0.05590176582336426, 1.0]","[-1.0999999046325684, -1.0559017658233643, 0.0]",10585,20998,0,31583,false,false,false,false,no_successful_seed_or_zoo_point,,,
796,art_cw,rsg2,resource-gathering-v0,model_10.pt,0,4,3,2,left,3,right,3,"[0.0, 1.0, 1.0]","[0.0, 1.0, 1.0]",0.0,1.0,false,10.514211599976989,0.0,0.0,294.2077941894531,294.2077941894531,-294.1578063964844,0.0,1.0,3,right,"[0.0, 1.0, 1.0]","[0.0, 0.0, 0.0]",,,,,,,,,,3,250,750
