case_id,run,env,front_index,timestep,original_action,original_label,foil_action,foil_label,remaining_command,original_prob_foil,original_prob_greedy,ours_success,cw_success,ours_scaled_l2,cw_scaled_l2,ours_target_margin,cw_target_margin,ours_total_queries,ours_ray_success,ours_zoo_success,ours_zoo_improved_seed,ours_binary_improved_selected,ours_duration_sec,cw_duration_sec,ours_command,cw_command,ours_error,cw_error
0,bp,branch-path,0,0,3,down,1,up,"[1.0, 3.0]",0.057212259620428085,0.942787766456604,true,false,0.23475593328475952,0.25161656737327576,0.05000114440917969,0.011708259582519531,41997,true,true,false,false,38.058783999993466,9.745788699990953,"[1.410552978515625, 2.42777681350708]","[1.7548496723175049, 2.9999032020568848]",,
1,bp,branch-path,0,1,3,down,1,up,"[1.0, 3.0]",0.012675740756094456,0.9873242378234863,true,false,0.637790322303772,0.0,0.050018310546875,-4.355308532714844,41997,true,true,false,false,45.28732640000817,9.350975399996969,"[1.7246013879776, 1.2291412353515625]","[1.0, 3.0]",,
2,bp,branch-path,0,2,2,left,0,right,"[1.0, 3.0]",0.06703535467386246,0.9299866557121277,true,false,0.4307161271572113,0.18981027603149414,0.05009591579437256,0.001366257667541504,41997,true,true,true,false,48.8123515000043,10.36085009999806,"[1.4668335914611816, 1.7951290607452393]","[0.4305691719055176, 3.0]",,
3,bp,branch-path,0,2,2,left,1,up,"[1.0, 3.0]",0.002977934665977955,0.9299866557121277,true,false,0.8112439513206482,0.0,0.050008952617645264,-5.743940353393555,41997,true,true,false,false,52.722190399988904,7.848607899999479,"[1.4752858877182007, 0.6131289005279541]","[1.0, 3.0]",,
4,bp,branch-path,0,3,2,left,0,right,"[1.0, 2.0]",0.019704626873135567,0.9802953600883484,true,false,0.23731207847595215,0.2367739975452423,0.0500178337097168,0.03656578063964844,41997,true,true,false,false,53.867344199999934,8.809774800000014,"[1.3908841609954834, 1.40496826171875]","[1.4188005924224854, 1.4262723922729492]",,
5,bp,branch-path,0,4,2,left,0,right,"[1.0, 2.0]",0.01756814867258072,0.9824318289756775,true,true,0.31926658749580383,0.35202905535697937,0.050037384033203125,0.5821762084960938,41997,true,true,true,false,57.318514700004016,11.61174249999749,"[1.5004185438156128, 1.183322787284851]","[1.498315453529358, 1.0688706636428833]",,
6,bp,branch-path,0,6,0,right,2,left,"[1.0, 1.0]",0.01816009357571602,0.9818398356437683,true,true,0.19222280383110046,0.19543778896331787,0.050011634826660156,0.0543975830078125,41898,false,true,false,false,58.36591609999596,12.374999799998477,"[0.6058714389801025, 1.4209620952606201]","[0.6559610962867737, 1.4747637510299683]",,
7,bp,branch-path,0,7,0,right,2,left,"[1.0, 1.0]",0.0055731553584337234,0.9944268465042114,false,false,0.0,0.0,-5.184205055236816,-5.184205055236816,41882,false,false,false,false,57.93926489999285,11.304245200008154,"[1.0, 1.0]","[1.0, 1.0]",,
8,bp,branch-path,0,8,0,right,2,left,"[1.0, 1.0]",0.005715253762900829,0.994017481803894,false,false,0.6672797203063965,0.0,-3.182847499847412,-5.158616065979004,41882,false,false,false,false,50.78678310000396,8.724866600008681,"[3.0, 0.9142103791236877]","[1.0, 1.0]",,
9,bp,branch-path,0,8,0,right,1,up,"[1.0, 1.0]",0.00026722162147052586,0.994017481803894,true,true,0.28548040986061096,0.2493409365415573,0.05002140998840332,0.21358364820480347,41997,true,true,false,false,56.31908250000561,10.535439799990854,"[1.6994038820266724, 0.505706787109375]","[1.3817265033721924, 0.35670924186706543]",,
10,bp,branch-path,0,9,0,right,2,left,"[1.0, 0.0]",0.01152303721755743,0.9884769916534424,false,false,0.7345068454742432,0.0,-1.3544728755950928,-4.451817035675049,31471,false,false,false,false,42.382135300009395,9.032280700004776,"[3.0, 0.924933671951294]","[1.0, 0.0]",,
11,bp,branch-path,1,0,1,up,3,down,"[2.0, 2.0]",0.037349920719861984,0.9626501202583313,true,false,0.27045875787734985,0.24780507385730743,0.050008296966552734,0.01699066162109375,41997,true,true,false,false,56.76585780001187,8.607403100002557,"[1.197998046875, 2.122981309890747]","[1.3411146402359009, 2.3442909717559814]",,
12,bp,branch-path,1,1,1,up,3,down,"[2.0, 2.0]",0.0018697503255680203,0.9981302618980408,true,false,0.47363999485969543,0.4506228566169739,0.05001211166381836,0.019561767578125,41997,true,true,false,false,57.24115739999979,10.637792499997886,"[0.58758544921875, 2.155238151550293]","[0.7475180625915527, 2.508760929107666]",,
13,bp,branch-path,1,2,0,right,2,left,"[2.0, 2.0]",0.2382495105266571,0.7613793611526489,true,false,0.1928900182247162,0.0,0.050006866455078125,-1.1618132591247559,41997,true,true,false,false,56.4588531999907,10.622584500000812,"[1.434112548828125, 2.1209564208984375]","[2.0, 2.0]",,
14,bp,branch-path,1,2,0,right,3,down,"[2.0, 2.0]",0.0003710880409926176,0.7613793611526489,false,false,0.7453415989875793,0.0,-3.0093159675598145,-7.626447677612305,41881,false,false,false,false,57.05225680000149,10.231867900001816,"[1.1920928955078125e-07, 2.999903678894043]","[2.0, 2.0]",,
15,bp,branch-path,1,3,2,left,0,right,"[1.0, 2.0]",0.0037201568484306335,0.9962798953056335,true,false,0.3921777904033661,0.3774796724319458,0.05000734329223633,4.291534423828125e-06,41997,true,true,true,false,55.929279300005874,9.425325999996858,"[2.0069351196289062, 1.3914669752120972]","[1.9501904249191284, 1.3839186429977417]",,
16,bp,branch-path,1,4,2,left,0,right,"[1.0, 2.0]",0.0003455792320892215,0.9994919300079346,false,false,0.942808985710144,0.0,-2.690680742263794,-7.969780445098877,41881,false,false,false,false,58.13813140000275,10.168988799996441,"[3.0, 1.1920928955078125e-07]","[1.0, 2.0]",,
17,bp,branch-path,1,4,2,left,3,down,"[1.0, 2.0]",0.00016250730550382286,0.9994919300079346,false,false,0.4714045524597168,0.0,-5.384854316711426,-8.724279403686523,41881,false,false,false,false,54.30178980001074,10.412925600001472,"[0.0, 3.0]","[1.0, 2.0]",,
18,bp,branch-path,1,5,0,right,2,left,"[0.0, 2.0]",0.0007793951081112027,0.999220609664917,true,true,0.2697541415691376,0.27033957839012146,0.05004143714904785,0.11198878288269043,41997,true,true,false,false,54.546421699997154,12.475357500006794,"[0.80401611328125, 1.9080009460449219]","[0.7831540703773499, 1.7892367839813232]",,
19,bp,branch-path,1,6,3,down,2,left,"[0.0, 2.0]",0.0003669317520689219,0.9996323585510254,true,false,0.5499570369720459,0.5354752540588379,0.05000162124633789,0.0009779930114746094,41997,true,true,false,false,56.85676799999783,7.795626999999513,"[1.6055601835250854, 1.620195984840393]","[1.5005346536636353, 1.426415205001831]",,
20,bp,branch-path,1,6,3,down,0,right,"[0.0, 2.0]",6.958393896638881e-07,0.9996323585510254,false,false,0.7009026408195496,0.0,-1.3653713464736938,-14.177779197692871,41881,false,false,false,false,56.409736300003715,9.438075700003537,"[0.6491379737854004, 0.0]","[0.0, 2.0]",,
21,bp,branch-path,1,7,3,down,1,up,"[0.0, 2.0]",0.00015402684221044183,0.9998459815979004,true,false,0.6186339855194092,0.0,0.05001711845397949,-8.778229713439941,41997,true,true,false,false,58.4546260000061,7.860472300002584,"[1.730575442314148, 1.329566478729248]","[0.0, 2.0]",,
22,bp,branch-path,1,8,3,down,1,up,"[0.0, 2.0]",5.723320282413624e-05,0.9999427795410156,true,false,0.7126920223236084,0.0,0.0500645637512207,-9.768319129943848,41997,true,true,false,false,56.63744299999962,8.607023499993375,"[1.752008318901062, 0.7745057344436646]","[0.0, 2.0]",,
23,bp,branch-path,1,9,3,down,1,up,"[0.0, 2.0]",3.9779079088475555e-05,0.99996018409729,true,false,0.7062591910362244,0.0,0.05001598596572876,-10.132129669189453,41997,true,true,false,false,53.01197600000887,7.683556799995131,"[1.7182105779647827, 0.76025390625]","[0.0, 2.0]",,
24,bp,branch-path,2,0,1,up,3,down,"[3.0, 1.0]",0.008621882647275925,0.9913780689239502,true,false,0.7346116900444031,0.0,0.05012083053588867,-4.744792461395264,41997,true,true,true,false,52.76213100001041,9.545928599996842,"[0.866387128829956, 1.5518922805786133]","[3.0, 1.0]",,
25,bp,branch-path,2,1,1,up,3,down,"[3.0, 1.0]",0.004894371144473553,0.9951056241989136,true,false,0.9151973128318787,0.0,0.050104618072509766,-5.314763069152832,41997,true,true,false,false,53.47241889999714,7.96104799999739,"[0.2927858829498291, 1.457457423210144]","[3.0, 1.0]",,
26,bp,branch-path,2,2,2,left,0,right,"[3.0, 1.0]",0.2700809836387634,0.7282189726829529,true,false,0.11121678352355957,0.09992345422506332,0.05000138282775879,7.152557373046875e-06,41997,true,true,true,false,54.93892980000237,9.658178500001668,"[2.790987491607666, 1.2600698471069336]","[2.999945878982544, 1.2997703552246094]",,
27,bp,branch-path,2,2,2,left,3,down,"[3.0, 1.0]",0.0017000434454530478,0.7282189726829529,false,false,1.2018147706985474,0.0,-3.009366989135742,-6.059947967529297,41881,false,false,false,false,51.75262230000226,8.124317199995858,"[2.384185791015625e-07, 2.999807596206665]","[3.0, 1.0]",,
28,bp,branch-path,2,3,2,left,0,right,"[2.0, 1.0]",0.06441271305084229,0.9355873465538025,true,true,0.1851893663406372,0.25753334164619446,0.05001497268676758,0.3073770999908447,41997,true,true,false,false,52.441686000005575,9.234364999996615,"[1.56304931640625, 1.3431180715560913]","[2.18601655960083, 0.25012755393981934]",,
29,bp,branch-path,2,4,2,left,0,right,"[2.0, 1.0]",0.01852085441350937,0.9814791679382324,true,true,0.2657909095287323,0.32512953877449036,0.05012702941894531,0.13026714324951172,41997,true,true,false,false,43.39255210000556,9.404326600008062,"[1.349517822265625, 1.4611682891845703]","[2.475710391998291, 0.14848220348358154]",,
30,bp,branch-path,2,6,0,right,2,left,"[1.0, 1.0]",0.006474798545241356,0.9935251474380493,true,false,0.3285435438156128,0.32593220472335815,0.05001544952392578,0.03459644317626953,41898,false,true,false,true,51.4478259000025,10.473473600010038,"[1.9705355167388916, 1.1718387603759766]","[1.9585752487182617, 1.1929237842559814]",,
31,bp,branch-path,2,7,0,right,2,left,"[1.0, 1.0]",0.002528946613892913,0.9974710941314697,false,false,0.0,0.0,-5.977420330047607,-5.977420330047607,41882,false,false,false,false,52.32682860000932,9.23576999999932,"[1.0, 1.0]","[1.0, 1.0]",,
32,bp,branch-path,2,8,0,right,2,left,"[1.0, 1.0]",0.005653794389218092,0.9932736158370972,false,false,0.6666666865348816,0.0,-3.287707567214966,-5.168679237365723,41882,false,false,false,false,53.219427099989844,7.97155910001311,"[1.0, 3.0]","[1.0, 1.0]",,
33,bp,branch-path,2,8,0,right,3,down,"[1.0, 1.0]",0.0010725266765803099,0.9932736158370972,true,true,0.2851755619049072,0.23992066085338593,0.05011951923370361,0.3712998032569885,41997,true,true,false,false,52.555029499999364,6.834493400005158,"[0.5821075439453125, 1.7465198040008545]","[0.32808899879455566, 1.2580560445785522]",,
34,bp,branch-path,2,9,0,right,2,left,"[0.0, 1.0]",0.023772934451699257,0.9762271046638489,true,false,0.2333189994096756,0.22571344673633575,0.05000650882720947,0.0001316666603088379,41997,true,true,true,false,50.30762110000069,8.139189699999406,"[0.0, 1.699957013130188]","[0.0, 1.6771403551101685]",,
35,c2,collect_two,0,0,2,left,3,down,"[0.0, 1.0, 0.0, 0.800000011920929]",0.13655033707618713,0.6326315402984619,true,false,0.20227400958538055,0.19031715393066406,0.05002391338348389,0.023446321487426758,41997,true,true,true,true,52.59638820000691,10.209010899998248,"[0.019300250336527824, 0.8001109957695007, 0.020551584661006927, 0.8128177523612976]","[0.00016740337014198303, 0.9984116554260254, 0.00011174380779266357, 0.9903104305267334]",,
36,c2,collect_two,0,0,2,left,0,right,"[0.0, 1.0, 0.0, 0.800000011920929]",0.1218736469745636,0.6326315402984619,true,false,0.6583420634269714,0.0,0.05001258850097656,-1.6469032764434814,41997,true,true,true,true,52.77887660000124,10.452364400000079,"[0.12846772372722626, 0.5168130397796631, 0.4175574481487274, 0.7046770453453064]","[0.0, 1.0, 0.0, 0.800000011920929]",,
37,c2,collect_two,0,1,2,left,0,right,"[0.0, 1.0, 0.0, 0.800000011920929]",0.23458120226860046,0.7654187679290771,true,true,0.15378880500793457,0.214003786444664,0.050026655197143555,0.2251894474029541,41997,true,true,true,true,51.89655089999724,8.215414899997995,"[0.037325505167245865, 0.88614422082901, 0.008387474343180656, 0.8960433006286621]","[0.007579497992992401, 0.9242507815361023, 0.0014947177842259407, 1.0]",,
38,c2,collect_two,0,2,2,left,0,right,"[0.0, 1.0, 0.0, 0.800000011920929]",0.29500851035118103,0.7049915194511414,true,false,0.12694375216960907,0.16299410164356232,0.05000114440917969,0.020795345306396484,41997,true,true,true,true,52.221719799999846,9.371328900000663,"[0.04141125828027725, 0.880185604095459, 0.005832971539348364, 0.8032109141349792]","[0.0005750451236963272, 0.998137354850769, 0.00011560413986444473, 0.9629824161529541]",,
39,c2,collect_two,0,3,3,down,0,right,"[0.0, 0.0, 0.0, 0.800000011920929]",0.2689443528652191,0.5589876770973206,true,false,0.5275476574897766,0.5100271105766296,0.05002087354660034,0.004192709922790527,41997,true,true,true,true,51.41710160000366,6.934859300003154,"[0.0, 0.015749352052807808, 0.45889928936958313, 0.540250301361084]","[0.0032781902700662613, 0.0, 0.31746357679367065, 0.4008336663246155]",,
40,c2,collect_two,0,3,3,down,1,up,"[0.0, 0.0, 0.0, 0.800000011920929]",0.17206799983978271,0.5589876770973206,true,false,0.6902616620063782,0.6486651301383972,0.05001187324523926,0.004452943801879883,41997,true,true,true,false,52.041107199998805,9.364161300007254,"[0.5825653672218323, 0.01189039833843708, 0.0, 0.4299495220184326]","[0.38588747382164, 0.05429312586784363, 0.025981759652495384, 0.2820863723754883]",,
41,c2,collect_two,0,4,3,down,1,up,"[0.0, 0.0, 0.0, 0.800000011920929]",0.28236261010169983,0.7176373600959778,true,false,0.5148735642433167,0.5779138803482056,0.050008296966552734,7.152557373046875e-07,41997,true,true,true,false,51.169731600006344,9.35572520000278,"[0.0, 0.34623196721076965, 0.22317397594451904, 0.49111229181289673]","[0.0005770521238446236, 0.0015991060063242912, 0.0012266645208001137, 0.222089946269989]",,
42,c2,collect_two,0,5,3,down,1,up,"[0.0, 0.0, 0.0, 0.800000011920929]",0.3400658965110779,0.6599340438842773,true,true,0.25901973247528076,0.28091686964035034,0.050011634826660156,0.05450582504272461,41997,true,true,true,false,51.73190909999539,8.327155999999377,"[0.0, 0.1374978870153427, 0.1363936960697174, 0.6280049085617065]","[0.0, 0.04998807609081268, 0.03682446479797363, 0.5260302424430847]",,
43,c2,collect_two,0,6,0,right,1,up,"[0.0, 0.0, 0.0, 0.800000011920929]",0.33044201135635376,0.6695579886436462,true,false,0.3431324362754822,0.371498703956604,0.050003767013549805,0.014226913452148438,41997,true,true,true,false,51.61882699999842,8.062287499997183,"[0.0, 0.2378399819135666, 0.0, 0.5526702404022217]","[2.8330832719802856e-05, 0.0007101353257894516, 0.0002872338518500328, 0.4285021126270294]",,
44,c2,collect_two,0,7,0,right,2,left,"[0.0, 0.0, 0.0, 0.800000011920929]",0.23251047730445862,0.767489492893219,true,true,0.572256326675415,0.5845722556114197,0.05002307891845703,0.07631111145019531,41997,true,true,true,false,51.17175479998696,9.652280199996312,"[0.0, 0.4889160394668579, 0.031072381883859634, 0.5042418241500854]","[0.0, 0.33439090847969055, 0.004698006436228752, 0.32053643465042114]",,
45,c2,collect_two,0,8,0,right,2,left,"[0.0, 0.0, 0.0, 0.800000011920929]",0.30599477887153625,0.6940052509307861,true,false,0.5109506249427795,0.4786798059940338,0.05000591278076172,-0.003998756408691406,41997,true,true,true,false,46.97591259999899,6.988591600005748,"[0.0, 0.43471238017082214, 0.0, 0.5314936637878418]","[0.0, 0.28710174560546875, 0.0032041696831583977, 0.4169899821281433]",,
46,c2,collect_two,1,0,2,left,0,right,"[0.0, 1.0, 0.800000011920929, 0.0]",0.1854134500026703,0.5995833873748779,true,false,0.21892616152763367,0.20016779005527496,0.05000948905944824,-0.022336304187774658,41997,true,true,true,true,44.23339829999895,6.705097300000489,"[0.0, 0.7813274264335632, 0.8105341792106628, 0.0]","[0.0, 0.9918056726455688, 1.0, 0.0]",,
47,c2,collect_two,1,0,2,left,3,down,"[0.0, 1.0, 0.800000011920929, 0.0]",0.1102156937122345,0.5995833873748779,true,false,0.8674930930137634,0.0,0.050017595291137695,-1.6937958002090454,41997,true,true,true,true,44.014174800002365,7.73462840000866,"[0.17562086880207062, 0.7494474649429321, 0.6738190650939941, 0.8018749356269836]","[0.0, 1.0, 0.800000011920929, 0.0]",,
48,c2,collect_two,1,1,2,left,0,right,"[0.0, 1.0, 0.800000011920929, 0.0]",0.23961901664733887,0.7603809833526611,true,false,0.21768735349178314,0.20108245313167572,0.05003213882446289,-0.009057283401489258,41997,true,true,true,true,43.912430600001244,5.937327699997695,"[0.0, 0.7825286984443665, 0.8096961975097656, 0.0]","[0.0, 0.9791635274887085, 1.0, 0.0]",,
49,c2,collect_two,1,2,2,left,0,right,"[0.0, 1.0, 0.800000011920929, 0.0]",0.25846022367477417,0.7415397763252258,true,false,0.2124689519405365,0.20094291865825653,0.05002117156982422,-0.010754585266113281,41997,true,true,true,true,44.3109664000076,7.107313799991971,"[0.0, 0.7881090044975281, 0.800000011920929, 0.01566089689731598]","[0.0, 0.9805561900138855, 1.0, 0.0]",,
50,c2,collect_two,1,3,0,right,3,down,"[0.0, 0.0, 0.800000011920929, 0.0]",0.22681176662445068,0.5722797513008118,true,true,0.5380135178565979,0.6245266795158386,0.05000424385070801,0.14512789249420166,41997,true,true,true,true,43.340477899997495,7.9785045000026,"[0.1137467697262764, 0.4044032394886017, 0.4638776481151581, 0.0]","[0.036814309656620026, 0.40652701258659363, 0.3273330628871918, 0.0]",,
51,c2,collect_two,1,3,0,right,1,up,"[0.0, 0.0, 0.800000011920929, 0.0]",0.20090848207473755,0.5722797513008118,true,false,0.579518735408783,0.6484522223472595,0.05001497268676758,0.019342660903930664,41997,true,true,true,false,44.43149849999463,8.88011519999418,"[0.4862951934337616, 0.02170337364077568, 0.48553550243377686, 0.0]","[0.1389794796705246, 0.04281500726938248, 0.16806501150131226, 0.0]",,
52,c2,collect_two,1,4,0,right,2,left,"[0.0, 0.0, 0.800000011920929, 0.0]",0.23716281354427338,0.7628372311592102,true,false,0.42064809799194336,0.39136046171188354,0.05001068115234375,-0.0014638900756835938,41997,true,true,true,false,43.268372300008195,8.356784099989454,"[0.0, 0.36134934425354004, 0.5846596360206604, 0.0]","[0.0, 0.28153982758522034, 0.5281575322151184, 0.0]",,
53,c2,collect_two,1,5,0,right,2,left,"[0.0, 0.0, 0.800000011920929, 0.0]",0.1648619920015335,0.8351380228996277,true,true,0.5082912445068359,0.5311902165412903,0.05002021789550781,0.16211295127868652,41997,true,true,true,false,44.202942999996594,7.885404900007416,"[0.0, 0.42898571491241455, 0.5273624658584595, 0.0]","[0.0, 0.38408979773521423, 0.4330694377422333, 0.0]",,
54,c2,collect_two,1,6,0,right,2,left,"[0.0, 0.0, 0.800000011920929, 0.0]",0.1453614979982376,0.6761844754219055,true,false,0.4626310467720032,0.49790629744529724,0.05001413822174072,1.2814998626708984e-05,41997,true,true,true,false,43.36039030000393,8.2636971000029,"[0.03499573469161987, 0.34315940737724304, 0.49172934889793396, 0.003689856268465519]","[0.00030200742185115814, 0.0005009034648537636, 0.30209410190582275, 0.00024838466197252274]",,
55,c2,collect_two,1,6,0,right,3,down,"[0.0, 0.0, 0.800000011920929, 0.0]",0.0943928062915802,0.6761844754219055,true,false,0.6994762420654297,0.0,0.0500030517578125,-1.969001054763794,41997,true,true,true,false,45.26079839999147,7.747834599998896,"[0.012514698319137096, 0.0, 0.5344451665878296, 0.6469861268997192]","[0.0, 0.0, 0.800000011920929, 0.0]",,
56,c2,collect_two,1,7,0,right,2,left,"[0.0, 0.0, 0.800000011920929, 0.0]",0.15363356471061707,0.8463664650917053,true,true,0.467205673456192,0.49053362011909485,0.05001378059387207,0.05394124984741211,41997,true,true,true,false,44.60907089999819,7.868726100001368,"[0.12754981219768524, 0.29795241355895996, 0.46863991022109985, 0.05862616002559662]","[0.00033289194107055664, 0.00029690004885196686, 0.30946671962738037, 0.0003482736647129059]",,
57,c2,collect_two,1,8,0,right,2,left,"[0.0, 0.0, 0.800000011920929, 0.0]",0.24017199873924255,0.7598279714584351,true,false,0.297590970993042,0.3040851354598999,0.05001640319824219,0.0012278556823730469,41997,true,true,true,true,44.037595900008455,9.072711700006039,"[0.07680784165859222, 0.11955884099006653, 0.5532209277153015, 0.08641009777784348]","[0.00018150825053453445, 0.00021628383547067642, 0.49591511487960815, 0.0002539167180657387]",,
58,c2,collect_two,2,0,3,down,1,up,"[0.0, 0.800000011920929, 0.0, 1.0]",0.13308587670326233,0.6399222612380981,true,false,0.7788729667663574,0.0,0.05004012584686279,-1.5703520774841309,41997,true,true,true,false,43.799256800004514,8.64678080000158,"[0.6810488104820251, 0.6739893555641174, 0.0, 0.6437180042266846]","[0.0, 0.800000011920929, 0.0, 1.0]",,
59,c2,collect_two,2,0,3,down,2,left,"[0.0, 0.800000011920929, 0.0, 1.0]",0.13084633648395538,0.6399222612380981,true,false,0.19137060642242432,0.20058204233646393,0.05000424385070801,0.034162938594818115,41997,true,true,false,true,43.87214839999797,7.796636099999887,"[0.0004498037451412529, 0.8070008754730225, 0.0, 0.808758020401001]","[0.0, 1.0, 0.0, 0.9847303032875061]",,
60,c2,collect_two,2,1,3,down,1,up,"[0.0, 0.800000011920929, 0.0, 1.0]",0.18726259469985962,0.8127374053001404,true,true,0.21482153236865997,0.2703787684440613,0.05002427101135254,0.3783738613128662,41997,true,true,true,true,43.488778900005855,9.243686300003901,"[0.0, 0.9343277215957642, 0.01672837696969509, 0.8331931829452515]","[0.0, 1.0, 0.0033318130299448967, 0.8180835843086243]",,
61,c2,collect_two,2,2,3,down,1,up,"[0.0, 0.800000011920929, 0.0, 1.0]",0.29546719789505005,0.70453280210495,true,false,0.13266706466674805,0.15770120918750763,0.05002570152282715,0.04082369804382324,41997,true,true,true,true,43.32441609998932,7.1053535000100965,"[0.0, 0.800000011920929, 0.01717148907482624, 0.8684489130973816]","[0.0, 0.9576884508132935, 0.00026473868638277054, 0.9980113506317139]",,
62,c2,collect_two,2,3,2,left,1,up,"[0.0, 0.800000011920929, 0.0, 0.0]",0.31718406081199646,0.5185368657112122,true,false,0.3980233073234558,0.4944770336151123,0.05003190040588379,0.0056427717208862305,41997,true,true,true,false,44.902634700003546,8.318205000003218,"[0.27968984842300415, 0.5168107748031616, 0.0, 0.0]","[0.0005586603656411171, 0.3055233359336853, 0.00019649416208267212, 0.0]",,
63,c2,collect_two,2,3,2,left,0,right,"[0.0, 0.800000011920929, 0.0, 0.0]",0.16427911818027496,0.5185368657112122,true,true,0.7553846836090088,0.8910491466522217,0.05002152919769287,0.056273698806762695,41997,true,true,true,true,43.84090450000076,9.3110738999967,"[0.09683537483215332, 0.4637877643108368, 0.6371563673019409, 0.20547999441623688]","[0.0, 0.0778082013130188, 0.2606710195541382, 0.45217055082321167]",,
64,c2,collect_two,2,4,2,left,0,right,"[0.0, 0.800000011920929, 0.0, 0.0]",0.2789430022239685,0.7210569381713867,true,false,0.49727165699005127,0.48086366057395935,0.05003690719604492,0.007171630859375,41997,true,true,true,true,46.026103299998795,7.729173200001242,"[0.2605234384536743, 0.5306599140167236, 0.0, 0.32689839601516724]","[0.13301856815814972, 0.39104241132736206, 0.025167720392346382, 0.21367309987545013]",,
65,c2,collect_two,2,5,2,left,0,right,"[0.0, 0.800000011920929, 0.0, 0.0]",0.2652468681335449,0.7347531914710999,true,false,0.43284228444099426,0.4074268937110901,0.05000114440917969,0.001293182373046875,41997,true,true,true,true,45.12824049999472,8.053902800005744,"[0.21237032115459442, 0.5467303991317749, 0.02543593943119049, 0.2783142328262329]","[0.15688350796699524, 0.4735046327114105, 0.013690846040844917, 0.18600426614284515]",,
66,c2,collect_two,2,6,1,up,0,right,"[0.0, 0.800000011920929, 0.0, 0.0]",0.19736041128635406,0.8026396036148071,true,false,0.4147639870643616,0.4186543822288513,0.05000901222229004,0.0010113716125488281,41997,true,true,true,true,45.2551184999902,8.222537399997236,"[0.14825934171676636, 0.6877511143684387, 0.07364512234926224, 0.36335232853889465]","[0.014243518933653831, 0.5864359140396118, 0.020534947514533997, 0.3592176139354706]",,
67,c2,collect_two,2,7,1,up,3,down,"[0.0, 0.800000011920929, 0.0, 0.0]",0.2020481675863266,0.7979518175125122,true,true,0.7196640372276306,0.7715285420417786,0.050009965896606445,0.0900576114654541,41997,true,true,true,true,43.231557199993404,7.93257609999273,"[0.03665255382657051, 0.5093557238578796, 0.0, 0.6573421955108643]","[0.011842627078294754, 0.19460242986679077, 0.0, 0.47813156247138977]",,
68,c2,collect_two,2,8,1,up,3,down,"[0.0, 0.800000011920929, 0.0, 0.0]",0.3527584671974182,0.6472415924072266,true,false,0.48382455110549927,0.4483650028705597,0.050018310546875,0.0035996437072753906,41997,true,true,true,false,45.743771100009326,7.902137800003402,"[0.04460885748267174, 0.5727116465568542, 0.0, 0.42477789521217346]","[0.009913850575685501, 0.45642656087875366, 0.0006294893100857735, 0.28790584206581116]",,
69,c2,collect_two,3,0,3,down,0,right,"[0.0, 0.0, 0.800000011920929, 1.0]",0.14504139125347137,0.5947070121765137,true,true,0.14388731122016907,0.20546944439411163,0.050040364265441895,0.21651148796081543,41997,true,true,false,false,45.30856600000698,6.624535199996899,"[0.0, 0.01627691276371479, 0.8023532629013062, 0.8570556640625]","[0.0, 0.0005321837961673737, 1.0, 0.9529106020927429]",,
70,c2,collect_two,3,0,3,down,2,left,"[0.0, 0.0, 0.800000011920929, 1.0]",0.13198184967041016,0.5947070121765137,true,false,0.7305048108100891,0.0,0.050031185150146484,-1.5054044723510742,41997,true,true,true,true,46.37397050000436,7.607627799996408,"[0.0, 0.5949172973632812, 0.4629189968109131, 0.7429258823394775]","[0.0, 0.0, 0.800000011920929, 1.0]",,
71,c2,collect_two,3,1,3,down,1,up,"[0.0, 0.0, 0.800000011920929, 1.0]",0.18526744842529297,0.8147324919700623,true,false,0.2509179413318634,0.22064638137817383,0.050002336502075195,-0.018950939178466797,41997,true,true,true,true,45.325771900010295,8.16881239999202,"[0.0, 0.046230923384428024, 0.800000011920929, 0.7533777952194214]","[0.0, 0.003468635492026806, 1.0, 0.9068721532821655]",,
72,c2,collect_two,3,2,3,down,1,up,"[0.0, 0.0, 0.800000011920929, 1.0]",0.3367707431316376,0.6632292866706848,true,false,0.0753694400191307,0.11911720037460327,0.050000667572021484,0.0017180442810058594,41997,true,true,true,true,46.60439920000499,7.928214600004139,"[0.0, 0.008844646625220776, 0.8485641479492188, 0.9430451989173889]","[0.0, 0.00010639335960149765, 0.9191139936447144, 0.9991302490234375]",,
73,c2,collect_two,3,3,0,right,1,up,"[0.0, 0.0, 0.800000011920929, 0.0]",0.31076517701148987,0.4844682216644287,true,false,0.2938266396522522,0.305727481842041,0.050008535385131836,0.00025522708892822266,41997,true,true,true,true,44.469822200000635,6.091630499999155,"[0.14701685309410095, 0.15433402359485626, 0.5977597236633301, 0.0]","[0.03738561272621155, 0.09496006369590759, 0.5118087530136108, 0.0]",,
74,c2,collect_two,3,3,0,right,2,left,"[0.0, 0.0, 0.800000011920929, 0.0]",0.20476655662059784,0.4844682216644287,true,false,0.5427584052085876,0.6451348066329956,0.0500180721282959,-0.0019190311431884766,41997,true,true,true,false,44.83377689999179,8.128817699995125,"[0.0, 0.49936044216156006, 0.6388714909553528, 0.13879261910915375]","[0.0, 0.0074934400618076324, 0.19154298305511475, 0.2142961472272873]",,
75,c2,collect_two,3,4,0,right,2,left,"[0.0, 0.0, 0.800000011920929, 0.0]",0.3195748031139374,0.6804251670837402,true,false,0.3712809979915619,0.3744615912437439,0.050019145011901855,0.014798164367675781,41997,true,true,true,false,44.2995796000032,9.34867029999441,"[0.08356299996376038, 0.21073022484779358, 0.5138580799102783, 0.06769328564405441]","[0.0011631324887275696, 0.002340066246688366, 0.4255484342575073, 0.0008122138679027557]",,
76,c2,collect_two,3,5,0,right,2,left,"[0.0, 0.0, 0.800000011920929, 0.0]",0.34839513897895813,0.6516048312187195,true,false,0.24760694801807404,0.24559533596038818,0.05000448226928711,0.0,41997,true,true,true,true,44.98129290000361,9.216139600001043,"[0.09938760101795197, 0.06111253798007965, 0.5909199118614197, 0.06310367584228516]","[0.00030428729951381683, 0.00020147953182458878, 0.554405152797699, 0.00031249504536390305]",,
77,c2,collect_two,3,6,1,up,2,left,"[0.0, 0.0, 0.800000011920929, 0.0]",0.3385757803916931,0.6614242196083069,true,false,0.28427860140800476,0.2544238269329071,0.050000548362731934,-0.0008341073989868164,41997,true,true,true,true,44.84501479999744,9.15436580000096,"[0.09933176636695862, 0.0, 0.6825506091117859, 0.23906725645065308]","[0.01005961000919342, 0.0, 0.5806329250335693, 0.12848490476608276]",,
78,c2,collect_two,3,7,1,up,3,down,"[0.0, 0.0, 0.800000011920929, 0.0]",0.23126710951328278,0.7687328457832336,true,true,0.7801700830459595,0.9766561388969421,0.050017595291137695,0.31538844108581543,41997,true,true,true,false,45.68649139998888,8.577186499998788,"[0.0, 0.0, 0.5060490369796753, 0.7226743102073669]","[0.0, 0.0, 0.0, 0.5602295398712158]",,
79,c2,collect_two,3,8,1,up,3,down,"[0.0, 0.0, 0.800000011920929, 0.0]",0.3289308249950409,0.6710692048072815,true,false,0.6949126720428467,0.984896719455719,0.05000126361846924,-0.013436675071716309,41997,true,true,true,false,44.5392334000062,9.139321499998914,"[0.0, 0.0, 0.5167371034622192, 0.6345595121383667]","[0.5052748322486877, 0.8214127421379089, 1.0, 0.0]",,
80,c2,collect_two,4,0,0,right,2,left,"[0.0, 0.800000011920929, 1.0, 0.0]",0.1936463862657547,0.5749849081039429,true,false,0.18213889002799988,0.19058077037334442,0.0500338077545166,0.045569419860839844,41997,true,true,false,true,45.40200719999848,8.59282499999972,"[0.021782608702778816, 0.8057359457015991, 0.8205316066741943, 0.02140757441520691]","[0.0005658958107233047, 0.9905127286911011, 0.9949510097503662, 0.00034860800951719284]",,
81,c2,collect_two,4,0,0,right,3,down,"[0.0, 0.800000011920929, 1.0, 0.0]",0.11714600026607513,0.5749849081039429,true,false,0.8844690918922424,0.0,0.05006229877471924,-1.5909227132797241,41997,true,true,true,true,45.64564390000305,7.621798000007402,"[0.17091672122478485, 0.7523608207702637, 0.6820461750030518, 0.8060452342033386]","[0.0, 0.800000011920929, 1.0, 0.0]",,
82,c2,collect_two,4,1,0,right,2,left,"[0.0, 0.800000011920929, 1.0, 0.0]",0.20592235028743744,0.7940776944160461,true,false,0.2174375057220459,0.20196940004825592,0.05002760887145996,-0.043280839920043945,41997,true,true,false,true,44.85506329999771,7.171735100011574,"[0.026088029146194458, 0.8052096962928772, 0.7843540906906128, 0.008257530629634857]","[0.002217894420027733, 1.0, 0.9719954133033752, 0.0015707742422819138]",,
83,c2,collect_two,4,2,0,right,2,left,"[0.0, 0.800000011920929, 1.0, 0.0]",0.3695785403251648,0.6304214000701904,true,false,0.08904093503952026,0.09282330423593521,0.050002336502075195,0.03117203712463379,41997,true,true,false,true,44.28470940000261,6.9123888000031,"[0.014715795405209064, 0.8033071756362915, 0.9123893976211548, 0.005017831455916166]","[6.663240492343903e-05, 0.8928219676017761, 0.9995080232620239, 5.690474063158035e-05]",,
84,c2,collect_two,4,3,2,left,3,down,"[0.0, 0.800000011920929, 0.0, 0.0]",0.20886313915252686,0.6271018981933594,true,false,0.663418173789978,0.0,0.05001509189605713,-1.0994298458099365,41997,true,true,true,false,43.792213000007905,7.833768700002111,"[0.0, 0.6342074871063232, 0.6423678994178772, 0.0]","[0.0, 0.800000011920929, 0.0, 0.0]",,
85,c2,collect_two,4,3,2,left,1,up,"[0.0, 0.800000011920929, 0.0, 0.0]",0.1640348881483078,0.6271018981933594,true,false,0.7756286859512329,0.9686856865882874,0.05005443096160889,0.0023974180221557617,41997,true,true,true,false,44.86768209999718,9.08069770000293,"[0.7389571666717529, 0.5655217170715332, 0.02370682917535305, 0.0]","[0.0, 0.0, 0.5462052226066589, 0.0034354710951447487]",,
86,c2,collect_two,4,4,2,left,0,right,"[0.0, 0.800000011920929, 0.0, 0.0]",0.12909947335720062,0.8709005117416382,true,true,0.607944130897522,0.6856869459152222,0.050041794776916504,0.08239889144897461,41997,true,true,true,false,43.60660920001101,7.244322800004738,"[0.0, 0.49278852343559265, 0.5189903378486633, 0.07659099996089935]","[0.0, 0.1511269211769104, 0.22145885229110718, 0.009292416274547577]",,
87,c2,collect_two,4,5,2,left,0,right,"[0.0, 0.800000011920929, 0.0, 0.0]",0.22022873163223267,0.7797712683677673,true,false,0.4875182509422302,0.5257077217102051,0.05000591278076172,0.04183769226074219,41997,true,true,true,false,44.67275620000146,8.93591080000624,"[0.0, 0.5256872177124023, 0.3842684328556061, 0.12150854617357254]","[0.001635279506444931, 0.30914172530174255, 0.18788552284240723, 0.011094644665718079]",,
88,c2,collect_two,4,6,2,left,0,right,"[0.0, 0.800000011920929, 0.0, 0.0]",0.15107768774032593,0.6451026797294617,true,false,0.5402634143829346,0.5304327011108398,0.05002331733703613,0.002846837043762207,41997,true,true,true,true,44.08192300000519,8.441303699990385,"[0.15684469044208527, 0.45559537410736084, 0.2948054373264313, 0.24851453304290771]","[0.030926236882805824, 0.3263469338417053, 0.13196250796318054, 0.19657331705093384]",,
89,c2,collect_two,4,6,2,left,1,up,"[0.0, 0.800000011920929, 0.0, 0.0]",0.11054342985153198,0.6451026797294617,true,true,0.6615439057350159,1.1961017847061157,0.05002772808074951,1.013352870941162,41997,true,true,true,false,45.01782100000128,5.702623000004678,"[0.599247395992279, 0.5197449922561646, 0.0, 0.0]","[0.8891903758049011, 0.0, 0.0, 0.0]",,
90,c2,collect_two,4,7,2,left,0,right,"[0.0, 0.800000011920929, 0.0, 0.0]",0.18237359821796417,0.817626416683197,true,false,0.43286383152008057,0.4295315146446228,0.05002719163894653,0.00027048587799072266,41997,true,true,true,true,44.72528040000179,7.087492600010592,"[0.21632999181747437, 0.5383446216583252, 0.07382901012897491, 0.2581824064254761]","[0.052152685821056366, 0.4148072898387909, 0.013518882915377617, 0.18226690590381622]",,
91,c2,collect_two,4,8,2,left,0,right,"[0.0, 0.800000011920929, 0.0, 0.0]",0.2349027842283249,0.7650972604751587,true,false,0.28138697147369385,0.33634668588638306,0.050038814544677734,1.430511474609375e-05,41997,true,true,true,true,45.52112869999837,9.13182450000022,"[0.13754570484161377, 0.6118557453155518, 0.04833138734102249, 0.15008535981178284]","[0.0003977017477154732, 0.46365389227867126, 0.0002196887508034706, 0.0004177037626504898]",,
92,c2,collect_two,5,0,0,right,2,left,"[0.0, 0.0, 1.0, 0.800000011920929]",0.13470780849456787,0.64579176902771,true,false,0.7987818717956543,0.0,0.05002903938293457,-1.5673691034317017,41997,true,true,true,false,43.989984200001345,7.732310999999754,"[0.0, 0.5798840522766113, 0.4582783579826355, 0.7087606191635132]","[0.0, 0.0, 1.0, 0.800000011920929]",,
93,c2,collect_two,5,0,0,right,1,up,"[0.0, 0.0, 1.0, 0.800000011920929]",0.11263247579336166,0.64579176902771,true,false,0.7160058617591858,0.0,0.050023674964904785,-1.7463470697402954,41997,true,true,true,true,45.34353139999439,8.740893499998492,"[0.7051833868026733, 0.0, 0.8902521133422852, 0.7422404289245605]","[0.0, 0.0, 1.0, 0.800000011920929]",,
94,c2,collect_two,5,1,0,right,2,left,"[0.0, 0.0, 1.0, 0.800000011920929]",0.20200912654399872,0.7979909181594849,true,false,0.3125430941581726,0.20533642172813416,0.05001401901245117,-0.05267047882080078,41997,true,true,true,true,45.33984990000317,8.38298730000679,"[0.10054366290569305, 0.0, 0.7040706872940063, 0.800000011920929]","[0.006520844995975494, 0.0, 0.953950822353363, 1.0]",,
95,c2,collect_two,5,2,0,right,2,left,"[0.0, 0.0, 1.0, 0.800000011920929]",0.3503771424293518,0.6496228575706482,true,false,0.07453423738479614,0.09641619771718979,0.05000758171081543,0.04485011100769043,41997,true,true,true,true,44.346361799995066,9.255256999997073,"[0.008265783078968525, 0.0, 0.9568037986755371, 0.8601757287979126]","[0.00019065756350755692, 0.0, 0.9995687007904053, 0.8964150547981262]",,
96,c2,collect_two,5,3,3,down,2,left,"[0.0, 0.0, 0.0, 0.800000011920929]",0.2870331406593323,0.5159717202186584,true,false,0.2822403609752655,0.2769598662853241,0.05000263452529907,0.01833820343017578,41997,true,true,true,false,44.644049900001846,8.02322100001038,"[0.11058951914310455, 0.0668434426188469, 0.0, 0.549078643321991]","[0.000280819833278656, 0.0, 0.0, 0.5230402946472168]",,
97,c2,collect_two,5,3,3,down,1,up,"[0.0, 0.0, 0.0, 0.800000011920929]",0.19699515402317047,0.5159717202186584,true,false,0.5775983929634094,0.0,0.05001652240753174,-0.9628728032112122,41997,true,true,true,false,46.198406099996646,8.24475350001012,"[0.5391371846199036, 0.0016707730246707797, 0.015084508806467056, 0.5933102369308472]","[0.0, 0.0, 0.0, 0.800000011920929]",,
98,c2,collect_two,5,4,3,down,1,up,"[0.0, 0.0, 0.0, 0.800000011920929]",0.2926202118396759,0.7073797583580017,true,false,0.4184192717075348,0.39213165640830994,0.050022244453430176,1.1920928955078125e-07,41997,true,true,true,true,43.43918790000316,8.71946070001286,"[0.0, 0.20522239804267883, 0.26419776678085327, 0.5486874580383301]","[0.00979566015303135, 0.12335618585348129, 0.11247864365577698, 0.4453127086162567]",,
99,c2,collect_two,5,5,3,down,1,up,"[0.0, 0.0, 0.0, 0.800000011920929]",0.3242495656013489,0.6757504343986511,true,false,0.2438119649887085,0.26206380128860474,0.050000667572021484,0.008748054504394531,41997,true,true,true,true,45.295532200005255,9.06449010000506,"[0.014846259728074074, 0.1072075143456459, 0.13850024342536926, 0.6310381889343262]","[8.426327258348465e-05, 0.00023333728313446045, 0.00026121269911527634, 0.5379364490509033]",,
100,c2,collect_two,5,6,2,left,1,up,"[0.0, 0.0, 0.0, 0.800000011920929]",0.2244197279214859,0.7755802869796753,true,true,0.7733764052391052,0.7770653963088989,0.050000011920928955,0.08446681499481201,41997,true,true,true,false,45.05418060001102,8.215836600007606,"[0.0, 0.15977387130260468, 0.6656314730644226, 0.44011369347572327]","[0.0025099627673625946, 0.18228110671043396, 0.5805947780609131, 0.3167737126350403]",,
101,c2,collect_two,5,7,2,left,0,right,"[0.0, 0.0, 0.0, 0.800000011920929]",0.23261305689811707,0.7673869729042053,true,false,0.7649585008621216,0.7395151853561401,0.050004005432128906,0.004087686538696289,41997,true,true,true,false,43.399404399999185,8.094581900004414,"[0.0, 0.0, 0.7098137140274048, 0.5148228406906128]","[0.0, 0.012846866622567177, 0.6268359422683716, 0.4078337848186493]",,
102,c2,collect_two,5,8,2,left,0,right,"[0.0, 0.0, 0.0, 0.800000011920929]",0.3256012499332428,0.6743987202644348,true,true,0.6920331716537476,0.7294507026672363,0.05001628398895264,0.13036370277404785,41997,true,true,true,false,45.05616209999425,6.77397789999668,"[0.0, 0.0, 0.6393951177597046, 0.5352665185928345]","[0.021561136469244957, 0.008780507370829582, 0.6592714190483093, 0.48868411779403687]",,
103,c2,collect_two,6,0,0,right,1,up,"[0.800000011920929, 0.0, 1.0, 0.0]",0.13315212726593018,0.6183194518089294,true,true,0.23700900375843048,0.1646178513765335,0.0500035285949707,0.12593066692352295,41997,true,true,false,true,43.775250199993025,7.745904099996551,"[0.8165891170501709, 0.0, 0.7635722756385803, 0.0]","[0.9646164774894714, 0.0, 0.999325156211853, 3.133993595838547e-05]",,
104,c2,collect_two,6,0,0,right,2,left,"[0.800000011920929, 0.0, 1.0, 0.0]",0.13239243626594543,0.6183194518089294,true,false,0.6903934478759766,0.0,0.050011515617370605,-1.5412347316741943,41997,true,true,true,true,44.77429279999342,8.925366399998893,"[0.767605185508728, 0.5429413914680481, 0.5747843980789185, 0.0]","[0.800000011920929, 0.0, 1.0, 0.0]",,
105,c2,collect_two,6,1,0,right,2,left,"[0.800000011920929, 0.0, 1.0, 0.0]",0.20816031098365784,0.7918397188186646,true,false,0.16942963004112244,0.20032164454460144,0.0500187873840332,-0.03780007362365723,41997,true,true,true,true,44.499713500001235,7.302261999997427,"[0.9309412240982056, 0.0, 0.8993527889251709, 0.0378277525305748]","[1.0, 0.0, 0.9889642000198364, 0.002642013132572174]",,
106,c2,collect_two,6,2,0,right,2,left,"[0.800000011920929, 0.0, 1.0, 0.0]",0.31824740767478943,0.681752622127533,true,false,0.12301567941904068,0.10560865700244904,0.05002450942993164,0.04545307159423828,41997,true,true,true,true,45.3393791999988,9.200564200000372,"[0.800000011920929, 0.0, 0.8903886675834656, 0.05584096536040306]","[0.9056075215339661, 0.0, 0.9995388984680176, 0.0001729968935251236]",,
107,c2,collect_two,6,3,1,up,2,left,"[0.800000011920929, 0.0, 0.0, 0.0]",0.2902667820453644,0.5013443827629089,true,false,0.2739700376987457,0.2529042959213257,0.05000782012939453,0.0030580759048461914,41997,true,true,true,true,44.430328500006,8.828836499989848,"[0.5509779453277588, 0.05566395819187164, 0.0, 0.0997452363371849]","[0.5470957159996033, 3.03611159324646e-07, 0.0, 7.155723869800568e-05]",,
108,c2,collect_two,6,3,1,up,3,down,"[0.800000011920929, 0.0, 0.0, 0.0]",0.2083887904882431,0.5013443827629089,true,false,0.6851546168327332,0.0,0.05003321170806885,-0.8778877854347229,41997,true,true,true,false,45.03418640000746,8.292059099985636,"[0.5027327537536621, 0.0, 0.042767491191625595, 0.6158246397972107]","[0.800000011920929, 0.0, 0.0, 0.0]",,
109,c2,collect_two,6,4,1,up,3,down,"[0.800000011920929, 0.0, 0.0, 0.0]",0.2881230115890503,0.7118770480155945,true,true,0.47517314553260803,0.4922783076763153,0.050000667572021484,0.11202764511108398,41997,true,true,true,false,44.34445140000025,9.01030379999429,"[0.5602419376373291, 0.25369998812675476, 0.32240021228790283, 0.0]","[0.5196639895439148, 0.24105419218540192, 0.32493361830711365, 0.007789976894855499]",,
110,c2,collect_two,6,5,1,up,3,down,"[0.800000011920929, 0.0, 0.0, 0.0]",0.3019760251045227,0.6980239748954773,true,false,0.3539375364780426,0.3306434750556946,0.05000925064086914,0.0005202293395996094,41997,true,true,true,false,45.21039340000425,7.049645599996438,"[0.6067701578140259, 0.17908863723278046, 0.23634988069534302, 0.0]","[0.5278173089027405, 0.07793284207582474, 0.17078644037246704, 0.0003834748640656471]",,
111,c2,collect_two,6,6,2,left,3,down,"[0.800000011920929, 0.0, 0.0, 0.0]",0.27296561002731323,0.7270343899726868,true,false,0.3383520543575287,0.3339540660381317,0.05000525712966919,2.4437904357910156e-05,41997,true,true,false,false,44.484499800004414,5.980778099998133,"[0.7387856245040894, 0.17036157846450806, 0.2856903076171875, 0.009638269431889057]","[0.621945858001709, 0.02240700088441372, 0.2816118001937866, 0.0038392217829823494]",,
112,c2,collect_two,6,7,2,left,0,right,"[0.800000011920929, 0.0, 0.0, 0.0]",0.18755675852298737,0.8124432563781738,true,false,0.7243977189064026,0.6957485675811768,0.05000495910644531,0.009211301803588867,41997,true,true,true,false,43.88340769999195,9.178879900005995,"[0.5078312158584595, 0.011138847097754478, 0.6627709865570068, 0.0]","[0.3837631046772003, 0.008145514875650406, 0.5574464797973633, 0.0]",,
113,c2,collect_two,6,8,2,left,0,right,"[0.800000011920929, 0.0, 0.0, 0.0]",0.344868004322052,0.6551320552825928,true,false,0.5163936018943787,0.4768567681312561,0.05001020431518555,0.0017099380493164062,41997,true,true,true,false,44.10496399999829,7.629443700003321,"[0.5426772832870483, 0.00820478517562151, 0.44763830304145813, 0.0]","[0.4905214309692383, 0.0043359920382499695, 0.3627603054046631, 0.0012402525171637535]",,
114,c2,collect_two,7,0,3,down,1,up,"[0.800000011920929, 0.0, 0.0, 1.0]",0.17146742343902588,0.5955190658569336,true,false,0.21203190088272095,0.20312809944152832,0.05003035068511963,0.004042387008666992,41997,true,true,true,true,45.926278200000525,5.720499200004269,"[0.8090028166770935, 0.0, 0.0027191489934921265, 0.7881767749786377]","[1.0, 0.0, 0.0004038717597723007, 0.9644913077354431]",,
115,c2,collect_two,7,0,3,down,2,left,"[0.800000011920929, 0.0, 0.0, 1.0]",0.12985973060131073,0.5955190658569336,true,false,0.6506171822547913,0.0,0.05001115798950195,-1.5229785442352295,41997,true,true,true,true,44.690268099991954,7.643744999993942,"[0.4968297779560089, 0.2813352346420288, 0.0, 0.497763991355896]","[0.800000011920929, 0.0, 0.0, 1.0]",,
116,c2,collect_two,7,1,3,down,1,up,"[0.800000011920929, 0.0, 0.0, 1.0]",0.17884039878845215,0.8211596608161926,true,false,0.25452739000320435,0.2149578481912613,0.0500187873840332,0.0021810531616210938,41997,true,true,false,false,45.963532000008854,6.85267809999641,"[0.8124492764472961, 0.014583770185709, 0.015810688957571983, 0.7466888427734375]","[1.0, 0.00018269382417201996, 0.0010505365207791328, 0.9212234616279602]",,
117,c2,collect_two,7,2,3,down,1,up,"[0.800000011920929, 0.0, 0.0, 1.0]",0.27091002464294434,0.7290900349617004,true,true,0.13608841598033905,0.17035388946533203,0.050020694732666016,0.06430268287658691,41997,true,true,false,true,44.60599529999308,5.894755500004976,"[0.8025544285774231, 0.0, 0.0074544441886246204, 0.8641399145126343]","[0.9703412055969238, 0.0, 0.00012195762246847153, 0.9979244470596313]",,
118,c2,collect_two,7,3,1,up,0,right,"[0.800000011920929, 0.0, 0.0, 0.0]",0.17920054495334625,0.6672618389129639,true,false,0.7315359115600586,0.6655634045600891,0.05000948905944824,0.009442567825317383,41997,true,true,true,false,44.26571839999815,7.330858100001933,"[0.4503602385520935, 0.0, 0.5489627718925476, 0.3339710533618927]","[0.36470428109169006, 0.0, 0.017729666084051132, 0.5031678676605225]",,
119,c2,collect_two,7,3,1,up,2,left,"[0.800000011920929, 0.0, 0.0, 0.0]",0.15353763103485107,0.6672618389129639,true,false,0.7239066958427429,0.8115381598472595,0.05001628398895264,0.016985774040222168,41997,true,true,true,false,43.94643080000242,7.321546499995748,"[0.46121007204055786, 0.5997439026832581, 0.01835654303431511, 0.22188416123390198]","[0.016556859016418457, 0.028788896277546883, 0.011057132855057716, 0.20942766964435577]",,
120,c2,collect_two,7,4,1,up,3,down,"[0.800000011920929, 0.0, 0.0, 0.0]",0.12371955811977386,0.8762804269790649,true,false,0.5274818539619446,0.5256354212760925,0.05001723766326904,0.0007039308547973633,41997,true,true,true,false,44.033080499997595,8.122418800005107,"[0.475618839263916, 0.0, 0.0, 0.4159494936466217]","[0.42159488797187805, 0.0028310902416706085, 0.008602069690823555, 0.36471930146217346]",,
121,c2,collect_two,7,5,1,up,3,down,"[0.800000011920929, 0.0, 0.0, 0.0]",0.2228848785161972,0.7771151065826416,true,false,0.4619998633861542,0.45241233706474304,0.05001533031463623,2.6226043701171875e-06,41997,true,true,true,false,44.64096970000537,8.174747000011848,"[0.49783793091773987, 0.0, 0.0, 0.34948810935020447]","[0.48875004053115845, 0.008802728727459908, 0.016839265823364258, 0.3277793824672699]",,
122,c2,collect_two,7,6,1,up,3,down,"[0.800000011920929, 0.0, 0.0, 0.0]",0.15226732194423676,0.6380515098571777,true,false,0.5355014801025391,0.0,0.050036072731018066,-1.4327813386917114,41997,true,true,true,false,45.09872870000254,8.005484099994646,"[0.5134227275848389, 0.0, 0.022348947823047638, 0.4518139064311981]","[0.800000011920929, 0.0, 0.0, 0.0]",,
123,c2,collect_two,7,6,1,up,2,left,"[0.800000011920929, 0.0, 0.0, 0.0]",0.11897081136703491,0.6380515098571777,true,false,0.5689270496368408,0.6710001826286316,0.05001020431518555,0.006664752960205078,41997,true,true,true,true,44.879733099995065,6.826601400010986,"[0.4766266644001007, 0.4653673768043518, 0.045964475721120834, 0.02069203555583954]","[0.12900137901306152, 0.0010812999680638313, 0.0, 0.0009623505175113678]",,
124,c2,collect_two,7,7,1,up,3,down,"[0.800000011920929, 0.0, 0.0, 0.0]",0.18477565050125122,0.8152243494987488,true,false,0.41331538558006287,0.3889872431755066,0.05000710487365723,4.5359134674072266e-05,41997,true,true,true,false,45.742666699996335,5.97532389999833,"[0.5599951148033142, 0.198186993598938, 0.27067309617996216, 0.02617717906832695]","[0.47372251749038696, 0.10948237031698227, 0.18002408742904663, 0.0214244332164526]",,
125,c2,collect_two,7,8,1,up,3,down,"[0.800000011920929, 0.0, 0.0, 0.0]",0.21620354056358337,0.7837964296340942,true,false,0.3135007917881012,0.3746545612812042,0.05003786087036133,3.337860107421875e-05,41997,true,true,true,true,45.54029879999871,6.9949065999971936,"[0.6040230989456177, 0.14446699619293213, 0.19549815356731415, 0.02802763506770134]","[0.4253459870815277, 0.0004241783171892166, 0.0004538474604487419, 9.152851998806e-05]",,
126,c2,collect_two,8,0,2,left,0,right,"[0.800000011920929, 1.0, 0.0, 0.0]",0.12753260135650635,0.6490733623504639,true,false,0.7085803747177124,0.0,0.0500178337097168,-1.627173662185669,41997,true,true,true,true,45.234759499988286,6.824245899988455,"[0.7082390189170837, 0.5267401337623596, 0.4633256793022156, 0.23456445336341858]","[0.800000011920929, 1.0, 0.0, 0.0]",,
127,c2,collect_two,8,0,2,left,1,up,"[0.800000011920929, 1.0, 0.0, 0.0]",0.12645743787288666,0.6490733623504639,true,false,0.24889063835144043,0.19904030859470367,0.050002217292785645,0.0052912235260009766,41997,true,true,true,true,46.536353699993924,8.713291299995035,"[0.8134845495223999, 0.751474916934967, 0.0, 0.0]","[0.9989696741104126, 0.9946978092193604, 0.0, 0.0]",,
128,c2,collect_two,8,1,2,left,0,right,"[0.800000011920929, 1.0, 0.0, 0.0]",0.23415417969226837,0.7658458352088928,true,false,0.22163766622543335,0.2009204477071762,0.05002284049987793,-0.03088545799255371,41997,true,true,true,true,44.07074009999633,7.001152599987108,"[0.800000011920929, 0.7949187755584717, 0.0, 0.08405324071645737]","[1.0, 0.9809296727180481, 0.0, 0.002313923090696335]",,
129,c2,collect_two,8,2,2,left,0,right,"[0.800000011920929, 1.0, 0.0, 0.0]",0.2832445800304413,0.7167554497718811,true,false,0.11821367591619492,0.16804324090480804,0.05000734329223633,0.04845380783081055,41997,true,true,false,false,45.806036000009044,9.207234500005143,"[0.8847106695175171, 0.920553982257843, 0.0, 0.022065993398427963]","[0.9680389165878296, 0.9988287687301636, 0.0, 0.00029322225600481033]",,
130,c2,collect_two,8,3,1,up,3,down,"[0.800000011920929, 0.0, 0.0, 0.0]",0.23349115252494812,0.5360296964645386,true,false,0.5146952271461487,0.48448678851127625,0.05000901222229004,0.00253140926361084,41997,true,true,true,false,44.51110069999413,6.112481899996055,"[0.5413155555725098, 0.0, 0.025481464341282845, 0.4442344307899475]","[0.4615233242511749, 0.0046188486739993095, 0.030491387471556664, 0.3452678918838501]",,
131,c2,collect_two,8,3,1,up,0,right,"[0.800000011920929, 0.0, 0.0, 0.0]",0.2304791510105133,0.5360296964645386,true,false,0.6009266972541809,0.0,0.050015807151794434,-0.8440291285514832,41997,true,true,false,false,45.16273749999527,7.981715300003998,"[0.4931016266345978, 0.0, 0.472808837890625, 0.20827394723892212]","[0.800000011920929, 0.0, 0.0, 0.0]",,
132,c2,collect_two,8,4,1,up,3,down,"[0.800000011920929, 0.0, 0.0, 0.0]",0.3048727214336395,0.6951273083686829,true,false,0.4143218398094177,0.3883886933326721,0.050000905990600586,0.006970405578613281,41997,true,true,true,true,44.712092600006144,8.990606799998204,"[0.5501856803894043, 0.19401846826076508, 0.24438363313674927, 0.10903606563806534]","[0.4810384213924408, 0.08600905537605286, 0.19846364855766296, 0.048206888139247894]",,
133,c2,collect_two,8,5,1,up,3,down,"[0.800000011920929, 0.0, 0.0, 0.0]",0.29032590985298157,0.709674060344696,true,false,0.36071187257766724,0.33126264810562134,0.050011634826660156,0.0003604888916015625,41997,true,true,true,true,45.863280299992766,6.908504399994854,"[0.5930887460708618, 0.18126776814460754, 0.2331104576587677, 0.010114390403032303]","[0.5415433645248413, 0.13441072404384613, 0.1575760394334793, 0.006217103451490402]",,
134,c2,collect_two,8,6,0,right,3,down,"[0.800000011920929, 0.0, 0.0, 0.0]",0.32595524191856384,0.6740447282791138,true,true,0.2531385123729706,0.2793619632720947,0.05000591278076172,0.06703925132751465,41997,true,true,true,true,45.065727599998354,8.263533400007873,"[0.6784595847129822, 0.17459891736507416, 0.13719423115253448, 0.0]","[0.5371003150939941, 0.08523796498775482, 0.04075877368450165, 0.0002565309405326843]",,
135,c2,collect_two,8,7,0,right,2,left,"[0.800000011920929, 0.0, 0.0, 0.0]",0.26416587829589844,0.7358341217041016,true,true,0.685631513595581,0.7194568514823914,0.05001544952392578,0.16493797302246094,41997,true,true,true,false,45.64133700000821,8.045127600009437,"[0.5085768699645996, 0.6206151247024536, 0.0, 0.0]","[0.43805956840515137, 0.621785581111908, 0.0, 0.0]",,
136,c2,collect_two,8,8,0,right,2,left,"[0.800000011920929, 0.0, 0.0, 0.0]",0.3072003722190857,0.6927996277809143,true,true,0.6797834038734436,0.7156508564949036,0.0500035285949707,0.07990074157714844,41997,true,true,true,false,44.80716660000326,9.140030800001114,"[0.5164538621902466, 0.6178244352340698, 0.0, 0.0]","[0.3213707506656647, 0.5320433974266052, 0.0, 0.0]",,
137,c2,collect_two,9,0,1,up,2,left,"[1.0, 0.800000011920929, 0.0, 0.0]",0.16784754395484924,0.576888918876648,true,false,0.1612074077129364,0.1958133727312088,0.05001938343048096,0.03293728828430176,41997,true,true,true,true,45.36598909999884,9.468278300002567,"[0.8405129909515381, 0.8041521310806274, 0.023118818178772926, 0.0]","[0.9951287508010864, 0.9957526922225952, 0.00018831714987754822, 7.474888116121292e-05]",,
138,c2,collect_two,9,0,1,up,0,right,"[1.0, 0.800000011920929, 0.0, 0.0]",0.1288563311100006,0.576888918876648,true,false,0.6584106087684631,0.0,0.05002331733703613,-1.4989516735076904,41997,true,true,true,true,48.22005689999787,8.834939899999881,"[0.7326779961585999, 0.5468252897262573, 0.49662360548973083, 0.22651943564414978]","[1.0, 0.800000011920929, 0.0, 0.0]",,
139,c2,collect_two,9,1,1,up,3,down,"[1.0, 0.800000011920929, 0.0, 0.0]",0.2598765790462494,0.740123450756073,true,true,0.15474186837673187,0.20548388361930847,0.050000667572021484,0.05003619194030762,41997,true,true,true,true,45.84219779999694,8.406239200005075,"[0.8824703097343445, 0.8887973427772522, 0.04740097001194954, 0.0]","[0.9533429145812988, 1.0, 0.006837321445345879, 0.0]",,
140,c2,collect_two,9,2,1,up,3,down,"[1.0, 0.800000011920929, 0.0, 0.0]",0.28180959820747375,0.7181903719902039,true,false,0.13351677358150482,0.20043416321277618,0.05000114440917969,-0.00069427490234375,41997,true,true,false,false,45.112995500006946,7.1897108999983175,"[0.8997310400009155, 0.8790740966796875, 0.03898916766047478, 0.0]","[0.9872059226036072, 1.0, 0.0031892750412225723, 0.0]",,
141,c2,collect_two,9,3,2,left,0,right,"[0.0, 0.800000011920929, 0.0, 0.0]",0.23920464515686035,0.5639456510543823,true,false,0.5379664301872253,0.5019991397857666,0.05001366138458252,2.3245811462402344e-06,41997,true,true,true,true,44.370264700002735,7.9477764000039315,"[0.05235162749886513, 0.4960252046585083, 0.4113917052745819, 0.15818774700164795]","[0.006082896143198013, 0.42185166478157043, 0.3280402421951294, 0.03687215596437454]",,
142,c2,collect_two,9,3,2,left,3,down,"[0.0, 0.800000011920929, 0.0, 0.0]",0.19684971868991852,0.5639456510543823,true,false,0.6998702883720398,0.0,0.050053954124450684,-1.052517294883728,41997,true,true,true,false,45.11173800000688,8.136580000005779,"[0.0, 0.536675751209259, 0.0, 0.648443341255188]","[0.0, 0.800000011920929, 0.0, 0.0]",,
143,c2,collect_two,9,4,2,left,0,right,"[0.0, 0.800000011920929, 0.0, 0.0]",0.28195685148239136,0.7180431485176086,true,false,0.4561844766139984,0.44231492280960083,0.05002427101135254,0.002477884292602539,41997,true,true,true,false,45.43777479999699,7.112572500001988,"[0.23167625069618225, 0.5226070284843445, 0.08165507018566132, 0.26611271500587463]","[0.05033367872238159, 0.43921321630477905, 0.027143342420458794, 0.24940957129001617]",,
144,c2,collect_two,9,5,2,left,0,right,"[0.0, 0.800000011920929, 0.0, 0.0]",0.2865794897079468,0.7134205102920532,true,false,0.3915260136127472,0.46789684891700745,0.050004005432128906,9.5367431640625e-07,41997,true,true,true,true,45.128573000009055,9.343526599986944,"[0.20160594582557678, 0.5559185743331909, 0.060987599194049835, 0.22215408086776733]","[0.0007544867694377899, 0.33210480213165283, 0.00046555045992136, 0.0008727060630917549]",,
145,c2,collect_two,9,6,3,down,0,right,"[0.0, 0.800000011920929, 0.0, 0.0]",0.31493982672691345,0.6850602030754089,true,false,0.24298477172851562,0.307161420583725,0.05001330375671387,0.0003027915954589844,41997,true,true,true,true,44.91255620001175,9.111113699997077,"[0.14489394426345825, 0.6700075268745422, 0.05519777908921242, 0.13454554975032806]","[0.0007112296298146248, 0.49284088611602783, 0.00035617686808109283, 0.0008744997903704643]",,
146,c2,collect_two,9,7,3,down,1,up,"[0.0, 0.800000011920929, 0.0, 0.0]",0.2516762614250183,0.7483237385749817,true,false,0.6852631568908691,0.6663970947265625,0.050024986267089844,0.022231101989746094,41997,true,true,true,false,44.34170069999527,8.21401060000062,"[0.621532678604126, 0.511412501335144, 0.0, 0.0]","[0.5396388173103333, 0.40909543633461, 0.0, 0.00828525796532631]",,
147,c2,collect_two,9,8,3,down,1,up,"[0.0, 0.800000011920929, 0.0, 0.0]",0.3577420711517334,0.6422579288482666,true,false,0.5840493440628052,0.5636278986930847,0.05000114440917969,0.0036478042602539062,41997,true,true,true,false,46.93396930000745,7.874499900004594,"[0.530811607837677, 0.5563759803771973, 0.0, 0.0]","[0.3853663206100464, 0.3887007534503937, 0.0, 0.0014492115005850792]",,
148,c2,collect_two,10,0,1,up,3,down,"[1.0, 0.0, 0.800000011920929, 0.0]",0.13355101644992828,0.6036434173583984,true,false,0.7728446125984192,0.0,0.05004310607910156,-1.5085002183914185,41997,true,true,true,true,44.553220999994664,8.754739600000903,"[0.6306387782096863, 0.10007090121507645, 0.6534764766693115, 0.655269205570221]","[1.0, 0.0, 0.800000011920929, 0.0]",,
149,c2,collect_two,10,0,1,up,0,right,"[1.0, 0.0, 0.800000011920929, 0.0]",0.1314319670200348,0.6036434173583984,true,true,0.1690797656774521,0.20784208178520203,0.050038695335388184,0.09089326858520508,41997,true,true,false,true,44.643394600003376,6.671852600004058,"[0.8324788808822632, 0.019252996891736984, 0.804654598236084, 0.011502212844789028]","[0.9434753060340881, 0.001814417541027069, 1.0, 0.0]",,
150,c2,collect_two,10,1,1,up,3,down,"[1.0, 0.0, 0.800000011920929, 0.0]",0.26889944076538086,0.7311005592346191,true,false,0.15903976559638977,0.19683310389518738,0.05000948905944824,0.02939128875732422,41997,true,true,true,true,44.239555199994356,8.132027300001937,"[0.8521496057510376, 0.05859954655170441, 0.800000011920929, 0.0]","[0.9914954900741577, 0.0019530029967427254, 0.996639609336853, 0.0]",,
151,c2,collect_two,10,2,1,up,3,down,"[1.0, 0.0, 0.800000011920929, 0.0]",0.3087415397167206,0.691258430480957,true,false,0.12183836847543716,0.16071173548698425,0.05001068115234375,0.03837871551513672,41997,true,true,false,true,45.02287780000188,8.12800649998826,"[0.8862714171409607, 0.04361558333039284, 0.802842378616333, 0.0]","[0.9982023239135742, 0.0005509695038199425, 0.9607007503509521, 0.0]",,
152,c2,collect_two,10,3,0,right,2,left,"[0.0, 0.0, 0.800000011920929, 0.0]",0.19053980708122253,0.6279672980308533,true,true,0.6612253785133362,0.6903645396232605,0.0500146746635437,0.13999545574188232,41997,true,true,false,false,44.95176640000136,8.300985200010473,"[0.0, 0.5760345458984375, 0.47534143924713135, 0.0]","[0.0028769318014383316, 0.5031618475914001, 0.32732346653938293, 0.0]",,
153,c2,collect_two,10,3,0,right,3,down,"[0.0, 0.0, 0.800000011920929, 0.0]",0.1814928650856018,0.6279672980308533,true,false,0.7926105260848999,0.0,0.050068676471710205,-1.241271734237671,41997,true,true,true,false,46.22205640000175,8.158322300005239,"[0.0, 0.0, 0.5647931098937988, 0.7569076418876648]","[0.0, 0.0, 0.800000011920929, 0.0]",,
154,c2,collect_two,10,4,0,right,2,left,"[0.0, 0.0, 0.800000011920929, 0.0]",0.28533822298049927,0.7146617770195007,true,false,0.5490231513977051,0.5103704929351807,0.05001068115234375,0.0006570816040039062,41997,true,true,true,false,45.82683730000281,8.255555200012168,"[0.09352459758520126, 0.4099787771701813, 0.44701704382896423, 0.0]","[0.15144746005535126, 0.043918319046497345, 0.3146491050720215, 0.006883770227432251]",,
155,c2,collect_two,10,5,0,right,2,left,"[0.0, 0.0, 0.800000011920929, 0.0]",0.3492772579193115,0.6507228016853333,true,true,0.27657943964004517,0.2815568447113037,0.05001473426818848,0.08044266700744629,41997,true,true,true,true,45.863818999991054,8.27487769999425,"[0.165401890873909, 0.0, 0.6118906736373901, 0.11727438122034073]","[0.07013612240552902, 0.011607980355620384, 0.5335135459899902, 0.05661623179912567]",,
156,c2,collect_two,10,6,3,down,2,left,"[0.0, 0.0, 0.800000011920929, 0.0]",0.3480302691459656,0.6519697308540344,true,false,0.19560839235782623,0.2039467692375183,0.05000120401382446,0.026340126991271973,41997,true,true,true,true,44.49170049998793,6.9341296999918995,"[0.0818360224366188, 0.0, 0.6363250017166138, 0.06910861283540726]","[0.00019354559481143951, 0.0, 0.5960534811019897, 0.0002382621169090271]",,
157,c2,collect_two,10,7,3,down,1,up,"[0.0, 0.0, 0.800000011920929, 0.0]",0.24387070536613464,0.756129264831543,true,false,0.6155822277069092,0.5923611521720886,0.0500330924987793,0.01380300521850586,41997,true,true,true,false,45.46237609999662,8.077543500010506,"[0.5383344888687134, 0.0, 0.5042064189910889, 0.040541861206293106]","[0.3996727466583252, 0.0, 0.3639995753765106, 0.03251245617866516]",,
158,c2,collect_two,10,8,3,down,1,up,"[0.0, 0.0, 0.800000011920929, 0.0]",0.3293115794658661,0.6706884503364563,true,false,0.4897799491882324,0.4707047939300537,0.05000019073486328,-0.0006117820739746094,41997,true,true,true,false,44.795400200004224,7.871803700007149,"[0.394685834646225, 0.0, 0.5139985680580139, 0.048069361597299576]","[0.21773837506771088, 0.0, 0.38270315527915955, 0.004043742083013058]",,
159,c2,collect_two,11,0,1,up,3,down,"[1.0, 0.0, 0.0, 0.800000011920929]",0.19193975627422333,0.5196748375892639,true,false,0.18851131200790405,0.16705790162086487,0.05002415180206299,0.01733112335205078,41997,true,true,true,false,45.32923800000572,8.785544599988498,"[0.8116826415061951, 0.0, 0.0, 0.8085491061210632]","[0.9990174770355225, 1.0577961802482605e-05, 0.0, 0.9670550227165222]",,
160,c2,collect_two,11,0,1,up,2,left,"[1.0, 0.0, 0.0, 0.800000011920929]",0.1602630317211151,0.5196748375892639,true,false,0.6534121036529541,0.0,0.05004072189331055,-1.176386833190918,41997,true,true,true,false,44.00662159999774,7.656600400005118,"[0.5176677703857422, 0.3412807285785675, 0.0, 0.5210188627243042]","[1.0, 0.0, 0.0, 0.800000011920929]",,
161,c2,collect_two,11,1,1,up,3,down,"[1.0, 0.0, 0.0, 0.800000011920929]",0.27367937564849854,0.7263206243515015,true,true,0.1917741447687149,0.19156885147094727,0.050017356872558594,0.05998396873474121,41997,true,true,true,true,44.28102690000378,8.134246800007531,"[0.8084427118301392, 0.005722990725189447, 0.0, 0.8070973753929138]","[0.9960784912109375, 0.00017977505922317505, 0.0, 0.9915286302566528]",,
162,c2,collect_two,11,2,1,up,3,down,"[1.0, 0.0, 0.0, 0.800000011920929]",0.23953759670257568,0.7604624032974243,true,false,0.2544713616371155,0.20490875840187073,0.05002880096435547,-0.042514801025390625,41997,true,true,true,true,44.822209099991596,6.940762500002165,"[0.7474560737609863, 0.011264953762292862, 0.029160501435399055, 0.800000011920929]","[0.9554418325424194, 0.0014204541221261024, 0.0003913482651114464, 1.0]",,
163,c2,collect_two,11,3,3,down,0,right,"[0.0, 0.0, 0.0, 0.800000011920929]",0.2737768888473511,0.4993472397327423,true,false,0.2601171135902405,0.253024160861969,0.05000197887420654,4.291534423828125e-06,41997,true,true,true,true,46.04728680000699,7.143023399999947,"[0.1315789818763733, 0.007669130340218544, 0.025951247662305832, 0.5772544145584106]","[0.0003065364435315132, 0.0, 0.0, 0.5469760298728943]",,
164,c2,collect_two,11,3,3,down,2,left,"[0.0, 0.0, 0.0, 0.800000011920929]",0.2268759161233902,0.4993472397327423,true,false,0.5609378814697266,0.0,0.05000460147857666,-0.7888984680175781,41997,true,true,false,false,44.32925980001164,7.475223900008132,"[0.0, 0.504974365234375, 0.0, 0.5557620525360107]","[0.0, 0.0, 0.0, 0.800000011920929]",,
165,c2,collect_two,11,4,3,down,1,up,"[0.0, 0.0, 0.0, 0.800000011920929]",0.22282126545906067,0.7771787643432617,true,true,0.4905148446559906,0.5353382229804993,0.05002593994140625,0.17624378204345703,41997,true,true,true,false,45.69100900000194,6.740922500001034,"[0.4405202567577362, 0.0, 0.0, 0.5842531323432922]","[0.3755646049976349, 0.0, 0.0, 0.4185052812099457]",,
166,c2,collect_two,11,5,3,down,1,up,"[0.0, 0.0, 0.0, 0.800000011920929]",0.16527940332889557,0.8347206115722656,true,true,0.5691468119621277,0.657500684261322,0.050024986267089844,0.35111188888549805,41997,true,true,true,false,44.943160299997544,9.201331599993864,"[0.4895516633987427, 0.0, 0.0, 0.509711742401123]","[0.3483055830001831, 0.0012293700128793716, 0.0015576723963022232, 0.24233847856521606]",,
167,c2,collect_two,11,6,3,down,1,up,"[0.0, 0.0, 0.0, 0.800000011920929]",0.1248292624950409,0.642051637172699,true,false,0.5118778347969055,0.0,0.050017714500427246,-1.6377217769622803,41997,true,true,true,false,44.80832440001541,6.922243800014257,"[0.2680000364780426, 0.13031290471553802, 0.1450105607509613, 0.4098905920982361]","[0.0, 0.0, 0.0, 0.800000011920929]",,
168,c2,collect_two,11,6,3,down,2,left,"[0.0, 0.0, 0.0, 0.800000011920929]",0.12379350513219833,0.642051637172699,true,false,0.4763753414154053,0.4660322666168213,0.05003476142883301,0.025588631629943848,41997,true,true,true,true,45.47893199999817,5.782973099994706,"[0.0, 0.3227593004703522, 0.15460136532783508, 0.485582560300827]","[0.0, 0.1948683112859726, 0.13115371763706207, 0.39749398827552795]",,
169,c2,collect_two,11,7,3,down,1,up,"[0.0, 0.0, 0.0, 0.800000011920929]",0.1446598321199417,0.8553401231765747,true,false,0.46247896552085876,0.4415755271911621,0.050041913986206055,0.0010464191436767578,41997,true,true,true,true,45.59949810002581,7.034118500014301,"[0.0, 0.24303382635116577, 0.27465546131134033, 0.518245279788971]","[0.007976774126291275, 0.16053374111652374, 0.13073641061782837, 0.4100484549999237]",,
170,c2,collect_two,11,8,3,down,1,up,"[0.0, 0.0, 0.0, 0.800000011920929]",0.19566960632801056,0.8043304085731506,true,true,0.30349108576774597,0.36615264415740967,0.05000615119934082,0.09108161926269531,41997,true,true,true,false,44.108133100002306,7.022966899996391,"[0.010287439450621605, 0.12639090418815613, 0.17479655146598816, 0.5867571830749512]","[0.00010411348193883896, 0.00038423482328653336, 0.0004353644326329231, 0.4338478446006775]",,
171,dst,dst,0,0,2,down,1,right,"[1.0, -1.0]",5.857215570025277e-36,1.0,true,true,0.005959631875157356,0.00994697492569685,0.05174446105957031,12.658734321594238,41997,true,true,false,true,48.61938580000424,9.95733969999128,"[1.0, -2.185966730117798]","[0.0, -2.15875244140625]",,
172,dst,dst,1,0,1,right,2,down,"[2.0, -3.0]",3.149121241552422e-11,1.0,true,true,0.0028320124838501215,0.005917658563703299,0.05003523826599121,27.05927276611328,41997,true,true,true,true,47.52318769998965,8.312271900009364,"[2.0, -2.436429500579834]","[2.5103414058685303, -2.153839111328125]",,
173,dst,dst,1,1,2,down,1,right,"[2.0, -2.0]",1.675024305130774e-29,1.0,true,false,0.016390560194849968,0.0,0.050016701221466064,-66.25914001464844,41997,true,true,false,true,47.023641000007046,9.799107600003481,"[2.538808584213257, -5.145014762878418]","[2.0, -2.0]",,
174,dst,dst,1,1,2,down,3,left,"[2.0, -2.0]",0.0,1.0,false,false,0.9949748516082764,0.0,-20.315732955932617,-481.48516845703125,41896,false,false,false,false,48.24721440000576,9.164016299997456,"[2.0, -200.0]","[2.0, -2.0]",,
175,dst,dst,1,2,2,down,1,right,"[2.0, -1.0]",4.0085260808185924e-38,1.0,true,true,0.007151743397116661,0.024585112929344177,0.05042266845703125,3.999629020690918,41997,true,true,false,false,47.90462050001952,8.346663500007708,"[2.0483336448669434, -2.42108154296875]","[0.0, -4.692413330078125]",,
176,dst,dst,1,2,2,down,0,up,"[2.0, -1.0]",0.0,1.0,false,false,1.0,0.0,-25.94124984741211,-426.60406494140625,41894,false,false,false,false,48.112314400001196,7.726444100000663,"[2.0, -200.0]","[2.0, -1.0]",,
177,dst,dst,2,0,1,right,2,down,"[3.0, -5.0]",7.239452533812103e-15,1.0,true,true,0.012569868005812168,0.019056107848882675,0.05330705642700195,98.43276977539062,41997,true,true,false,false,47.6642286000133,7.353914999985136,"[3.0, -2.49859619140625]","[3.306267261505127, -1.2398223876953125]",,
178,dst,dst,2,1,2,down,1,right,"[3.0, -4.0]",0.3065263330936432,0.6934736371040344,true,false,0.004980949219316244,0.004720177035778761,0.05001676082611084,7.987022399902344e-06,41997,true,true,false,true,49.313203999976395,6.213811699999496,"[3.075082540512085, -4.98385763168335]","[3.0518434047698975, -4.9356231689453125]",,
179,dst,dst,2,1,2,down,3,left,"[3.0, -4.0]",0.0,0.6934736371040344,false,false,0.9849246144294739,0.0,-20.31573486328125,-107.56986999511719,41896,false,false,false,false,48.99271469999803,8.283317099994747,"[3.0, -200.0]","[3.0, -4.0]",,
180,dst,dst,2,2,1,right,2,down,"[3.0, -3.0]",1.4665454628470798e-08,1.0,true,true,0.0030114867258816957,0.005571463145315647,0.05036735534667969,1.155808448791504,41997,true,true,false,true,49.489589800010435,8.250666799984174,"[3.0, -2.400714159011841]","[2.435270071029663, -2.3613433837890625]",,
181,dst,dst,2,2,1,right,0,up,"[3.0, -3.0]",0.0,1.0,false,false,0.9899497628211975,0.0,-25.941265106201172,-164.59231567382812,41895,false,false,false,false,48.18062729999656,9.352684999990743,"[3.0, -200.0]","[3.0, -3.0]",,
182,dst,dst,2,3,2,down,1,right,"[3.0, -2.0]",8.331194098830211e-22,1.0,false,false,0.9949748516082764,0.0,-0.25548410415649414,-48.536865234375,41895,false,false,false,false,48.37406100000953,7.053599700011546,"[3.0, -200.0]","[3.0, -2.0]",,
183,dst,dst,2,3,2,down,0,up,"[3.0, -2.0]",0.0,1.0,false,false,0.9949748516082764,0.0,-12.625417709350586,-285.7153015136719,41895,false,false,false,false,49.24221419999958,5.984358699992299,"[3.0, -200.0]","[3.0, -2.0]",,
184,dst,dst,2,4,2,down,1,right,"[3.0, -1.0]",6.89713237892671e-24,1.0,true,true,0.005449642427265644,0.007559280842542648,0.05104827880859375,15.836565971374512,41997,true,true,false,true,48.03040360001614,8.37804369998048,"[3.0, -2.0844788551330566]","[3.3071393966674805, -2.4212493896484375]",,
185,dst,dst,2,4,2,down,0,up,"[3.0, -1.0]",0.0,1.0,false,false,1.0,0.0,-21.076290130615234,-298.7438049316406,41894,false,false,false,false,48.347531200008234,10.383152299997164,"[3.0, -200.0]","[3.0, -1.0]",,
186,dst,dst,3,0,1,right,2,down,"[5.0, -7.0]",3.3330759179950927e-15,1.0,true,false,0.02226065658032894,0.0,0.05247020721435547,-33.33488082885742,41997,true,true,false,false,48.87215229999856,8.61358740000287,"[5.0, -2.57012939453125]","[5.0, -7.0]",,
187,dst,dst,3,1,1,right,2,down,"[5.0, -6.0]",0.345295250415802,0.6547048091888428,true,false,0.006626215763390064,0.006463260855525732,0.05001509189605713,0.003420233726501465,41997,true,true,false,false,48.70384199998807,7.444257299997844,"[4.908979415893555, -4.6894989013671875]","[4.866949558258057, -4.731658935546875]",,
188,dst,dst,3,1,1,right,3,left,"[5.0, -6.0]",8.995992145655052e-11,0.6547048091888428,false,false,0.9748743772506714,0.0,-20.31573486328125,-22.708086013793945,41896,false,false,false,false,48.56419040000765,6.230940799985547,"[5.0, -200.0]","[5.0, -6.0]",,
189,dst,dst,3,2,2,down,1,right,"[5.0, -5.0]",0.388811320066452,0.6111887097358704,false,false,0.15616406500339508,0.0,-0.1734607219696045,-0.45231157541275024,41895,false,false,false,false,47.893000100011704,7.25617730000522,"[24.0, -11.0]","[5.0, -5.0]",,
190,dst,dst,3,2,2,down,3,left,"[5.0, -5.0]",3.446418497810022e-11,0.6111887097358704,false,false,0.15616406500339508,0.0,-10.513679504394531,-23.598751068115234,41895,false,false,false,false,49.040414899995085,9.405764399998588,"[24.0, -11.0]","[5.0, -5.0]",,
191,dst,dst,3,3,2,down,1,right,"[5.0, -4.0]",0.11875332146883011,0.8812466263771057,false,false,0.9849246144294739,0.0,-0.25548410415649414,-2.004289150238037,41895,false,false,false,false,48.25429300000542,8.04550670000026,"[5.0, -200.0]","[5.0, -4.0]",,
192,dst,dst,3,3,2,down,0,up,"[5.0, -4.0]",3.5685864088342195e-28,0.8812466263771057,false,false,0.9849246144294739,0.0,-12.625417709350586,-63.073795318603516,41895,false,false,false,false,47.71956140000839,7.034572799981106,"[5.0, -200.0]","[5.0, -4.0]",,
193,dst,dst,3,4,1,right,2,down,"[5.0, -3.0]",2.0178147347449382e-11,1.0,true,true,0.004730960354208946,0.004725592210888863,0.050060272216796875,0.8336563110351562,41997,true,true,false,false,49.07972300000256,9.227202500012936,"[4.867040634155273, -2.083038330078125]","[4.940217018127441, -2.06451416015625]",,
194,dst,dst,3,4,1,right,0,up,"[5.0, -3.0]",0.0,1.0,false,false,0.9899497628211975,0.0,-21.076290130615234,-115.70050048828125,41895,false,false,false,false,48.79646180002601,6.946714699995937,"[5.0, -200.0]","[5.0, -3.0]",,
195,dst,dst,3,5,2,down,1,right,"[5.0, -2.0]",3.896516993492292e-18,1.0,false,false,0.9949748516082764,0.0,-0.1563546061515808,-40.086448669433594,41895,false,false,false,false,47.82965279999189,7.290833000006387,"[5.0, -200.0]","[5.0, -2.0]",,
196,dst,dst,3,5,2,down,0,up,"[5.0, -2.0]",0.0,1.0,false,false,0.9949748516082764,0.0,-9.709153175354004,-208.2544403076172,41895,false,false,false,false,48.34475499999826,8.167883699992672,"[5.0, -200.0]","[5.0, -2.0]",,
197,dst,dst,3,6,2,down,1,right,"[5.0, -1.0]",2.6854652314687926e-15,1.0,true,true,0.0041356394067406654,0.0055218408815562725,0.0511627197265625,14.367676734924316,41997,true,true,false,true,48.136594099982176,6.831073100009235,"[5.009832382202148, -1.822840929031372]","[5.037135601043701, -2.09722900390625]",,
198,dst,dst,3,6,2,down,0,up,"[5.0, -1.0]",0.0,1.0,false,false,1.0,0.0,-26.17706298828125,-248.21133422851562,41893,false,false,false,false,48.84315040000365,7.862684299994726,"[5.0, -200.0]","[5.0, -1.0]",,
199,dst,dst,4,0,1,right,2,down,"[8.0, -8.0]",6.439590004357447e-15,1.0,true,false,0.027458302676677704,0.0,0.05029630661010742,-32.67631149291992,41997,true,true,false,false,48.46703030000208,8.467774399992777,"[7.87693977355957, -2.53936767578125]","[8.0, -8.0]",,
200,dst,dst,4,1,1,right,2,down,"[8.0, -7.0]",0.32747286558151245,0.6725270748138428,true,false,0.011449337005615234,0.0,0.0500028133392334,-0.7196371555328369,41997,true,true,true,false,49.24456290001399,8.280394700006582,"[8.0, -4.721581935882568]","[8.0, -7.0]",,
201,dst,dst,4,1,1,right,3,left,"[8.0, -7.0]",8.809678542220922e-10,0.6725270748138428,false,false,0.9698492288589478,0.0,-20.31573486328125,-20.45328712463379,41896,false,false,false,false,49.30313610000303,9.284716900001513,"[8.0, -200.0]","[8.0, -7.0]",,
202,dst,dst,4,2,2,down,1,right,"[8.0, -6.0]",0.40870967507362366,0.5912889242172241,false,false,0.13145576417446136,0.0,-0.1734607219696045,-0.36929965019226074,41896,false,false,false,false,47.9757456999796,6.13758529999177,"[24.0, -11.0]","[8.0, -6.0]",,
203,dst,dst,4,2,2,down,3,left,"[8.0, -6.0]",1.4393244782695547e-06,0.5912889242172241,false,false,0.13145576417446136,0.0,-10.513679504394531,-12.925886154174805,41896,false,false,false,false,47.43438890000107,8.584339500026545,"[24.0, -11.0]","[8.0, -6.0]",,
204,dst,dst,4,3,2,down,1,right,"[8.0, -5.0]",0.15717017650604248,0.8428298830986023,false,false,0.979899525642395,0.0,-0.25548410415649414,-1.6794359683990479,41896,false,false,false,false,47.89094720000867,8.122807899984764,"[8.0, -200.0]","[8.0, -5.0]",,
205,dst,dst,4,3,2,down,0,up,"[8.0, -5.0]",1.1724699694161845e-19,0.8428298830986023,false,false,0.979899525642395,0.0,-12.625417709350586,-43.41901397705078,41896,false,false,false,false,48.26613420000649,8.070694800000638,"[8.0, -200.0]","[8.0, -5.0]",,
206,dst,dst,4,4,1,right,2,down,"[8.0, -4.0]",2.467937746525317e-12,1.0,true,true,0.01238702517002821,0.01257206592708826,0.050121307373046875,18.832998275756836,41997,true,true,true,false,47.05132830000366,6.973222200002056,"[7.125641345977783, -1.9733450412750244]","[7.814676284790039, -1.515899658203125]",,
207,dst,dst,4,4,1,right,0,up,"[8.0, -4.0]",1.5639005284136406e-35,1.0,false,false,0.9849246144294739,0.0,-21.076290130615234,-80.14329528808594,41896,false,false,false,false,47.82254449999891,8.195568600000115,"[8.0, -200.0]","[8.0, -4.0]",,
208,dst,dst,4,5,2,down,1,right,"[8.0, -3.0]",0.05746639519929886,0.942533552646637,false,false,0.9899497628211975,0.0,-0.1563546061515808,-2.7973711490631104,41895,false,false,false,false,48.66909229999874,7.759709700010717,"[8.0, -200.0]","[8.0, -3.0]",,
209,dst,dst,4,5,2,down,0,up,"[8.0, -3.0]",1.9791211578014924e-30,0.942533552646637,false,false,0.9899497628211975,0.0,-9.709153175354004,-68.3357162475586,41895,false,false,false,false,48.517328099987935,7.959284199983813,"[8.0, -200.0]","[8.0, -3.0]",,
210,dst,dst,4,6,1,right,2,down,"[8.0, -2.0]",2.1193669041963403e-08,1.0,true,true,0.013562719337642193,0.005236007273197174,0.05010414123535156,6.947116851806641,41997,true,true,false,false,48.611781200015685,6.9797220999898855,"[6.328341484069824, -1.704376220703125]","[7.432357311248779, -1.4942169189453125]",,
211,dst,dst,4,6,1,right,0,up,"[8.0, -2.0]",0.0,1.0,false,false,0.9949748516082764,0.0,-26.17706298828125,-192.75918579101562,41895,false,false,false,false,47.193146300007356,9.21710229999735,"[8.0, -200.0]","[8.0, -2.0]",,
212,dst,dst,4,7,2,down,1,right,"[8.0, -1.0]",1.0753798025675554e-11,1.0,true,true,0.0023671993985772133,0.028011558577418327,0.05093193054199219,0.07468795776367188,41997,true,true,false,false,48.31413660000544,6.776427300006617,"[8.012323379516602, -1.4706573486328125]","[11.471840858459473, -1.16876220703125]",,
213,dst,dst,4,7,2,down,0,up,"[8.0, -1.0]",0.0,1.0,false,false,1.0,0.0,-26.604324340820312,-227.0052947998047,41892,false,false,false,false,47.87002990001929,7.192705399997067,"[8.0, -200.0]","[8.0, -1.0]",,
214,dst,dst,5,0,1,right,2,down,"[16.0, -9.0]",9.254396294428036e-13,1.0,true,false,0.03265774995088577,0.0,0.05220508575439453,-27.708507537841797,41997,true,true,false,false,49.187842899991665,7.146238999994239,"[15.861990928649902, -2.5048828125]","[16.0, -9.0]",,
215,dst,dst,5,1,1,right,2,down,"[16.0, -8.0]",0.3173714876174927,0.6826285719871521,true,false,0.01552345510572195,0.0,0.05000096559524536,-0.7658778429031372,41997,true,true,true,false,48.55034189997241,8.45393009998952,"[16.0, -4.910832405090332]","[16.0, -8.0]",,
216,dst,dst,5,1,1,right,3,left,"[16.0, -8.0]",2.5030277850390803e-10,0.6826285719871521,false,false,0.12903225421905518,0.0,-19.24761962890625,-21.726545333862305,41896,false,false,false,false,47.637213300011354,9.428950800007442,"[0.0, -8.0]","[16.0, -8.0]",,
217,dst,dst,5,2,2,down,1,right,"[16.0, -7.0]",0.41823330521583557,0.581762969493866,false,false,0.06757485121488571,0.0,-0.1734607219696045,-0.3300235867500305,41896,false,false,false,false,48.2798666000017,8.171919099986553,"[24.0, -11.0]","[16.0, -7.0]",,
218,dst,dst,5,2,2,down,3,left,"[16.0, -7.0]",3.7476399938896066e-06,0.581762969493866,false,false,0.06757485121488571,0.0,-10.513679504394531,-11.952692031860352,41896,false,false,false,false,47.9073782999767,8.370954300015,"[24.0, -11.0]","[16.0, -7.0]",,
219,dst,dst,5,3,2,down,1,right,"[16.0, -6.0]",0.18187236785888672,0.8181276321411133,false,false,0.9748743772506714,0.0,-0.25548410415649414,-1.5037132501602173,41896,false,false,false,false,47.1643501999788,6.964119399985066,"[16.0, -200.0]","[16.0, -6.0]",,
220,dst,dst,5,3,2,down,0,up,"[16.0, -6.0]",5.716284562606901e-18,0.8181276321411133,false,false,0.9748743772506714,0.0,-12.625417709350586,-39.50247573852539,41896,false,false,false,false,48.24570769999991,7.095292699988931,"[16.0, -200.0]","[16.0, -6.0]",,
221,dst,dst,5,4,1,right,2,down,"[16.0, -5.0]",7.709834290089979e-13,1.0,true,false,0.04322824999690056,0.0,0.05058097839355469,-27.891109466552734,41997,true,true,false,false,48.01973860000726,7.952401500020642,"[11.055801391601562, -1.6768798828125]","[16.0, -5.0]",,
222,dst,dst,5,4,1,right,0,up,"[16.0, -5.0]",6.485036298464201e-26,1.0,false,false,0.979899525642395,0.0,-21.076290130615234,-57.99771499633789,41896,false,false,false,false,47.86871720000636,6.947245799994562,"[16.0, -200.0]","[16.0, -5.0]",,
223,dst,dst,5,5,2,down,1,right,"[16.0, -4.0]",0.08904508501291275,0.9109549522399902,false,false,0.9849246144294739,0.0,-0.1563546061515808,-2.325350522994995,41895,false,false,false,false,47.770672200014815,5.983286300004693,"[16.0, -200.0]","[16.0, -4.0]",,
224,dst,dst,5,5,2,down,0,up,"[16.0, -4.0]",7.090132055813979e-26,0.9109549522399902,false,false,0.9849246144294739,0.0,-9.709153175354004,-57.81524658203125,41895,false,false,false,false,47.46637730000657,6.976962899992941,"[16.0, -200.0]","[16.0, -4.0]",,
225,dst,dst,5,6,1,right,2,down,"[16.0, -3.0]",3.3976599745494385e-12,1.0,true,false,0.06295640021562576,0.0,0.05106353759765625,-26.407934188842773,41997,true,true,false,false,48.64928890002193,7.847450299974298,"[8.246601104736328, -1.539947509765625]","[16.0, -3.0]",,
226,dst,dst,5,6,1,right,0,up,"[16.0, -3.0]",4.527595338233484e-42,1.0,false,false,0.9899497628211975,0.0,-26.17706298828125,-95.19842529296875,41896,false,false,false,false,48.399166400020476,8.246602700004587,"[16.0, -200.0]","[16.0, -3.0]",,
227,dst,dst,5,7,1,right,2,down,"[16.0, -2.0]",2.645291008028448e-17,1.0,true,true,0.0759783461689949,0.04560091719031334,0.050457000732421875,0.936256468296051,41997,true,true,false,false,47.405715200002305,6.321494300005725,"[6.58203125, -1.5970674753189087]","[10.364734649658203, -1.2518768310546875]",,
228,dst,dst,5,7,1,right,0,up,"[16.0, -2.0]",0.0,1.0,false,false,0.9949748516082764,0.0,-26.604324340820312,-156.00802612304688,41896,false,false,false,false,47.201086399989435,9.167257399996743,"[16.0, -200.0]","[16.0, -2.0]",,
229,dst,dst,5,8,2,down,0,up,"[16.0, -1.0]",0.0,1.0,false,false,1.0,0.0,-38.430545806884766,-426.8276062011719,41891,false,false,false,false,48.037815399991814,6.542644700006349,"[16.0, -200.0]","[16.0, -1.0]",,
230,dst,dst,5,8,2,down,1,right,"[16.0, -1.0]",0.0,1.0,true,false,0.016198230907320976,0.0,0.05145120620727539,-125.3312759399414,41997,true,true,true,true,49.154408900009,6.401884999999311,"[16.0, -4.223447799682617]","[16.0, -1.0]",,
231,dst,dst,6,0,1,right,2,down,"[24.0, -13.0]",1.5044354108838254e-13,1.0,true,false,0.054175861179828644,0.0,0.05060005187988281,-29.525188446044922,41997,true,true,false,false,47.72905910000554,6.116790400003083,"[22.967479705810547, -2.34710693359375]","[24.0, -13.0]",,
232,dst,dst,6,1,1,right,2,down,"[24.0, -12.0]",0.29633983969688416,0.7036601305007935,true,false,0.03522132709622383,0.0,0.05005067586898804,-0.8647885322570801,41997,true,true,false,false,48.42644690000452,7.223762799985707,"[23.749738693237305, -5.002472400665283]","[24.0, -12.0]",,
233,dst,dst,6,1,1,right,3,left,"[24.0, -12.0]",7.784371758301489e-11,0.7036601305007935,false,false,0.19355052709579468,0.0,-16.348533630371094,-22.92485809326172,41896,false,false,false,false,45.98237950002658,7.243542299984256,"[0.0, -11.818614959716797]","[24.0, -12.0]",,
234,dst,dst,6,2,2,down,1,right,"[24.0, -11.0]",0.4567365050315857,0.54324871301651,false,false,0.0,0.0,-0.1734607219696045,-0.1734607219696045,41896,false,false,false,false,46.55730289997882,6.037184199987678,"[24.0, -11.0]","[24.0, -11.0]",,
235,dst,dst,6,2,2,down,3,left,"[24.0, -11.0]",1.4755900338059291e-05,0.54324871301651,false,false,0.19783395528793335,0.0,-6.64221715927124,-10.513679504394531,41896,false,false,false,false,47.522478400002,7.647393399995053,"[0.0, -2.849989891052246]","[24.0, -11.0]",,
236,dst,dst,6,3,2,down,1,right,"[24.0, -10.0]",0.30869099497795105,0.6913089752197266,false,false,0.9547738432884216,0.0,-0.255523145198822,-0.8062461614608765,41896,false,false,false,false,48.95991929998854,6.980973600002471,"[24.0, -200.0]","[24.0, -10.0]",,
237,dst,dst,6,3,2,down,3,left,"[24.0, -10.0]",3.342010349016711e-11,0.6913089752197266,false,false,0.9547738432884216,0.0,-11.23156452178955,-23.752695083618164,41896,false,false,false,false,48.25130380000337,7.0406687000067905,"[24.0, -200.0]","[24.0, -10.0]",,
238,dst,dst,6,4,1,right,2,down,"[24.0, -9.0]",8.95237306508534e-09,1.0,true,false,0.05979917570948601,0.0,0.05016517639160156,-18.531347274780273,41997,true,true,false,false,48.386050699977204,7.927863799995976,"[18.47576332092285, -1.0618896484375]","[24.0, -9.0]",,
239,dst,dst,6,4,1,right,0,up,"[24.0, -9.0]",1.0750649231516113e-13,1.0,false,false,0.9597989916801453,0.0,-21.078014373779297,-29.861225128173828,41896,false,false,false,false,48.15814149999642,6.973988700017799,"[24.0, -200.0]","[24.0, -9.0]",,
240,dst,dst,6,5,2,down,1,right,"[24.0, -8.0]",0.30891457200050354,0.6910854578018188,false,false,0.9648241400718689,0.0,-0.15636467933654785,-0.8051986694335938,41896,false,false,false,false,48.9794085000176,8.128437500010477,"[24.0, -200.0]","[24.0, -8.0]",,
241,dst,dst,6,5,2,down,3,left,"[24.0, -8.0]",3.428779482561595e-11,0.6910854578018188,false,false,0.9648241400718689,0.0,-7.932948112487793,-23.72673988342285,41896,false,false,false,false,47.92581449999125,7.944610400008969,"[24.0, -200.0]","[24.0, -8.0]",,
242,dst,dst,6,6,1,right,2,down,"[24.0, -7.0]",6.172975325346997e-11,1.0,true,false,0.07873906195163727,0.0,0.05071258544921875,-23.508255004882812,41997,true,true,true,false,48.062792300013825,9.012022100010654,"[14.980525970458984, -1.0]","[24.0, -7.0]",,
243,dst,dst,6,6,1,right,0,up,"[24.0, -7.0]",1.558213193891822e-13,1.0,false,false,0.9698492288589478,0.0,-26.1787166595459,-29.490066528320312,41896,false,false,false,false,48.28967040000134,8.136321700003464,"[24.0, -200.0]","[24.0, -7.0]",,
244,dst,dst,6,7,1,right,2,down,"[24.0, -6.0]",2.0501006762433521e-13,1.0,true,false,0.08932510018348694,0.0,0.051097869873046875,-29.215717315673828,41997,true,true,true,false,48.68324620000203,8.72295419999864,"[13.370895385742188, -1.0]","[24.0, -6.0]",,
245,dst,dst,6,7,1,right,0,up,"[24.0, -6.0]",2.752306242462965e-16,1.0,false,false,0.9748743772506714,0.0,-26.605979919433594,-35.828922271728516,41896,false,false,false,false,47.58544830000028,8.913569399999687,"[24.0, -200.0]","[24.0, -6.0]",,
246,dst,dst,6,8,1,right,2,down,"[24.0, -5.0]",2.988649683288713e-08,1.0,true,true,0.003919876180589199,0.004357327241450548,0.050258636474609375,1.9267514944076538,41997,true,true,false,false,48.330931600008626,9.06564499999513,"[23.83161163330078, -4.26824951171875]","[23.850296020507812, -4.166839599609375]",,
247,dst,dst,6,8,1,right,0,up,"[24.0, -5.0]",3.424624830679975e-29,1.0,false,false,0.979899525642395,0.0,-38.43217086791992,-65.54397583007812,41895,false,false,false,false,48.92858589999378,5.897628200007603,"[24.0, -200.0]","[24.0, -5.0]",,
248,dst,dst,6,9,2,down,1,right,"[24.0, -4.0]",1.3545545130000392e-07,0.9999998807907104,true,false,0.07348709553480148,0.0,0.0500832200050354,-15.81462287902832,41997,true,true,true,true,48.17980899999384,9.155589700007113,"[25.79479217529297, -18.337467193603516]","[24.0, -4.0]",,
249,dst,dst,6,9,2,down,0,up,"[24.0, -4.0]",4.176842750803563e-34,0.9999998807907104,false,false,0.9849246144294739,0.0,-24.07109832763672,-76.85833740234375,41895,false,false,false,false,47.85381920001237,8.09586460000719,"[24.0, -200.0]","[24.0, -4.0]",,
250,dst,dst,7,0,1,right,2,down,"[50.0, -14.0]",7.278472800593266e-14,1.0,true,false,0.1430002599954605,0.0,0.051509857177734375,-30.251270294189453,41997,true,true,false,false,45.67689909998444,7.282662599987816,"[33.98294448852539, -1.790679931640625]","[50.0, -14.0]",,
251,dst,dst,7,1,1,right,2,down,"[50.0, -13.0]",0.29137900471687317,0.7086210250854492,true,false,0.03975444287061691,0.0,0.050060272216796875,-0.888696014881134,41997,true,true,true,false,47.57128709999961,9.771126699983142,"[50.0, -5.088866233825684]","[50.0, -13.0]",,
252,dst,dst,7,1,1,right,3,left,"[50.0, -13.0]",4.608078675583105e-12,0.7086210250854492,false,false,0.403269499540329,0.0,-16.34853172302246,-25.75877571105957,41896,false,false,false,false,47.72478719998617,8.335154100001091,"[0.0, -11.818731307983398]","[50.0, -13.0]",,
253,dst,dst,7,2,2,down,1,right,"[50.0, -12.0]",0.44553762674331665,0.5544623732566833,false,false,0.209737628698349,0.0,-0.1734607219696045,-0.2187172770500183,41896,false,false,false,false,48.40606390000903,9.814450600009877,"[24.0, -11.0]","[50.0, -12.0]",,
254,dst,dst,7,2,2,down,3,left,"[50.0, -12.0]",1.6250643497528472e-08,0.5544623732566833,false,false,0.40583983063697815,0.0,-6.642358303070068,-17.34537696838379,41896,false,false,false,false,48.13610430000699,7.152322899986757,"[0.0, -2.8483781814575195]","[50.0, -12.0]",,
255,dst,dst,7,3,2,down,1,right,"[50.0, -11.0]",0.3540845215320587,0.6459155082702637,false,false,0.8163336515426636,0.0,-0.32794857025146484,-0.6011329889297485,41896,false,false,false,false,47.19207950000418,8.28817529999651,"[124.0, -121.84516143798828]","[50.0, -11.0]",,
256,dst,dst,7,3,2,down,3,left,"[50.0, -11.0]",6.189812551404827e-10,0.6459155082702637,false,false,0.7262619733810425,0.0,-15.167767524719238,-20.765859603881836,41896,false,false,false,false,47.131726899999194,6.94106230000034,"[124.0, -93.36700439453125]","[50.0, -11.0]",,
257,dst,dst,7,4,1,right,2,down,"[50.0, -10.0]",6.277895425732538e-10,1.0,true,false,0.2518136203289032,0.0,0.05040740966796875,-21.18881607055664,41997,true,true,true,false,48.341414800001075,9.142760400020052,"[19.28284454345703, -1.0]","[50.0, -10.0]",,
258,dst,dst,7,4,1,right,0,up,"[50.0, -10.0]",9.485559869715958e-16,1.0,false,false,0.4043755531311035,0.0,-10.159120559692383,-34.591590881347656,41896,false,false,false,false,47.804048000019975,8.345627300004708,"[0.0, -3.9361419677734375]","[50.0, -10.0]",,
259,dst,dst,7,5,2,down,1,right,"[50.0, -9.0]",0.365174800157547,0.6348251700401306,false,false,0.8185696005821228,0.0,-0.26953721046447754,-0.5529735684394836,41896,false,false,false,false,48.40610520000337,6.831875800009584,"[124.0, -120.49625396728516]","[50.0, -9.0]",,
260,dst,dst,7,5,2,down,3,left,"[50.0, -9.0]",3.4024921768960326e-10,0.6348251700401306,false,false,0.6612735986709595,0.0,-16.31218910217285,-21.34693717956543,41896,false,false,false,false,48.6115632999863,8.000941999984207,"[124.0, -65.68646240234375]","[50.0, -9.0]",,
261,dst,dst,7,6,1,right,2,down,"[50.0, -8.0]",2.468108530051527e-11,1.0,true,false,0.28459838032722473,0.0,0.05130195617675781,-24.424983978271484,41997,true,true,true,false,49.26468619998195,8.179762800020399,"[14.980392456054688, -1.0]","[50.0, -8.0]",,
262,dst,dst,7,6,1,right,0,up,"[50.0, -8.0]",3.3915620606953445e-15,1.0,false,false,0.40390750765800476,0.0,-10.970382690429688,-33.31748580932617,41893,false,false,false,false,47.91661919999751,6.871985700010555,"[0.0, -3.332106113433838]","[50.0, -8.0]",,
263,dst,dst,7,7,1,right,2,down,"[50.0, -7.0]",1.9577014434470769e-13,1.0,true,false,0.29693156480789185,0.0,0.0516204833984375,-29.2618350982666,41997,true,true,true,false,48.42586950000259,8.040234899992356,"[13.370792388916016, -1.0]","[50.0, -7.0]",,
264,dst,dst,7,7,1,right,0,up,"[50.0, -7.0]",2.8547384661700194e-16,1.0,false,false,0.6762840747833252,0.0,-33.28935623168945,-35.792381286621094,41895,false,false,false,false,48.72902689999319,8.001079600013327,"[124.0, -70.3122329711914]","[50.0, -7.0]",,
265,dst,dst,7,8,1,right,2,down,"[50.0, -6.0]",2.4263242456856737e-11,1.0,true,true,0.01007885206490755,0.0115721570327878,0.05279946327209473,6.449014663696289,41997,true,true,false,false,47.19775160000427,8.076496900001075,"[50.0, -3.9943084716796875]","[50.265872955322266, -3.7370147705078125]",,
266,dst,dst,7,8,1,right,0,up,"[50.0, -6.0]",3.6806507352495226e-29,1.0,false,false,0.68156898021698,0.0,-45.13629913330078,-65.47187805175781,41896,false,false,false,false,47.87101279999479,8.054277599992929,"[124.0, -71.5180892944336]","[50.0, -6.0]",,
267,dst,dst,7,9,2,down,1,right,"[50.0, -5.0]",0.19347824156284332,0.8065217733383179,true,false,0.0969618633389473,0.0,0.050195157527923584,-1.4275658130645752,41997,true,true,true,true,46.92078880002373,7.565355300001102,"[50.0, -24.29541015625]","[50.0, -5.0]",,
268,dst,dst,7,9,2,down,0,up,"[50.0, -5.0]",3.5009877623005674e-18,0.8065217733383179,false,false,0.7480950951576233,0.0,-28.536731719970703,-39.97846221923828,41896,false,false,false,false,48.479872399999294,7.893753999989713,"[124.0, -94.7723388671875]","[50.0, -5.0]",,
269,dst,dst,8,0,1,right,2,down,"[74.0, -17.0]",1.2416809117357652e-13,1.0,true,false,0.267984002828598,0.0,0.05087852478027344,-29.717140197753906,41997,true,true,true,false,49.333001299994066,8.1132501999964,"[42.30084991455078, -1.0]","[74.0, -17.0]",,
270,dst,dst,8,1,1,right,2,down,"[74.0, -16.0]",0.29138290882110596,0.708617091178894,true,false,0.05092711001634598,0.0,0.05000925064086914,-0.888677179813385,41997,true,true,true,false,48.445000100007746,9.580538999987766,"[74.0, -5.865505218505859]","[74.0, -16.0]",,
271,dst,dst,8,1,1,right,3,left,"[74.0, -16.0]",4.5991409465540034e-12,0.708617091178894,false,false,0.597143828868866,0.0,-16.348514556884766,-25.760711669921875,41896,false,false,false,false,47.97574069999973,9.927192899980582,"[0.0, -11.819717407226562]","[74.0, -16.0]",,
272,dst,dst,8,2,2,down,1,right,"[74.0, -15.0]",0.4455074369907379,0.5544925332069397,false,false,0.4037264883518219,0.0,-0.1734607219696045,-0.21883940696716309,41896,false,false,false,false,47.54992260001018,9.68941970000742,"[24.0, -11.0]","[74.0, -15.0]",,
273,dst,dst,8,2,2,down,3,left,"[74.0, -15.0]",1.5954713106225427e-08,0.5544925332069397,false,false,0.5998899936676025,0.0,-6.642331600189209,-17.36380958557129,41896,false,false,false,false,46.441792399971746,8.626877299975604,"[0.0, -2.8486862182617188]","[74.0, -15.0]",,
274,dst,dst,8,3,2,down,1,right,"[74.0, -14.0]",0.35423967242240906,0.6457602977752686,false,false,0.6751699447631836,0.0,-0.32794857025146484,-0.6004546880722046,41895,false,false,false,false,48.66100870000082,9.13394899998093,"[124.0, -121.76606750488281]","[74.0, -14.0]",,
275,dst,dst,8,3,2,down,3,left,"[74.0, -14.0]",5.964834182137224e-10,0.6457602977752686,false,false,0.5999009609222412,0.0,-3.379584312438965,-20.802642822265625,41896,false,false,false,false,48.08915850002086,9.249058199988212,"[0.0, -1.8273420333862305]","[74.0, -14.0]",,
276,dst,dst,8,4,1,right,2,down,"[74.0, -13.0]",6.261273721719363e-10,1.0,true,false,0.44537195563316345,0.0,0.0515594482421875,-21.19146728515625,41997,true,true,true,false,48.173074799997266,9.28053920000093,"[19.282424926757812, -1.0]","[74.0, -13.0]",,
277,dst,dst,8,4,1,right,0,up,"[74.0, -13.0]",9.452760636415904e-16,1.0,false,false,0.5985102653503418,0.0,-10.15947151184082,-34.595054626464844,41896,false,false,false,false,48.45091310000862,8.475797099992633,"[0.0, -3.9349241256713867]","[74.0, -13.0]",,
278,dst,dst,8,5,2,down,1,right,"[74.0, -12.0]",0.3677120506763458,0.6322879195213318,false,false,0.6781724691390991,0.0,-0.26953721046447754,-0.5420446991920471,41896,false,false,false,false,48.03099810000276,9.359633299987763,"[124.0, -120.51009368896484]","[74.0, -12.0]",,
279,dst,dst,8,5,2,down,3,left,"[74.0, -12.0]",1.8596219009126003e-10,0.6322879195213318,false,false,0.5988938212394714,0.0,-1.5849971771240234,-21.947067260742188,41896,false,false,false,false,48.48430549999466,9.324737099988852,"[0.0, -1.9819087982177734]","[74.0, -12.0]",,
280,dst,dst,8,6,1,right,2,down,"[74.0, -11.0]",2.4491349920330308e-11,1.0,true,false,0.47861436009407043,0.0,0.05375099182128906,-24.432701110839844,41997,true,true,true,false,47.91522869997425,9.717946199991275,"[14.979843139648438, -1.0]","[74.0, -11.0]",,
281,dst,dst,8,6,1,right,0,up,"[74.0, -11.0]",3.5155583668109542e-15,1.0,false,false,0.5980173349380493,0.0,-10.97038459777832,-33.281578063964844,41896,false,false,false,false,48.67530750000151,9.293248400004813,"[0.0, -3.3307790756225586]","[74.0, -11.0]",,
282,dst,dst,8,7,1,right,2,down,"[74.0, -10.0]",1.9569139060940377e-13,1.0,true,false,0.4910315275192261,0.0,0.051055908203125,-29.262237548828125,41997,true,true,true,false,48.102232499979436,9.35489809999126,"[13.370903015136719, -1.0]","[74.0, -10.0]",,
283,dst,dst,8,7,1,right,0,up,"[74.0, -10.0]",2.834360176948061e-16,1.0,false,false,0.5976371169090271,0.0,-10.52243709564209,-35.79954528808594,41895,false,false,false,false,48.850008500012336,9.289042100019287,"[0.0, -3.6113696098327637]","[74.0, -10.0]",,
284,dst,dst,8,8,1,right,2,down,"[74.0, -9.0]",2.559746034927479e-13,1.0,true,false,0.027794308960437775,0.0,0.050818443298339844,-28.993698120117188,41997,true,true,false,false,47.74398299999302,8.10420349999913,"[72.63741302490234, -3.919556140899658]","[74.0, -9.0]",,
285,dst,dst,8,8,1,right,0,up,"[74.0, -9.0]",7.859608000979297e-23,1.0,false,false,0.5111097693443298,0.0,-45.13629913330078,-50.89772033691406,41896,false,false,false,false,47.959875000000466,8.234417400002712,"[124.0, -71.50062561035156]","[74.0, -9.0]",,
286,dst,dst,8,9,2,down,1,right,"[74.0, -8.0]",0.43585214018821716,0.5641478896141052,true,false,0.11776866018772125,0.0,0.05022919178009033,-0.25801336765289307,41997,true,true,true,false,47.72101389997988,6.908437600010075,"[74.0, -31.435962677001953]","[74.0, -8.0]",,
287,dst,dst,8,9,2,down,0,up,"[74.0, -8.0]",8.397477756936437e-16,0.5641478896141052,false,false,0.5939038991928101,0.0,-28.536731719970703,-34.1409912109375,41896,false,false,false,false,47.854529499978526,8.037851800007047,"[124.0, -94.77194213867188]","[74.0, -8.0]",,
288,dst,dst,9,0,1,right,2,down,"[124.0, -19.0]",1.8071381522287433e-13,1.0,true,false,0.6652622818946838,0.0,0.05248451232910156,-29.341861724853516,41997,true,true,false,false,48.5418389000115,7.128842000005534,"[42.2733154296875, -1.002471923828125]","[124.0, -19.0]",,
289,dst,dst,9,1,1,right,2,down,"[124.0, -18.0]",0.2913832366466522,0.7086167335510254,true,false,0.047893255949020386,0.0,0.050011396408081055,-0.8886754512786865,41997,true,true,true,false,48.57008410000708,9.492603999999119,"[124.0, -8.469242095947266]","[124.0, -18.0]",,
290,dst,dst,9,1,1,right,3,left,"[124.0, -18.0]",4.5984548634192546e-12,0.7086167335510254,false,false,1.000482439994812,0.0,-16.348543167114258,-25.760860443115234,41896,false,false,false,false,46.626369400008116,6.146729300002335,"[0.0, -11.818185806274414]","[124.0, -18.0]",,
291,dst,dst,9,2,2,down,1,right,"[124.0, -17.0]",0.44550731778144836,0.5544926524162292,false,false,0.807015061378479,0.0,-0.1734607219696045,-0.2188398241996765,41895,false,false,false,false,48.3859197999991,9.417481100012083,"[24.0, -11.0]","[124.0, -17.0]",,
292,dst,dst,9,2,2,down,3,left,"[124.0, -17.0]",1.5953833809589923e-08,0.5544926524162292,false,false,1.002524971961975,0.0,-6.642264366149902,-17.36386489868164,41895,false,false,false,false,47.77064259999315,9.618930700002238,"[7.62939453125e-06, -2.849498748779297]","[124.0, -17.0]",,
293,dst,dst,9,3,2,down,1,right,"[124.0, -16.0]",0.35423949360847473,0.6457604765892029,false,false,1.0018175840377808,0.0,-0.15411990880966187,-0.6004555225372314,41896,false,false,false,false,48.51975060001132,8.185319000011077,"[0.0, -3.9963903427124023]","[124.0, -16.0]",,
294,dst,dst,9,3,2,down,3,left,"[124.0, -16.0]",5.964619353981959e-10,0.6457604765892029,false,false,1.0025322437286377,0.0,-3.3893604278564453,-20.80267906188965,41896,false,false,false,false,48.11635229998501,5.891452400013804,"[0.0, -1.829087257385254]","[124.0, -16.0]",,
295,dst,dst,9,4,1,right,2,down,"[124.0, -15.0]",6.261202112334274e-10,1.0,true,false,0.8474299311637878,0.0,0.054302215576171875,-21.191478729248047,41997,true,true,true,false,48.0377015999984,8.350446500000544,"[19.28142547607422, -1.0]","[124.0, -15.0]",,
296,dst,dst,9,4,1,right,0,up,"[124.0, -15.0]",9.452508644114095e-16,1.0,false,false,1.0015443563461304,0.0,-10.159130096435547,-34.5950813293457,41896,false,false,false,false,48.03392710001208,6.455597899999702,"[0.0, -3.9359989166259766]","[124.0, -15.0]",,
297,dst,dst,9,5,2,down,1,right,"[124.0, -14.0]",0.36771222949028015,0.6322878003120422,false,false,1.0011601448059082,0.0,-0.3142606019973755,-0.5420441031455994,41896,false,false,false,false,48.0442064999952,7.037800899997819,"[0.0, -4.411311149597168]","[124.0, -14.0]",,
298,dst,dst,9,5,2,down,3,left,"[124.0, -14.0]",1.8595577855329282e-10,0.6322878003120422,false,false,1.0018221139907837,0.0,-1.583435297012329,-21.947101593017578,41896,false,false,false,false,48.011157499975525,5.832203400001163,"[0.0, -1.9815244674682617]","[124.0, -14.0]",,
299,dst,dst,9,6,1,right,2,down,"[124.0, -13.0]",2.44910688951272e-11,1.0,true,false,0.994317889213562,0.0,0.051339149475097656,-24.43271255493164,41997,true,true,true,false,48.288813799998024,9.337320399994496,"[0.8762588500976562, -2.5619239807128906]","[124.0, -13.0]",,
300,dst,dst,9,6,1,right,0,up,"[124.0, -13.0]",3.5157862186737656e-15,1.0,false,false,1.0011794567108154,0.0,-10.970381736755371,-33.28151321411133,41896,false,false,false,false,47.71431899999152,8.079781399981584,"[0.0, -3.3321685791015625]","[124.0, -13.0]",,
301,dst,dst,9,7,1,right,2,down,"[124.0, -12.0]",1.956921495509245e-13,1.0,true,false,0.9591088891029358,0.0,0.06206321716308594,-29.26223373413086,41997,true,true,false,false,48.87144270000863,9.361648699996294,"[5.24298095703125, -1.7245464324951172]","[124.0, -12.0]",,
302,dst,dst,9,7,1,right,0,up,"[124.0, -12.0]",2.8343710295576977e-16,1.0,false,false,1.0008879899978638,0.0,-10.52241039276123,-35.79954147338867,41896,false,false,false,false,47.79522610001732,9.318247699993663,"[0.0, -3.611849784851074]","[124.0, -12.0]",,
303,dst,dst,9,8,1,right,2,down,"[124.0, -11.0]",2.556087123645884e-13,1.0,true,false,0.29625052213668823,0.0,0.05395317077636719,-28.995128631591797,41997,true,true,false,false,47.46055360001628,8.114847199991345,"[87.55887603759766, -3.55706787109375]","[124.0, -11.0]",,
304,dst,dst,9,8,1,right,0,up,"[124.0, -11.0]",7.904831187865083e-23,1.0,false,false,1.0,0.0,-26.945796966552734,-50.89198303222656,41896,false,false,false,false,48.11640100000659,9.086035199987236,"[0.0, -11.0]","[124.0, -11.0]",,
305,dst,dst,9,9,2,down,1,right,"[124.0, -10.0]",0.43591415882110596,0.564085841178894,false,false,0.0,0.0,-0.2577611207962036,-0.2577611207962036,41895,false,false,false,false,47.241789899999276,6.984897800022736,"[124.0, -10.0]","[124.0, -10.0]",,
306,dst,dst,9,9,2,down,0,up,"[124.0, -10.0]",8.288322738606144e-16,0.564085841178894,false,false,1.0,0.0,-26.953351974487305,-34.15396499633789,41895,false,false,false,false,47.07410609998624,8.078958099999,"[0.0, -10.0]","[124.0, -10.0]",,
307,Minecart,minecart,0,0,3,Accelerate,5,None,"[0.0, 0.800000011920929, -0.7399998903274536]",2.403282906016102e-07,0.9999996423721313,false,false,1.0130207538604736,0.0,-0.1984243392944336,-15.241259574890137,41981,false,false,false,false,48.18626909999875,9.335294299991801,"[1.5, 0.7911478877067566, -33.09821319580078]","[0.0, 0.800000011920929, -0.7399998903274536]",,
308,Minecart,minecart,0,0,3,Accelerate,1,Left,"[0.0, 0.800000011920929, -0.7399998903274536]",1.6061419216839568e-07,0.9999996423721313,true,false,0.4641289710998535,0.0,0.05081140995025635,-15.64426040649414,41997,true,true,true,true,49.538071999995736,7.811328500014497,"[0.0, 0.10381340980529785, -0.3288242220878601]","[0.0, 0.800000011920929, -0.7399998903274536]",,
309,Minecart,minecart,0,1,1,Left,5,None,"[0.0, 0.800000011920929, -0.619999885559082]",0.09950517863035202,0.9004912376403809,true,false,0.14936591684818268,0.014920583926141262,0.05015134811401367,0.001659989356994629,41997,true,true,false,true,48.406933500024024,9.571087900025304,"[0.2228783369064331, 0.8228633999824524, -0.7052041292190552]","[0.0, 0.7776431441307068, -0.758183479309082]",,
310,Minecart,minecart,0,1,1,Left,2,Right,"[0.0, 0.800000011920929, -0.619999885559082]",3.538786586432252e-06,0.9004912376403809,true,true,0.027375662699341774,0.1454545259475708,0.05003702640533447,0.2789493799209595,41997,true,true,false,true,48.84220169999753,7.497436300007394,"[0.0, 0.800000011920929, -6.095132350921631]","[0.0, 0.5883134603500366, -7.6653642654418945]",,
311,Minecart,minecart,0,2,5,None,2,Right,"[0.0, 0.800000011920929, -0.5999999046325684]",0.02482965774834156,0.975036084651947,true,true,0.0029272986575961113,0.004265457391738892,0.05002939701080322,0.08969521522521973,41997,true,true,true,true,48.58783480001148,6.230981000000611,"[0.0, 0.800000011920929, -1.1854596138000488]","[0.0, 0.7936177253723145, -0.6601042747497559]",,
312,Minecart,minecart,0,2,5,None,1,Left,"[0.0, 0.800000011920929, -0.5999999046325684]",0.00013427025987766683,0.975036084651947,true,false,0.6415951251983643,0.0,0.05014681816101074,-8.890375137329102,41997,true,true,false,true,49.094544999999925,8.712840599997435,"[0.7732475996017456, 0.22704356908798218, -0.9926817417144775]","[0.0, 0.800000011920929, -0.5999999046325684]",,
313,Minecart,minecart,0,3,2,Right,5,None,"[0.0, 0.800000011920929, -0.5799999237060547]",0.004338676575571299,0.9956613183021545,true,false,0.0008758965414017439,0.0,0.05059480667114258,-5.435837745666504,41997,true,true,true,true,48.581710700003896,7.455081199994311,"[0.0, 0.800000011920929, -0.755179226398468]","[0.0, 0.800000011920929, -0.5799999237060547]",,
314,Minecart,minecart,0,3,2,Right,1,Left,"[0.0, 0.800000011920929, -0.5799999237060547]",1.1940164412749255e-08,0.9956613183021545,false,false,0.683201789855957,0.0,-0.0821143388748169,-18.239009857177734,41981,false,false,false,false,49.113046699989354,8.381255800020881,"[0.7451956272125244, 1.5, -9.917179107666016]","[0.0, 0.800000011920929, -0.5799999237060547]",,
315,Minecart,minecart,0,4,1,Left,4,Brake,"[0.0, 0.800000011920929, -0.559999942779541]",7.692334269560064e-11,1.0,true,false,0.0005572813679464161,0.0,0.05055999755859375,-23.288211822509766,41997,false,true,false,true,49.84191620000638,9.753754799981834,"[0.0, 0.800000011920929, -0.4485436677932739]","[0.0, 0.800000011920929, -0.559999942779541]",,
316,Minecart,minecart,0,4,1,Left,2,Right,"[0.0, 0.800000011920929, -0.559999942779541]",5.780774817165657e-11,1.0,true,false,0.07221093028783798,0.0,0.05106019973754883,-23.573898315429688,41997,true,true,true,true,48.477482699992834,8.30002309998963,"[0.1083161011338234, 0.800000011920929, -0.5266582369804382]","[0.0, 0.800000011920929, -0.559999942779541]",,
317,Minecart,minecart,0,5,5,None,1,Left,"[0.0, 0.800000011920929, -0.5399999618530273]",6.567473747054464e-07,0.9999992847442627,true,true,0.08756407350301743,0.002132053254172206,0.050757646560668945,1.0141398906707764,41997,true,true,false,false,49.11350379997748,8.34683260001475,"[0.0, 0.9313461184501648, -0.5399999618530273]","[0.0, 0.7968160510063171, -0.5800237655639648]",,
318,Minecart,minecart,0,5,5,None,2,Right,"[0.0, 0.800000011920929, -0.5399999618530273]",1.3783051366900168e-09,0.9999992847442627,true,false,0.003532693488523364,0.03607377037405968,0.05003601312637329,8.416175842285156e-05,41997,true,true,true,true,49.07726009999169,7.391186799999559,"[0.0, 0.800000011920929, -1.2465386390686035]","[0.0, 0.7461245059967041, -1.2118902206420898]",,
319,Minecart,minecart,0,6,1,Left,4,Brake,"[0.0, 0.800000011920929, -0.5199999809265137]",3.7818251712451456e-06,0.9999961853027344,true,true,0.656377375125885,0.0005653865518979728,0.05108398199081421,1.6543388366699219,41997,true,true,false,false,48.31259280000813,9.434035900019808,"[0.7910630702972412, 0.2138427495956421, -0.921890377998352]","[3.178603947162628e-06, 0.8006898164749146, -0.45421934127807617]",,
320,Minecart,minecart,0,6,1,Left,2,Right,"[0.0, 0.800000011920929, -0.5199999809265137]",1.5911973344842623e-12,0.9999961853027344,true,true,0.0009131484548561275,0.024762030690908432,0.05012214183807373,0.47181862592697144,41997,true,true,false,true,46.619317699980456,7.484294399997452,"[9.602673526387662e-05, 0.7996726036071777, -0.6968727111816406]","[0.0, 0.7628807425498962, -0.6971697807312012]",,
321,Minecart,minecart,0,7,4,Brake,1,Left,"[0.0, 0.800000011920929, -0.4999999701976776]",7.49762363305706e-10,1.0,true,false,0.08668065071105957,0.0,0.050431013107299805,-21.01126480102539,41997,true,true,true,true,48.557747699989704,9.281992299976991,"[0.13002082705497742, 0.800000011920929, -0.47382956743240356]","[0.0, 0.800000011920929, -0.4999999701976776]",,
322,Minecart,minecart,0,7,4,Brake,2,Right,"[0.0, 0.800000011920929, -0.4999999701976776]",1.178775826948808e-11,1.0,true,true,0.011628570966422558,0.2448679655790329,0.0500030517578125,0.20068198442459106,41997,true,true,false,false,49.32135700000799,8.436385000008158,"[0.0, 0.800000011920929, -2.825714111328125]","[0.0, 0.4327179789543152, -1.00994873046875]",,
323,Minecart,minecart,0,8,1,Left,0,Mine,"[0.0, 0.800000011920929, -0.47999995946884155]",0.009186837822198868,0.9908131957054138,true,true,0.13054051995277405,0.03974102810025215,0.050879716873168945,0.09381604194641113,41997,true,true,false,false,49.67549930000678,9.701524200005224,"[0.19580841064453125, 0.800000011920929, -0.6086740493774414]","[0.0, 0.7404125928878784, -0.706089437007904]",,
324,Minecart,minecart,0,8,1,Left,5,None,"[0.0, 0.800000011920929, -0.47999995946884155]",2.423585954147711e-08,0.9908131957054138,false,false,1.0089858770370483,0.0,0.025007963180541992,-17.526203155517578,41981,false,false,false,false,50.141591999999946,8.287241599988192,"[1.5, 0.5992946624755859, -2.9221150875091553]","[0.0, 0.800000011920929, -0.47999995946884155]",,
325,Minecart,minecart,0,9,1,Left,0,Mine,"[0.0, 0.800000011920929, -0.4599999487400055]",0.019185978919267654,0.9808140397071838,true,true,0.002057129517197609,0.010418574325740337,0.05000042915344238,0.23071718215942383,41997,true,true,true,false,49.56383440000354,8.458789600001182,"[0.0, 0.800000011920929, -0.8714258670806885]","[0.0, 0.7843903303146362, -0.5604790449142456]",,
326,Minecart,minecart,0,9,1,Left,5,None,"[0.0, 0.800000011920929, -0.4599999487400055]",6.987584399986702e-10,0.9808140397071838,true,false,0.5100791454315186,0.0,0.05003559589385986,-21.06234359741211,41997,true,true,false,false,48.407143400021596,7.382451900019078,"[0.6114264130592346, 0.34003907442092896, -0.5295303463935852]","[0.0, 0.800000011920929, -0.4599999487400055]",,
327,Minecart,minecart,2,0,2,Right,1,Left,"[0.0, 0.0, -0.29999998211860657]",0.1411130577325821,0.8588812947273254,true,false,0.45835065841674805,0.0,0.050008296966552734,-1.8060693740844727,41997,true,true,true,true,48.72647729999153,8.759938100003637,"[0.25723981857299805, 0.6369600892066956, -4.074784755706787]","[0.0, 0.0, -0.29999998211860657]",,
328,Minecart,minecart,2,0,2,Right,3,Accelerate,"[0.0, 0.0, -0.29999998211860657]",3.910802206519293e-06,0.8588812947273254,true,true,0.0107567822560668,0.0008844757103361189,0.05000436305999756,0.08915722370147705,41997,true,true,false,true,49.50109020000673,8.442604599986225,"[0.015748783946037292, 0.003300181357190013, -0.4593539237976074]","[0.0, 0.0, -0.47689512372016907]",,
329,Minecart,minecart,2,1,3,Accelerate,2,Right,"[0.0, 0.0, -0.2799999713897705]",2.6514862838666886e-07,0.9999995231628418,true,true,0.004444845952093601,0.0002161407464882359,0.050042152404785156,0.6868717074394226,41997,true,true,false,true,48.8991978999984,9.76449989998946,"[0.00013827148359268904, 0.00666458485648036, -0.29721492528915405]","[0.0, 0.0, -0.323228120803833]",,
330,Minecart,minecart,2,1,3,Accelerate,5,None,"[0.0, 0.0, -0.2799999713897705]",1.2191061671273928e-07,0.9999995231628418,false,false,1.4092917442321777,0.0,-0.2159426212310791,-15.919977188110352,41981,false,false,false,false,47.74522530002287,7.371546000009403,"[1.5, 1.4885766506195068, -7.425382614135742]","[0.0, 0.0, -0.2799999713897705]",,
331,Minecart,minecart,2,2,5,None,2,Right,"[0.0, 0.0, -0.15999996662139893]",0.12759986519813538,0.8723939657211304,true,true,0.024726180359721184,7.75434891693294e-05,0.0500178337097168,2.4238224029541016,41997,true,true,false,true,48.449852899997495,8.250423499994213,"[0.0, 0.0, -5.105236053466797]","[9.475275874137878e-06, 0.0, -0.17545711994171143]",,
332,Minecart,minecart,2,2,5,None,1,Left,"[0.0, 0.0, -0.15999996662139893]",6.163935267977649e-06,0.8723939657211304,true,true,0.010660486295819283,0.00017878919607028365,0.050002336502075195,0.952271580696106,41997,true,true,true,true,49.18007550001494,6.2057448999839835,"[0.0, 0.0, -2.2920970916748047]","[6.258487701416016e-06, 1.047179102897644e-05, -0.12427914142608643]",,
333,Minecart,minecart,2,3,1,Left,5,None,"[0.0, 0.0, -0.13999997079372406]",2.3094898438102973e-07,0.9999997615814209,true,true,0.0023646270856261253,0.0023750304244458675,0.05000162124633789,0.05953705310821533,41997,true,true,true,true,49.10229929999332,7.15257050000946,"[0.0, 0.0, -0.6129254102706909]","[0.0, 0.0, -0.6150060892105103]",,
334,Minecart,minecart,2,3,1,Left,2,Right,"[0.0, 0.0, -0.13999997079372406]",2.7309668415576027e-11,0.9999997615814209,true,true,0.026906905695796013,0.0007038117037154734,0.05005455017089844,0.43018925189971924,41997,true,true,false,true,49.501147199975094,9.673724600026617,"[0.0006613291334360838, 0.004338552709668875, -5.489472389221191]","[0.0, 0.0, -0.28076231479644775]",,
335,Minecart,minecart,2,4,1,Left,2,Right,"[0.0, 0.0, -0.1199999749660492]",3.69579438002594e-19,1.0,true,true,0.0017071524634957314,0.0019773102831095457,0.05005002021789551,0.8020912408828735,41997,true,true,true,true,48.46173839998664,9.542627300019376,"[0.0, 0.0, -0.46143046021461487]","[0.0, 0.0, -0.5154620409011841]",,
336,Minecart,minecart,2,4,1,Left,5,None,"[0.0, 0.0, -0.1199999749660492]",1.1184844144788232e-19,1.0,true,false,0.43949204683303833,0.0,0.052519798278808594,-43.637142181396484,41997,true,true,false,false,47.97625730000436,6.346908500010613,"[0.658721923828125, 0.025926761329174042, -0.4990079700946808]","[0.0, 0.0, -0.1199999749660492]",,
337,Minecart,minecart,2,5,1,Left,5,None,"[0.0, 0.0, -0.09999997913837433]",1.17985379157067e-14,1.0,true,false,0.44623255729675293,0.0001987457217182964,0.05000162124633789,0.04674077033996582,41997,true,true,false,true,48.43659299999126,8.343091000017012,"[0.3707030117511749, 0.5570356249809265, -2.4793238639831543]","[0.0, 0.0, -0.13974912464618683]",,
338,Minecart,minecart,2,5,1,Left,2,Right,"[0.0, 0.0, -0.09999997913837433]",2.1306725013294025e-18,1.0,true,false,0.06129514053463936,0.0,0.05003774166107178,-40.690093994140625,41997,true,true,true,true,48.23432759998832,8.351073400001042,"[0.07255841046571732, 0.0, -7.6291890144348145]","[0.0, 0.0, -0.09999997913837433]",,
339,Minecart,minecart,2,6,1,Left,5,None,"[0.0, 0.0, -0.07999998331069946]",5.1350891790119625e-22,1.0,true,false,0.8248288631439209,0.0,0.050017595291137695,-49.020774841308594,41997,true,true,false,false,49.843666600005236,6.798775099974591,"[1.197052001953125, 0.30472666025161743, -9.488415718078613]","[0.0, 0.0, -0.07999998331069946]",,
340,Minecart,minecart,2,6,1,Left,2,Right,"[0.0, 0.0, -0.07999998331069946]",4.2015672540921944e-33,1.0,true,false,0.0009838908445090055,0.0009483337635174394,0.05001723766326904,0.002572000026702881,41997,true,true,false,true,49.054815599985886,8.707083699991927,"[0.0, 0.0, -0.2767781615257263]","[0.0, 0.0, -0.26966673135757446]",,
341,Minecart,minecart,2,7,1,Left,5,None,"[0.0, 0.0, -0.0599999837577343]",1.146126088480864e-21,1.0,true,false,0.7289285063743591,0.0,0.05000847578048706,-48.217899322509766,41997,true,true,true,true,48.254474300018046,8.602967699989676,"[0.738970935344696, 0.8058547973632812, -0.7646637558937073]","[0.0, 0.0, -0.0599999837577343]",,
342,Minecart,minecart,2,7,1,Left,2,Right,"[0.0, 0.0, -0.0599999837577343]",8.187946636779306e-26,1.0,true,true,0.0010330760851502419,0.0011177825508639216,0.0501255989074707,0.3593689799308777,41997,true,true,false,true,49.171728400018765,9.684828500001458,"[0.0, 0.0, -0.26661521196365356]","[0.0, 0.0, -0.2835564911365509]",,
343,Minecart,minecart,2,8,1,Left,5,None,"[0.0, 0.0, -0.039999984204769135]",2.5715948467897043e-12,1.0,true,false,0.9299572110176086,0.0,0.05003643035888672,-26.686494827270508,41997,true,true,false,false,49.867570200003684,7.328074799996102,"[0.9427624940872192, 1.0280914306640625, -1.1782989501953125]","[0.0, 0.0, -0.039999984204769135]",,
344,Minecart,minecart,2,8,1,Left,2,Right,"[0.0, 0.0, -0.039999984204769135]",7.545609301394146e-22,1.0,true,false,0.1133144423365593,0.0,0.050059735774993896,-48.63590621948242,41997,true,true,false,true,48.162637500005076,6.74299929998233,"[0.1672617346048355, 0.029550105333328247, -0.8902764320373535]","[0.0, 0.0, -0.039999984204769135]",,
345,Minecart,minecart,2,9,1,Left,5,None,"[0.0, 0.0, -0.01999998465180397]",0.013363108038902283,0.9866286516189575,true,false,1.0844759941101074,0.0,0.05017542839050293,-4.301795959472656,41997,true,true,true,false,48.968195199995534,8.200993700011168,"[1.4160743951797485, 0.8005819320678711, -0.01999998465180397]","[0.0, 0.0, -0.01999998465180397]",,
346,Minecart,minecart,2,9,1,Left,2,Right,"[0.0, 0.0, -0.01999998465180397]",8.281101145257708e-06,0.9866286516189575,true,true,0.9747273325920105,0.00024894712259992957,0.05198240280151367,2.0659613609313965,41997,true,true,false,false,48.65333489998011,6.281743700004881,"[0.8456118106842041, 1.1927490234375, -0.11637365818023682]","[0.0, 0.0, -0.06978940963745117]",,
347,Minecart,minecart,4,0,3,Accelerate,5,None,"[0.3499999940395355, 1.149999976158142, -1.2199997901916504]",8.417277058470063e-06,0.9999898672103882,false,false,0.9397921562194824,0.0,-1.6129990816116333,-11.685214042663574,41981,false,false,false,false,49.115965699980734,9.44664529999136,"[1.16530442237854, 0.0, -1.2192604541778564]","[0.3499999940395355, 1.149999976158142, -1.2199997901916504]",,
348,Minecart,minecart,4,0,3,Accelerate,1,Left,"[0.3499999940395355, 1.149999976158142, -1.2199997901916504]",1.6430614095952478e-06,0.9999898672103882,true,false,0.7840247750282288,0.0,0.05484354496002197,-13.318939208984375,41997,true,true,true,true,49.433579300006386,7.549141800001962,"[0.10154767334461212, 0.00052642822265625, -0.320476770401001]","[0.3499999940395355, 1.149999976158142, -1.2199997901916504]",,
349,Minecart,minecart,4,1,5,None,1,Left,"[0.3499999940395355, 1.149999976158142, -1.0999997854232788]",0.2444506138563156,0.7555294036865234,true,true,0.00012051642261212692,0.0014789780834689736,0.05000042915344238,0.6498458385467529,41997,true,true,true,true,48.61474029999226,9.448707999981707,"[0.3499999940395355, 1.149999976158142, -1.12410306930542]","[0.3510097563266754, 1.1480369567871094, -1.1293729543685913]",,
350,Minecart,minecart,4,1,5,None,2,Right,"[0.3499999940395355, 1.149999976158142, -1.0999997854232788]",1.6043219147832133e-05,0.7555294036865234,true,true,0.0014872890897095203,0.6084386706352234,0.05182385444641113,40.33777618408203,41997,true,true,false,false,49.30958939998527,6.280360900011146,"[0.3499999940395355, 1.149999976158142, -0.802541971206665]","[0.13998733460903168, 0.2618563175201416, -0.2555478811264038]",,
351,Minecart,minecart,4,2,1,Left,5,None,"[0.3499999940395355, 1.149999976158142, -1.0799998044967651]",0.006659418344497681,0.9933356046676636,true,false,0.3071892559528351,0.0,0.05023908615112305,-5.005036354064941,41997,true,true,true,true,48.21954160000314,6.829345099977218,"[0.7966997027397156, 1.0369503498077393, -0.9512000679969788]","[0.3499999940395355, 1.149999976158142, -1.0799998044967651]",,
352,Minecart,minecart,4,2,1,Left,2,Right,"[0.3499999940395355, 1.149999976158142, -1.0799998044967651]",5.01839804201154e-06,0.9933356046676636,true,true,0.024379173293709755,0.0967845469713211,0.05095374584197998,3.878420829772949,41997,true,true,true,true,48.46974900001078,9.123597900004825,"[0.38650259375572205, 1.149999976158142, -0.786831259727478]","[0.25259676575660706, 1.042481541633606, -0.36564433574676514]",,
353,Minecart,minecart,4,3,5,None,2,Right,"[0.3499999940395355, 1.149999976158142, -1.0599998235702515]",0.04732634127140045,0.9431484937667847,true,true,0.00023360013437923044,0.0034396499395370483,0.05013895034790039,0.9830396175384521,41997,true,true,true,true,47.292348699993454,8.506234700005734,"[0.3499999940395355, 1.149999976158142, -1.0132797956466675]","[0.3548503816127777, 1.1517187356948853, -1.010149359703064]",,
354,Minecart,minecart,4,3,5,None,1,Left,"[0.3499999940395355, 1.149999976158142, -1.0599998235702515]",0.008325156755745411,0.9431484937667847,true,false,0.0728670284152031,0.0,0.052645206451416016,-4.7299418449401855,41997,true,true,true,true,48.27329089998966,7.091173399996478,"[0.24073666334152222, 1.149999976158142, -0.6797102093696594]","[0.3499999940395355, 1.149999976158142, -1.0599998235702515]",,
355,Minecart,minecart,4,4,5,None,1,Left,"[0.3499999940395355, 1.149999976158142, -1.0399998426437378]",0.003906383644789457,0.9953881502151489,true,false,0.1857673078775406,0.009512941353023052,0.050084471702575684,0.0005935430526733398,41997,true,true,true,true,48.51805230000173,8.198512799979653,"[0.2511475384235382, 0.8894785046577454, -0.8045138716697693]","[0.34434738755226135, 1.163073182106018, -1.1558903455734253]",,
356,Minecart,minecart,4,4,5,None,2,Right,"[0.3499999940395355, 1.149999976158142, -1.0399998426437378]",0.0007028198451735079,0.9953881502151489,true,true,0.020978165790438652,0.023971956223249435,0.05002737045288086,0.9875614643096924,41997,true,true,false,true,47.90616699997918,7.085760599991772,"[0.3814162611961365, 1.1482105255126953, -1.0318197011947632]","[0.38494041562080383, 1.1415079832077026, -1.0185459852218628]",,
357,Minecart,minecart,4,5,5,None,1,Left,"[0.3499999940395355, 1.149999976158142, -1.0199998617172241]",0.0006189555861055851,0.9989456534385681,true,true,0.02320113778114319,0.15691055357456207,0.050174593925476074,45.64226531982422,41997,true,true,true,true,49.10309600000619,8.451471300009871,"[0.31696876883506775, 1.1609547138214111, -0.9798576235771179]","[0.5828967690467834, 1.1832274198532104, -0.05749070644378662]",,
358,Minecart,minecart,4,5,5,None,2,Right,"[0.3499999940395355, 1.149999976158142, -1.0199998617172241]",0.0004329148505348712,0.9989456534385681,true,true,0.018074881285429,0.018230315297842026,0.05002427101135254,15.894102096557617,41997,true,true,false,true,48.44141169998329,9.647531199996592,"[0.37710443139076233, 1.1493514776229858, -1.0088337659835815]","[0.37731415033340454, 1.1496211290359497, -0.8530229330062866]",,
359,Minecart,minecart,4,6,5,None,2,Right,"[0.3499999940395355, 1.149999976158142, -0.9999998807907104]",0.0021989261731505394,0.9978000521659851,true,true,0.009611476212739944,0.052203383296728134,0.05006051063537598,18.857990264892578,41997,true,true,false,true,48.84607080000569,8.28103480002028,"[0.36441490054130554, 1.149750828742981, -0.9910666942596436]","[0.4277200400829315, 1.140466570854187, -0.9164427518844604]",,
360,Minecart,minecart,4,6,5,None,1,Left,"[0.3499999940395355, 1.149999976158142, -0.9999998807907104]",9.896752999338787e-07,0.9978000521659851,true,true,0.05317651480436325,0.13686342537403107,0.05014467239379883,36.00456237792969,41997,true,true,false,false,49.10032619998674,6.212988499988569,"[0.2715202271938324, 1.1642481088638306, -0.9226211905479431]","[0.5524890422821045, 1.18312406539917, -0.08525073528289795]",,
361,Minecart,minecart,4,7,2,Right,5,None,"[0.3499999940395355, 1.149999976158142, -0.9799998998641968]",6.644558015977964e-05,0.9999045133590698,true,true,0.0005458068917505443,0.029227804392576218,0.05046522617340088,0.37501639127731323,41997,false,true,false,true,49.478560599993216,8.51902180002071,"[0.3499999940395355, 1.149999976158142, -1.0891612768173218]","[0.3062676787376404, 1.1530359983444214, -1.0602763891220093]",,
362,Minecart,minecart,4,7,2,Right,4,Brake,"[0.3499999940395355, 1.149999976158142, -0.9799998998641968]",2.5310950150014833e-05,0.9999045133590698,true,true,0.030395671725273132,0.0190017931163311,0.05015343427658081,0.8135794997215271,41997,true,true,false,true,49.04997029999504,7.298886499978835,"[0.30468401312828064, 1.1449822187423706, -0.9495396614074707]","[0.32151520252227783, 1.1497756242752075, -1.1112865209579468]",,
363,Minecart,minecart,4,8,4,Brake,2,Right,"[0.3499999940395355, 1.149999976158142, -0.9599999189376831]",7.0673263508069795e-06,0.9999903440475464,true,false,0.018891489133238792,0.0,0.05008476972579956,-11.860018730163574,41997,true,true,true,true,48.36377959998208,9.610907399997814,"[0.3499999940395355, 1.121668815612793, -0.8817720413208008]","[0.3499999940395355, 1.149999976158142, -0.9599999189376831]",,
364,Minecart,minecart,4,8,4,Brake,5,None,"[0.3499999940395355, 1.149999976158142, -0.9599999189376831]",2.4852906790329143e-06,0.9999903440475464,false,false,0.7695501446723938,0.0,-0.11302101612091064,-12.905111312866211,41981,false,false,false,false,48.93637979999767,9.25491509999847,"[0.4498341679573059, 0.0, -0.9590412974357605]","[0.3499999940395355, 1.149999976158142, -0.9599999189376831]",,
365,Minecart,minecart,4,9,0,Mine,2,Right,"[0.3499999940395355, 1.149999976158142, -0.9399999380111694]",0.00032957750954665244,0.9996702671051025,true,true,0.00021456211106851697,0.011531392112374306,0.05016899108886719,0.8654999732971191,41997,true,true,false,true,48.883554000000004,9.527718499972252,"[0.3499999940395355, 1.149999976158142, -0.8970875144004822]","[0.33323824405670166, 1.154241919517517, -1.005170226097107]",,
366,Minecart,minecart,4,9,0,Mine,1,Left,"[0.3499999940395355, 1.149999976158142, -0.9399999380111694]",6.461723245365647e-08,0.9996702671051025,true,false,0.3060126304626465,0.0,0.05015861988067627,-16.554454803466797,41997,true,true,true,false,50.07936579998932,9.45000089998939,"[0.3499999940395355, 0.6909810304641724, -0.9399999380111694]","[0.3499999940395355, 1.149999976158142, -0.9399999380111694]",,
367,Minecart,minecart,6,0,3,Accelerate,5,None,"[0.4000000059604645, 1.100000023841858, -1.1399998664855957]",1.6907114286368596e-07,0.9999998807907104,false,false,0.750015914440155,0.0,-0.17950105667114258,-15.59294605255127,41981,false,false,false,false,49.37730769999325,7.2599875000014435,"[1.5, 1.0958813428878784, -32.5970344543457]","[0.4000000059604645, 1.100000023841858, -1.1399998664855957]",,
368,Minecart,minecart,6,0,3,Accelerate,1,Left,"[0.4000000059604645, 1.100000023841858, -1.1399998664855957]",3.534653125747411e-11,0.9999998807907104,true,false,0.7597372531890869,0.0,0.05917799472808838,-24.065820693969727,41997,true,true,true,true,47.790871599980164,8.345146700012265,"[0.1018630862236023, 0.00010073184967041016, -0.3213472366333008]","[0.4000000059604645, 1.100000023841858, -1.1399998664855957]",,
369,Minecart,minecart,6,1,5,None,1,Left,"[0.4000000059604645, 1.100000023841858, -1.0199998617172241]",0.0027405880391597748,0.9972525238990784,true,true,0.0011943037388846278,0.0032766410149633884,0.05014204978942871,1.359055757522583,41997,true,true,false,true,48.00335709998035,7.356911300012143,"[0.40172335505485535, 1.0999864339828491, -1.0852100849151611]","[0.39924901723861694, 1.095174789428711, -1.0942338705062866]",,
370,Minecart,minecart,6,1,5,None,2,Right,"[0.4000000059604645, 1.100000023841858, -1.0199998617172241]",6.842497896286659e-06,0.9972525238990784,true,true,0.06808367371559143,0.38029226660728455,0.05003988742828369,19.496524810791016,41997,true,true,false,true,48.42123770000762,9.611405199975707,"[0.4012359380722046, 1.091891884803772, -14.592750549316406]","[0.3562295734882355, 0.5312948226928711, -0.0]",,
371,Minecart,minecart,6,2,1,Left,5,None,"[0.4000000059604645, 1.100000023841858, -0.9999998807907104]",0.011637545190751553,0.9883224368095398,true,false,0.2574307322502136,0.0,0.05031585693359375,-4.4417724609375,41997,true,true,true,true,49.404836000001524,9.187693199986825,"[0.7694166898727417, 0.9875736236572266, -0.9142242670059204]","[0.4000000059604645, 1.100000023841858, -0.9999998807907104]",,
372,Minecart,minecart,6,2,1,Left,2,Right,"[0.4000000059604645, 1.100000023841858, -0.9999998807907104]",4.007203096989542e-05,0.9883224368095398,true,true,0.013608566485345364,0.32399502396583557,0.05023539066314697,5.162512302398682,41997,true,true,true,true,49.52399750001496,8.05068869999377,"[0.4203398823738098, 1.100000023841858, -0.7700686454772949]","[0.2621159255504608, 0.6339928507804871, -0.500350832939148]",,
373,Minecart,minecart,6,3,2,Right,5,None,"[0.4000000059604645, 1.100000023841858, -0.9799998998641968]",0.002383521990850568,0.997506320476532,true,true,0.0438573956489563,0.007918653078377247,0.05005216598510742,6.931211471557617,41997,true,true,true,false,49.36485240000184,8.513670700020157,"[0.33421391248703003, 1.100000023841858, -0.9799998998641968]","[0.41014742851257324, 1.0938862562179565, -0.8654521703720093]",,
374,Minecart,minecart,6,3,2,Right,1,Left,"[0.4000000059604645, 1.100000023841858, -0.9799998998641968]",0.00010831782128661871,0.997506320476532,true,false,0.11277720332145691,0.0,0.0513615608215332,-9.127943992614746,41997,true,true,true,true,48.21849239998846,7.945078599994304,"[0.2308523803949356, 1.100000023841858, -0.6493620276451111]","[0.4000000059604645, 1.100000023841858, -0.9799998998641968]",,
375,Minecart,minecart,6,4,5,None,1,Left,"[0.4000000059604645, 1.100000023841858, -0.9599999189376831]",0.0003548684762790799,0.9996442794799805,true,true,0.05032123252749443,0.011638393625617027,0.05000770092010498,0.8200144171714783,41997,true,true,true,true,48.927733399992576,7.47850679999101,"[0.37054869532585144, 1.030500888824463, -0.9599999189376831]","[0.4141799211502075, 1.089827060699463, -1.020851969718933]",,
376,Minecart,minecart,6,4,5,None,2,Right,"[0.4000000059604645, 1.100000023841858, -0.9599999189376831]",8.923510677050217e-07,0.9996442794799805,true,true,0.17285577952861786,0.09266413003206253,0.05088520050048828,0.07137298583984375,41997,true,true,false,false,48.08086890002596,8.06911820001551,"[0.39556917548179626, 0.8407806754112244, -0.4660399854183197]","[0.44127899408340454, 0.9696013331413269, -4.25893497467041]",,
377,Minecart,minecart,6,5,5,None,1,Left,"[0.4000000059604645, 1.100000023841858, -0.9399999380111694]",0.00013012842100579292,0.999869704246521,true,true,0.00027920902357436717,0.03880704194307327,0.05019044876098633,0.2053319215774536,41997,true,true,true,true,49.12348940002266,8.186167400010163,"[0.4000000059604645, 1.100000023841858, -0.8841581344604492]","[0.3471662402153015, 1.1244298219680786, -1.0063451528549194]",,
378,Minecart,minecart,6,5,5,None,2,Right,"[0.4000000059604645, 1.100000023841858, -0.9399999380111694]",1.5390764929179568e-07,0.999869704246521,true,false,0.45223450660705566,0.026478959247469902,0.05053603649139404,0.02045142650604248,41997,true,true,true,true,49.35158670000965,7.6468853999977,"[0.4000000059604645, 0.4216517210006714, -0.6523877382278442]","[0.38684073090553284, 1.06288743019104, -1.633374571800232]",,
379,Minecart,minecart,6,6,1,Left,5,None,"[0.4000000059604645, 1.100000023841858, -0.9199999570846558]",1.7726627277170337e-08,1.0,true,false,0.6607561707496643,0.0,0.05001252889633179,-17.84819793701172,41997,true,true,false,false,48.716562200017506,9.461465999978827,"[1.106282114982605, 0.4046943783760071, -1.9759788513183594]","[0.4000000059604645, 1.100000023841858, -0.9199999570846558]",,
380,Minecart,minecart,6,6,1,Left,2,Right,"[0.4000000059604645, 1.100000023841858, -0.9199999570846558]",3.633133571767644e-09,1.0,true,true,0.46663615107536316,0.11429239809513092,0.05001330375671387,0.22584033012390137,41997,true,true,false,false,48.06733379999059,7.264881000010064,"[0.4000000059604645, 0.40004581212997437, -0.9199999570846558]","[0.24148505926132202, 1.0347588062286377, -1.2921007871627808]",,
381,Minecart,minecart,6,7,1,Left,5,None,"[0.4000000059604645, 1.100000023841858, -0.8999999761581421]",5.0993812692468055e-06,0.9999947547912598,false,true,0.7360914945602417,0.08033174276351929,-0.979485809803009,0.1493384838104248,41981,false,false,false,false,50.477762900001835,8.199504800024442,"[0.4954935908317566, 0.0, -0.8991012573242188]","[0.4312576651573181, 0.9836618304252625, -1.2784942388534546]",,
382,Minecart,minecart,6,7,1,Left,2,Right,"[0.4000000059604645, 1.100000023841858, -0.8999999761581421]",1.0842696696045095e-07,0.9999947547912598,true,true,0.07821580022573471,0.02115972526371479,0.050188302993774414,0.15333032608032227,41997,true,true,true,true,49.210252999997465,8.585527399991406,"[0.477489173412323, 1.0119075775146484, -0.8999999761581421]","[0.4129275679588318, 1.0711406469345093, -1.263098120689392]",,
383,Minecart,minecart,6,8,4,Brake,1,Left,"[0.4000000059604645, 1.100000023841858, -0.8799999952316284]",2.1524946269835254e-09,1.0,true,false,0.055054400116205215,0.0,0.05020713806152344,-19.95663833618164,41997,true,true,true,true,48.17974820002564,8.271062499989057,"[0.3174193799495697, 1.100000023841858, -0.8265542387962341]","[0.4000000059604645, 1.100000023841858, -0.8799999952316284]",,
384,Minecart,minecart,6,8,4,Brake,5,None,"[0.4000000059604645, 1.100000023841858, -0.8799999952316284]",2.659978348695802e-10,1.0,false,false,0.5538236498832703,0.0,-0.18090331554412842,-22.04753303527832,41981,false,false,false,false,47.726031300000614,9.165063599997666,"[0.0, 1.102874517440796, -97.95848083496094]","[0.4000000059604645, 1.100000023841858, -0.8799999952316284]",,
385,Minecart,minecart,6,9,1,Left,0,Mine,"[0.4000000059604645, 1.100000023841858, -0.8600000143051147]",0.03536805883049965,0.9646169543266296,true,false,0.24740448594093323,0.01804085075855255,0.050006866455078125,0.0191878080368042,41997,true,true,false,false,48.184921899985056,8.316295199998422,"[0.41617637872695923, 0.966193437576294, -46.96217346191406]","[0.4026629626750946, 1.0731078386306763, -1.0500482320785522]",,
386,Minecart,minecart,6,9,1,Left,5,None,"[0.4000000059604645, 1.100000023841858, -0.8600000143051147]",1.4507962077914272e-05,0.9646169543266296,false,false,0.7548466324806213,0.0,-0.29184257984161377,-11.104788780212402,41981,false,false,false,false,49.59584449999966,7.139889299985953,"[1.5, 0.8346083760261536, -6.1976847648620605]","[0.4000000059604645, 1.100000023841858, -0.8600000143051147]",,
387,Minecart,minecart,8,0,3,Accelerate,5,None,"[0.6000000238418579, 0.4000000059604645, -0.779999852180481]",3.7133649488652054e-09,1.0,false,false,0.8417826890945435,0.0,-0.03865039348602295,-19.411327362060547,41981,false,false,false,false,49.140101400000276,8.23431649999111,"[1.2190172672271729, 1.5, -5.328065872192383]","[0.6000000238418579, 0.4000000059604645, -0.779999852180481]",,
388,Minecart,minecart,8,0,3,Accelerate,1,Left,"[0.6000000238418579, 0.4000000059604645, -0.779999852180481]",6.53128870431452e-11,1.0,true,false,0.44352978467941284,0.0,0.05038189888000488,-23.451831817626953,41997,true,true,true,true,48.88060260002385,7.03653799998574,"[0.0009034276008605957, 0.11070951819419861, -0.3326822817325592]","[0.6000000238418579, 0.4000000059604645, -0.779999852180481]",,
389,Minecart,minecart,8,1,2,Right,5,None,"[0.6000000238418579, 0.4000000059604645, -0.6599998474121094]",0.018980812281370163,0.9810189604759216,true,false,0.08418162167072296,0.0,0.05014348030090332,-3.9451632499694824,41997,true,true,false,true,48.56868610001402,9.473940500000026,"[0.5867544412612915, 0.5255752801895142, -0.7083510160446167]","[0.6000000238418579, 0.4000000059604645, -0.6599998474121094]",,
390,Minecart,minecart,8,1,2,Right,1,Left,"[0.6000000238418579, 0.4000000059604645, -0.6599998474121094]",2.3516466285400384e-07,0.9810189604759216,true,true,0.06012978032231331,0.15540243685245514,0.05001974105834961,0.988534688949585,41997,true,true,false,true,49.68407380001736,7.3823268999985885,"[0.5928327441215515, 0.4889283776283264, -2.4261155128479004]","[0.41891157627105713, 0.5467767715454102, -0.7844963073730469]",,
391,Minecart,minecart,8,2,5,None,1,Left,"[0.6000000238418579, 0.4000000059604645, -0.6399998664855957]",0.0170857273042202,0.9828693270683289,true,false,0.030502023175358772,0.0,0.05000197887420654,-4.05223274230957,41997,true,true,true,true,50.65195650001988,9.165452099987306,"[0.6000000238418579, 0.41341015696525574, -6.4724884033203125]","[0.6000000238418579, 0.4000000059604645, -0.6399998664855957]",,
392,Minecart,minecart,8,2,5,None,2,Right,"[0.6000000238418579, 0.4000000059604645, -0.6399998664855957]",4.498658745433204e-05,0.9828693270683289,true,true,0.04510562866926193,0.29485905170440674,0.05004847049713135,0.4385315775871277,41997,true,true,true,false,49.56340159999672,7.461923599999864,"[0.6000000238418579, 0.4000000059604645, -9.661125183105469]","[0.15966802835464478, 0.4410638213157654, -1.4902195930480957]",,
393,Minecart,minecart,8,3,5,None,1,Left,"[0.6000000238418579, 0.4000000059604645, -0.619999885559082]",1.5066437981658964e-06,0.9999983310699463,true,true,0.011976330541074276,0.15850865840911865,0.05001068115234375,1.5377529859542847,41997,true,true,true,true,48.48890160000883,9.847680700011551,"[0.6000000238418579, 0.4000000059604645, -3.015265941619873]","[0.3966395854949951, 0.5231896042823792, -0.6592912673950195]",,
394,Minecart,minecart,8,3,5,None,2,Right,"[0.6000000238418579, 0.4000000059604645, -0.619999885559082]",2.0581882154147024e-07,0.9999983310699463,true,true,0.15342001616954803,0.3149667978286743,0.05032181739807129,7.756932258605957,41997,true,true,true,false,48.46709089999786,8.342865400016308,"[0.8301274180412292, 0.4011000096797943, -0.619999885559082]","[0.17609545588493347, 0.19142115116119385, -0.22107410430908203]",,
395,Minecart,minecart,8,4,1,Left,5,None,"[0.6000000238418579, 0.4000000059604645, -0.5999999046325684]",1.2723477084364276e-05,0.9999872446060181,true,true,0.4324217736721039,0.247640460729599,0.05001425743103027,0.12201440334320068,41997,true,true,false,false,49.110027699993225,9.798299999994924,"[1.2485504150390625, 0.4046023488044739, -1.8330618143081665]","[0.9403320550918579, 0.2511763572692871, -0.9927916526794434]",,
396,Minecart,minecart,8,4,1,Left,2,Right,"[0.6000000238418579, 0.4000000059604645, -0.5999999046325684]",4.981296191503004e-12,0.9999872446060181,true,false,0.2001734972000122,0.0,0.05013000965118408,-26.025318145751953,41997,true,true,false,true,48.83184790000087,9.520772400021087,"[0.890565812587738, 0.4756547808647156, -0.8702800273895264]","[0.6000000238418579, 0.4000000059604645, -0.5999999046325684]",,
397,Minecart,minecart,8,5,2,Right,5,None,"[0.6000000238418579, 0.4000000059604645, -0.5799999237060547]",6.115733253153621e-09,1.0,true,false,0.10805563628673553,0.0,0.050037384033203125,-18.91240119934082,41997,true,true,false,true,48.932529199984856,9.580271000013454,"[0.7364349961280823, 0.3125602602958679, -1.0188056230545044]","[0.6000000238418579, 0.4000000059604645, -0.5799999237060547]",,
398,Minecart,minecart,8,5,2,Right,1,Left,"[0.6000000238418579, 0.4000000059604645, -0.5799999237060547]",3.169322582152745e-09,1.0,true,true,0.0005044913268648088,0.0037543552462011576,0.05055767297744751,0.05202507972717285,41997,true,true,true,false,48.60177109998767,7.1179813999915496,"[0.6000000238418579, 0.4000000059604645, -0.47910165786743164]","[0.5955309271812439, 0.3966127634048462, -0.6490154266357422]",,
399,Minecart,minecart,8,6,1,Left,5,None,"[0.6000000238418579, 0.4000000059604645, -0.559999942779541]",1.7686963929008925e-06,0.9999982118606567,true,false,0.11329121142625809,0.0,0.05019211769104004,-13.24526596069336,41997,true,true,false,false,49.89869550001458,9.330003300012322,"[0.7591232657432556, 0.3404272794723511, -0.9689022302627563]","[0.6000000238418579, 0.4000000059604645, -0.559999942779541]",,
400,Minecart,minecart,8,6,1,Left,2,Right,"[0.6000000238418579, 0.4000000059604645, -0.559999942779541]",1.2518071024203437e-08,0.9999982118606567,true,true,0.00045847773435525596,0.02044912613928318,0.05034303665161133,6.901473045349121,41997,true,true,false,false,49.5446629000071,6.148652900010347,"[0.6000000238418579, 0.4000000059604645, -0.4683043956756592]","[0.6297529935836792, 0.4073971211910248, -0.4322075843811035]",,
401,Minecart,minecart,8,7,1,Left,5,None,"[0.6000000238418579, 0.4000000059604645, -0.5399999618530273]",2.371327023631409e-10,1.0,true,false,0.007833988405764103,0.07092292606830597,0.05003976821899414,0.015033841133117676,41997,true,true,true,true,49.87845809999271,9.441898299992317,"[0.6000000238418579, 0.4000000059604645, -2.106797695159912]","[0.49978089332580566, 0.36500662565231323, -1.4755010604858398]",,
402,Minecart,minecart,8,7,1,Left,2,Right,"[0.6000000238418579, 0.4000000059604645, -0.5399999618530273]",7.569031512666413e-11,1.0,true,true,0.03870096802711487,0.124200239777565,0.05004453659057617,0.2886981964111328,41997,true,true,false,true,49.288312199991196,8.281658000021707,"[0.6079304814338684, 0.34257379174232483, -0.9468083381652832]","[0.4764086902141571, 0.2606108486652374, -0.7954015731811523]",,
403,Minecart,minecart,8,8,1,Left,2,Right,"[0.6000000238418579, 0.4000000059604645, -0.5199999809265137]",2.7692101056686624e-08,1.0,true,true,0.007054087705910206,0.03798353672027588,0.050005197525024414,0.9194965362548828,41997,true,true,true,true,49.645469800016144,8.585424699995201,"[0.6000000238418579, 0.3944966197013855, -1.7249754667282104]","[0.578105092048645, 0.34742823243141174, -0.7511706352233887]",,
404,Minecart,minecart,8,8,1,Left,4,Brake,"[0.6000000238418579, 0.4000000059604645, -0.5199999809265137]",1.155629636429012e-08,1.0,true,true,0.04119373485445976,0.10588067024946213,0.05006128549575806,3.59381103515625,41997,true,true,false,false,48.53942799998913,8.315479400014738,"[0.6337493658065796, 0.348358154296875, -0.9853267669677734]","[0.7200304269790649, 0.29599711298942566, -0.45861387252807617]",,
405,Minecart,minecart,8,9,4,Brake,1,Left,"[0.6000000238418579, 0.4000000059604645, -0.4999999701976776]",5.567533662542701e-06,0.9999943971633911,true,true,0.03165940195322037,0.23923344910144806,0.05023956298828125,1.488595724105835,41997,true,true,true,true,48.06478629997582,8.636063699988881,"[0.5525110363960266, 0.4000000059604645, -0.4858262836933136]","[0.3448602557182312, 0.6523416042327881, -0.6234893798828125]",,
406,Minecart,minecart,8,9,4,Brake,2,Right,"[0.6000000238418579, 0.4000000059604645, -0.4999999701976776]",5.326488139445473e-10,0.9999943971633911,true,true,0.00196927972137928,0.11523476988077164,0.05000418424606323,0.07520854473114014,41997,true,true,true,true,48.84319129999494,8.564017600001534,"[0.6000000238418579, 0.4000000059604645, -0.8938559293746948]","[0.43185335397720337, 0.43981432914733887, -1.0870513916015625]",,
407,Minecart,minecart,10,0,3,Accelerate,2,Right,"[0.6499999761581421, 0.8500000238418579, -1.1999998092651367]",4.1560462705092505e-05,0.9999299049377441,true,false,0.0022747099865227938,0.0,0.055153846740722656,-10.08829116821289,41997,true,true,true,false,49.478603499999736,9.474313999991864,"[0.6499999761581421, 0.8500000238418579, -0.7450578212738037]","[0.6499999761581421, 0.8500000238418579, -1.1999998092651367]",,
408,Minecart,minecart,10,0,3,Accelerate,5,None,"[0.6499999761581421, 0.8500000238418579, -1.1999998092651367]",2.0830399080296047e-05,0.9999299049377441,false,false,0.6610066294670105,0.0,-1.6575050354003906,-10.779026985168457,41981,false,false,false,false,49.2342520999955,8.123423900018679,"[1.1604821681976318, 0.0, -1.1987459659576416]","[0.6499999761581421, 0.8500000238418579, -1.1999998092651367]",,
409,Minecart,minecart,10,1,1,Left,5,None,"[0.6499999761581421, 0.8500000238418579, -1.0799998044967651]",0.11476026475429535,0.8851332664489746,true,false,0.02698902040719986,0.0,0.05007612705230713,-2.0428929328918457,41997,true,true,true,true,48.69708909999463,9.262542099982966,"[0.6499999761581421, 0.8904707431793213, -0.9442182779312134]","[0.6499999761581421, 0.8500000238418579, -1.0799998044967651]",,
410,Minecart,minecart,10,1,1,Left,2,Right,"[0.6499999761581421, 0.8500000238418579, -1.0799998044967651]",0.0001003167126327753,0.8851332664489746,true,true,0.0819692313671112,0.06216641888022423,0.050003767013549805,26.56554412841797,41997,true,true,true,true,49.82372019998729,8.777935599995544,"[0.6499999761581421, 0.8500000238418579, -17.473846435546875]","[0.6960389018058777, 0.9310085773468018, -0.5896433591842651]",,
411,Minecart,minecart,10,2,2,Right,5,None,"[0.6499999761581421, 0.8500000238418579, -1.0599998235702515]",0.1962817758321762,0.8032244443893433,true,false,0.08128631860017776,0.0,0.05003023147583008,-1.4090828895568848,41997,true,true,false,true,49.50366779998876,8.511100600007921,"[0.5773967504501343, 0.9479562640190125, -1.1108757257461548]","[0.6499999761581421, 0.8500000238418579, -1.0599998235702515]",,
412,Minecart,minecart,10,2,2,Right,1,Left,"[0.6499999761581421, 0.8500000238418579, -1.0599998235702515]",0.0004900363855995238,0.8032244443893433,true,false,0.004497834015637636,0.0,0.06422948837280273,-7.401909828186035,41997,true,true,false,false,47.821890199993504,8.629814199986868,"[0.6499999761581421, 0.8500000238418579, -0.16043299436569214]","[0.6499999761581421, 0.8500000238418579, -1.0599998235702515]",,
413,Minecart,minecart,10,3,1,Left,5,None,"[0.6499999761581421, 0.8500000238418579, -1.0399998426437378]",0.02333204075694084,0.9764387607574463,true,false,0.1330372542142868,0.2797871232032776,0.05001950263977051,0.018509507179260254,41997,true,true,false,false,48.91922679997515,9.002191800012952,"[0.8462486267089844, 0.8162887692451477, -2.7915244102478027]","[0.8078204393386841, 0.4611324071884155, -1.3815983533859253]",,
414,Minecart,minecart,10,3,1,Left,3,Accelerate,"[0.6499999761581421, 0.8500000238418579, -1.0399998426437378]",0.0001629627076908946,0.9764387607574463,false,false,0.4387967586517334,0.0,-0.39917516708374023,-8.698145866394043,41981,false,false,false,false,48.65711870000814,8.970873899990693,"[0.6424576044082642, 1.5, -14.80885124206543]","[0.6499999761581421, 0.8500000238418579, -1.0399998426437378]",,
415,Minecart,minecart,10,4,2,Right,5,None,"[0.6499999761581421, 0.8500000238418579, -1.0199998617172241]",0.008094261400401592,0.9917656779289246,true,true,0.08137708157300949,0.09993172436952591,0.0500340461730957,0.20633745193481445,41997,true,true,true,true,49.38426709998748,8.541703399998369,"[0.5333681702613831, 0.886014461517334, -1.0199998617172241]","[0.5098897814750671, 0.7967299818992615, -1.1333268880844116]",,
416,Minecart,minecart,10,4,2,Right,1,Left,"[0.6499999761581421, 0.8500000238418579, -1.0199998617172241]",0.00013752476661466062,0.9917656779289246,true,false,0.23348687589168549,0.0,0.05023646354675293,-8.883438110351562,41997,true,true,true,true,49.86582899998757,9.375660299992887,"[0.29981911182403564, 0.8443642854690552, -0.7942267656326294]","[0.6499999761581421, 0.8500000238418579, -1.0199998617172241]",,
417,Minecart,minecart,10,5,1,Left,5,None,"[0.6499999761581421, 0.8500000238418579, -0.9999998807907104]",0.005882117431610823,0.9939060807228088,true,true,0.13235525786876678,0.17677657306194305,0.0511322021484375,0.5344473123550415,41997,true,true,true,true,48.7038082999934,9.551048599998467,"[0.6499999761581421, 0.6514900326728821, -0.598025918006897]","[0.8289351463317871, 0.6543645858764648, -1.6166075468063354]",,
418,Minecart,minecart,10,5,1,Left,3,Accelerate,"[0.6499999761581421, 0.8500000238418579, -0.9999998807907104]",0.0002011367178056389,0.9939060807228088,false,false,0.5688477754592896,0.0,-0.09329390525817871,-8.505413055419922,41981,false,false,false,false,49.421222300006775,8.290867200004868,"[0.693087637424469, 0.0, -9.127781867980957]","[0.6499999761581421, 0.8500000238418579, -0.9999998807907104]",,
419,Minecart,minecart,10,6,2,Right,5,None,"[0.6499999761581421, 0.8500000238418579, -0.9799998998641968]",4.281140718376264e-05,0.9999525547027588,true,false,0.2017788141965866,0.0,0.050385475158691406,-10.058658599853516,41997,true,true,false,false,49.294981699989876,7.471656800014898,"[0.35974347591400146, 0.9357849955558777, -1.0313668251037598]","[0.6499999761581421, 0.8500000238418579, -0.9799998998641968]",,
420,Minecart,minecart,10,6,2,Right,1,Left,"[0.6499999761581421, 0.8500000238418579, -0.9799998998641968]",4.300681666791206e-06,0.9999525547027588,true,false,0.08682093769311905,0.0,0.050058841705322266,-12.356689453125,41997,true,true,true,true,49.243116700003156,9.49640730000101,"[0.5745046734809875, 0.9560692310333252, -0.558347225189209]","[0.6499999761581421, 0.8500000238418579, -0.9799998998641968]",,
421,Minecart,minecart,10,7,5,None,2,Right,"[0.6499999761581421, 0.8500000238418579, -0.9599999189376831]",0.007756211329251528,0.9920611381530762,true,true,0.008176855742931366,0.011963245458900928,0.050178587436676025,0.2322523593902588,41997,true,true,false,true,48.60333049998735,6.201316899998346,"[0.6377463936805725, 0.8496381044387817, -0.9073550701141357]","[0.6415791511535645, 0.8658451437950134, -0.9332817792892456]",,
422,Minecart,minecart,10,7,5,None,1,Left,"[0.6499999761581421, 0.8500000238418579, -0.9599999189376831]",0.0001809770183172077,0.9920611381530762,true,true,0.11145061999559402,0.05654788389801979,0.0501018762588501,0.23532748222351074,41997,true,true,true,true,48.51439520000713,9.503485900000669,"[0.4847787022590637, 0.8754713535308838, -0.8311617970466614]","[0.5686758160591125, 0.8740453124046326, -1.188912272453308]",,
423,Minecart,minecart,10,8,2,Right,4,Brake,"[0.6499999761581421, 0.8500000238418579, -0.9399999380111694]",0.4202969968318939,0.5795665383338928,true,true,0.006253900937736034,0.016137966886162758,0.05000662803649902,0.45632490515708923,41997,true,true,false,false,49.66909909999231,8.328110000002198,"[0.6415000557899475, 0.8539687395095825, -0.9357417821884155]","[0.6315221190452576, 0.8656378984451294, -0.9337743520736694]",,
424,Minecart,minecart,10,8,2,Right,5,None,"[0.6499999761581421, 0.8500000238418579, -0.9399999380111694]",0.00010133975592907518,0.5795665383338928,false,false,0.5936170220375061,0.04361545667052269,0.04307889938354492,0.03117835521697998,41981,false,false,false,false,49.52363090001745,9.790220199996838,"[0.9149806499481201, 5.960464477539063e-08, -2.5342869758605957]","[0.6444727778434753, 0.7848459482192993, -1.2256444692611694]",,
425,Minecart,minecart,10,9,4,Brake,2,Right,"[0.6499999761581421, 0.8500000238418579, -0.9199999570846558]",1.0164537798118545e-06,0.999998927116394,true,true,0.0878879725933075,0.18629692494869232,0.050368547439575195,19.115095138549805,41997,true,true,false,true,47.81995530001586,9.354378800024278,"[0.6499228477478027, 0.718168318271637, -0.8872665166854858]","[0.42572450637817383, 0.6833482384681702, -0.36355769634246826]",,
426,Minecart,minecart,10,9,4,Brake,1,Left,"[0.6499999761581421, 0.8500000238418579, -0.9199999570846558]",1.0102672831635573e-07,0.999998927116394,true,false,0.185532808303833,0.0,0.05015754699707031,-16.107879638671875,41997,true,true,true,true,49.745678300008876,8.861988299991935,"[0.3717227578163147, 0.8500000238418579, -0.45333853363990784]","[0.6499999761581421, 0.8500000238418579, -0.9199999570846558]",,
427,Minecart,minecart,11,0,3,Accelerate,2,Right,"[0.699999988079071, 0.800000011920929, -1.1999998092651367]",0.00010337989078834653,0.9998218417167664,true,true,0.04615703597664833,0.35441312193870544,0.05903816223144531,56.024261474609375,41997,true,true,true,true,49.6843763999932,9.786398399999598,"[0.6308574676513672, 0.800000011920929, -0.7215984463691711]","[1.2222900390625, 0.7009166479110718, -0.6822996139526367]",,
428,Minecart,minecart,11,0,3,Accelerate,1,Left,"[0.699999988079071, 0.800000011920929, -1.1999998092651367]",4.665094820666127e-05,0.9998218417167664,true,false,0.6548255085945129,0.0,0.05178022384643555,-9.972639083862305,41997,true,true,true,true,49.947621100000106,8.892763400013791,"[0.05789506435394287, 0.05672895908355713, -0.3427179455757141]","[0.699999988079071, 0.800000011920929, -1.1999998092651367]",,
429,Minecart,minecart,11,1,1,Left,5,None,"[0.699999988079071, 0.800000011920929, -1.0799998044967651]",0.4310063123703003,0.5689066648483276,true,true,0.0006567782256752253,0.0075783501379191875,0.050055503845214844,0.661008358001709,41997,true,true,true,true,48.713176499994006,9.83056669999496,"[0.699999988079071, 0.800000011920929, -0.9486441612243652]","[0.7100740075111389, 0.794734537601471, -1.0669687986373901]",,
430,Minecart,minecart,11,1,1,Left,2,Right,"[0.699999988079071, 0.800000011920929, -1.0799998044967651]",6.797372043365613e-05,0.5689066648483276,true,true,0.08424846082925797,0.11014151573181152,0.05000627040863037,22.120563507080078,41997,true,true,true,true,47.72724340000423,9.336003700009314,"[0.699999988079071, 0.7992001175880432, -17.929353713989258]","[0.8142880201339722, 0.9192519783973694, -0.6121805906295776]",,
431,Minecart,minecart,11,2,2,Right,5,None,"[0.699999988079071, 0.800000011920929, -1.0599998235702515]",0.207159161567688,0.791916012763977,true,false,0.12926815450191498,0.0,0.05005025863647461,-1.3409680128097534,41997,true,true,false,true,49.544304000010015,9.92328180000186,"[0.5649617314338684, 0.939149796962738, -1.0989478826522827]","[0.699999988079071, 0.800000011920929, -1.0599998235702515]",,
432,Minecart,minecart,11,2,2,Right,1,Left,"[0.699999988079071, 0.800000011920929, -1.0599998235702515]",0.0008691835682839155,0.791916012763977,true,false,0.004518537316471338,0.0,0.05782127380371094,-6.8146562576293945,41997,true,true,false,false,48.77303659997415,9.51167379997787,"[0.699999988079071, 0.800000011920929, -0.1562923789024353]","[0.699999988079071, 0.800000011920929, -1.0599998235702515]",,
433,Minecart,minecart,11,3,1,Left,5,None,"[0.699999988079071, 0.800000011920929, -1.0399998426437378]",0.00508906552568078,0.9948881268501282,true,true,0.06305801123380661,0.11811281740665436,0.05002802610397339,0.35994160175323486,41997,true,true,true,true,49.573416400002316,9.505490299983649,"[0.7760812044143677, 0.744868814945221, -2.4939017295837402]","[0.8253209590911865, 0.6747658848762512, -1.0317600965499878]",,
434,Minecart,minecart,11,3,1,Left,2,Right,"[0.699999988079071, 0.800000011920929, -1.0399998426437378]",1.071570750355022e-05,0.9948881268501282,true,true,0.13602995872497559,0.18059517443180084,0.05005216598510742,1.014622688293457,41997,true,true,false,true,50.18291520001367,8.219732700003078,"[0.8268265128135681, 0.6401587128639221, -0.9915745258331299]","[0.7746527194976807, 0.5395969152450562, -1.0021885633468628]",,
435,Minecart,minecart,11,4,2,Right,5,None,"[0.699999988079071, 0.800000011920929, -1.0199998617172241]",0.01563764549791813,0.9842066764831543,true,true,0.12353608757257462,0.14202186465263367,0.05004322528839111,0.24493741989135742,41997,true,true,true,true,49.298899099987466,9.505483900022227,"[0.5288225412368774, 0.8709641098976135, -1.0199998617172241]","[0.4963168501853943, 0.7376280426979065, -1.3435167074203491]",,
436,Minecart,minecart,11,4,2,Right,1,Left,"[0.699999988079071, 0.800000011920929, -1.0199998617172241]",0.00015182174684014171,0.9842066764831543,true,true,0.26520976424217224,0.4667859673500061,0.05074584484100342,0.05727183818817139,41997,true,true,true,true,50.2462715000147,9.44927959999768,"[0.30218926072120667, 0.800000011920929, -0.7843873500823975]","[0.7267444729804993, 0.10033202171325684, -1.0256456136703491]",,
437,Minecart,minecart,11,5,1,Left,5,None,"[0.699999988079071, 0.800000011920929, -0.9999998807907104]",0.008682230487465858,0.9912742972373962,true,true,0.10594496876001358,0.15059113502502441,0.051601409912109375,0.36511456966400146,41997,true,true,true,true,49.721169099997496,9.633616099978099,"[0.699999988079071, 0.6411075592041016, -0.6242194175720215]","[0.8129141330718994, 0.6043857336044312, -1.427017092704773]",,
438,Minecart,minecart,11,5,1,Left,3,Accelerate,"[0.699999988079071, 0.800000011920929, -0.9999998807907104]",4.037661710754037e-05,0.9912742972373962,false,false,0.5349263548851013,0.0,-0.0929955244064331,-10.108495712280273,41981,false,false,false,false,48.657293199998094,9.447507799981395,"[0.7066306471824646, 0.0, -9.202938079833984]","[0.699999988079071, 0.800000011920929, -0.9999998807907104]",,
439,Minecart,minecart,11,6,2,Right,5,None,"[0.699999988079071, 0.800000011920929, -0.9799998998641968]",0.00018444193119648844,0.9997979998588562,true,false,0.17151984572410583,0.0,0.05006784200668335,-8.597973823547363,41997,true,true,false,false,48.66452049999498,9.66785530000925,"[0.645632266998291, 1.0514663457870483, -1.1545069217681885]","[0.699999988079071, 0.800000011920929, -0.9799998998641968]",,
440,Minecart,minecart,11,6,2,Right,1,Left,"[0.699999988079071, 0.800000011920929, -0.9799998998641968]",1.254366543435026e-05,0.9997979998588562,true,false,0.1322583705186844,0.0,0.05021190643310547,-11.286092758178711,41997,true,true,true,false,47.653618500015,8.401880699995672,"[0.5865445733070374, 0.9627127051353455, -0.5567651987075806]","[0.699999988079071, 0.800000011920929, -0.9799998998641968]",,
441,Minecart,minecart,11,7,5,None,2,Right,"[0.699999988079071, 0.800000011920929, -0.9599999189376831]",0.22410368919372559,0.77537602186203,true,true,0.006814122200012207,0.019366677850484848,0.05000215768814087,3.8447065353393555,41997,true,true,true,false,49.27370019999216,9.456403799995314,"[0.699999988079071, 0.7897788286209106, -0.9599999189376831]","[0.7209568619728088, 0.779882550239563, -0.9632042646408081]",,
442,Minecart,minecart,11,7,5,None,1,Left,"[0.699999988079071, 0.800000011920929, -0.9599999189376831]",0.00050896848551929,0.77537602186203,true,false,0.13917659223079681,0.0,0.05002504587173462,-7.328717231750488,41997,true,true,true,true,48.65080049997778,9.243952999997418,"[0.493405818939209, 0.8300023078918457, -0.7972412705421448]","[0.699999988079071, 0.800000011920929, -0.9599999189376831]",,
443,Minecart,minecart,11,8,2,Right,4,Brake,"[0.699999988079071, 0.800000011920929, -0.9399999380111694]",1.4585937606170774e-05,0.9999805688858032,true,true,0.04849526286125183,0.07262250036001205,0.05020904541015625,0.3110273480415344,41997,true,true,true,true,48.91318830000819,9.637107200018363,"[0.6424152851104736, 0.8444469571113586, -0.9399999380111694]","[0.5991842150688171, 0.7587504386901855, -1.0869420766830444]",,
444,Minecart,minecart,11,8,2,Right,5,None,"[0.699999988079071, 0.800000011920929, -0.9399999380111694]",4.37317430623807e-06,0.9999805688858032,false,false,0.5421949625015259,0.030157558619976044,0.044620394706726074,0.0321807861328125,41981,false,false,false,false,48.990571399976034,8.478458700003102,"[0.8460279107093811, 0.0, -2.4024906158447266]","[0.6559309959411621, 0.7900456786155701, -1.2429174184799194]",,
445,Minecart,minecart,11,9,4,Brake,2,Right,"[0.699999988079071, 0.800000011920929, -0.9199999570846558]",0.0001684933085925877,0.9998268485069275,true,true,0.03098495863378048,0.05151727795600891,0.050189971923828125,4.263146877288818,41997,true,true,true,false,49.09695469998405,7.261229800002184,"[0.699999988079071, 0.7535225749015808, -0.9199999570846558]","[0.7552555799484253, 0.7459779381752014, -0.9270342588424683]",,
446,Minecart,minecart,11,9,4,Brake,1,Left,"[0.699999988079071, 0.800000011920929, -0.9199999570846558]",3.5415405363892205e-06,0.9998268485069275,true,true,0.29723989963531494,0.3286077380180359,0.05164146423339844,0.05153191089630127,41997,true,true,true,true,49.52924360000179,9.422558599995682,"[0.497012197971344, 1.1969578266143799, -0.46892330050468445]","[1.0558621883392334, 0.45894870162010193, -1.2967852354049683]",,
447,Minecart,minecart,13,0,3,Accelerate,5,None,"[0.800000011920929, 0.0, -0.7399998903274536]",2.466010726241523e-14,1.0,false,false,1.0334912538528442,0.0,-0.031893253326416016,-31.333589553833008,41981,false,false,false,false,49.601971299998695,9.481069600005867,"[0.41298335790634155, 1.4999998807907104, -8.575053215026855]","[0.800000011920929, 0.0, -0.7399998903274536]",,
448,Minecart,minecart,13,0,3,Accelerate,2,Right,"[0.800000011920929, 0.0, -0.7399998903274536]",2.4634623578056646e-18,1.0,true,true,0.09364541620016098,0.03552231565117836,0.050591468811035156,12.002584457397461,41997,true,true,true,true,48.81185749999713,9.484540099976584,"[0.800000011920929, 0.14046552777290344, -0.6263516545295715]","[0.746738851070404, 0.0, -0.5344182252883911]",,
449,Minecart,minecart,13,1,2,Right,5,None,"[0.800000011920929, 0.0, -0.619999885559082]",0.007977278903126717,0.9920222759246826,true,true,0.27212080359458923,0.40110695362091064,0.050158023834228516,0.09899961948394775,41997,true,true,true,true,49.791963299998315,7.23440240000491,"[0.7715349793434143, 0.40698155760765076, -2.346405506134033]","[0.19834375381469727, 0.0012537166476249695, -0.8680315017700195]",,
450,Minecart,minecart,13,1,2,Right,1,Left,"[0.800000011920929, 0.0, -0.619999885559082]",4.900054477730009e-07,0.9920222759246826,true,false,0.1542114019393921,0.0,0.05000567436218262,-14.52083969116211,41997,true,true,true,true,49.33887569999206,9.71852329999092,"[0.800000011920929, 0.22252002358436584, -9.044774055480957]","[0.800000011920929, 0.0, -0.619999885559082]",,
451,Minecart,minecart,13,2,5,None,1,Left,"[0.800000011920929, 0.0, -0.5999999046325684]",0.0021384728606790304,0.9978587031364441,true,true,0.12988808751106262,0.42509326338768005,0.05000436305999756,0.05784296989440918,41997,true,true,true,true,48.2547558999795,9.576402999984566,"[0.800000011920929, 0.18261781334877014, -9.653221130371094]","[0.16236108541488647, 0.0, -0.45054006576538086]",,
452,Minecart,minecart,13,2,5,None,2,Right,"[0.800000011920929, 0.0, -0.5999999046325684]",2.8275260319787776e-06,0.9978587031364441,true,false,0.07961992919445038,0.0,0.050071001052856445,-12.773964881896973,41997,true,true,false,true,48.50947780002025,8.307480400020722,"[0.8009154200553894, 0.012868788093328476, -16.430803298950195]","[0.800000011920929, 0.0, -0.5999999046325684]",,
453,Minecart,minecart,13,3,5,None,1,Left,"[0.800000011920929, 0.0, -0.5799999237060547]",0.003564393613487482,0.9964356422424316,true,true,0.02699890546500683,0.5113142132759094,0.050022244453430176,0.2947899103164673,41997,true,true,false,true,47.91306940000504,9.406178699980956,"[0.7992759346961975, 0.0023614116944372654, -5.969728946685791]","[0.03302872180938721, 7.198844105005264e-05, -0.5797710418701172]",,
454,Minecart,minecart,13,3,5,None,2,Right,"[0.800000011920929, 0.0, -0.5799999237060547]",1.0046202092439671e-08,0.9964356422424316,true,false,0.1067318320274353,0.0,0.05048108100891113,-18.412500381469727,41997,true,true,true,true,48.66777130000992,9.288842000009026,"[0.8487018346786499, 0.1525103896856308, -0.5799999237060547]","[0.800000011920929, 0.0, -0.5799999237060547]",,
455,Minecart,minecart,13,4,1,Left,5,None,"[0.800000011920929, 0.0, -0.559999942779541]",1.1814229594619974e-07,0.9999998807907104,true,false,0.1140761524438858,0.008352367207407951,0.05019545555114746,0.001995086669921875,41997,true,true,false,true,49.957863299991004,9.476781900011702,"[0.9296225309371948, 0.11169200390577316, -0.7901290059089661]","[0.7874827980995178, 0.0, -0.631044864654541]",,
456,Minecart,minecart,13,4,1,Left,2,Right,"[0.800000011920929, 0.0, -0.559999942779541]",1.5778569562030498e-08,0.9999998807907104,true,false,0.06833876669406891,0.0,0.0500490665435791,-17.96461296081543,41997,true,true,false,false,49.044231400010176,9.627492200001143,"[0.8724822998046875, 0.07248229533433914, -0.6594042181968689]","[0.800000011920929, 0.0, -0.559999942779541]",,
457,Minecart,minecart,13,5,2,Right,5,None,"[0.800000011920929, 0.0, -0.5399999618530273]",3.0767485781346693e-10,1.0,true,true,0.036675333976745605,0.3499356210231781,0.05000412464141846,0.40058666467666626,41997,true,true,true,true,48.97845470000175,7.549280799983535,"[0.8444372415542603, 0.01761297695338726, -4.170845031738281]","[1.324881672859192, 0.0, -1.1775732040405273]",,
458,Minecart,minecart,13,5,2,Right,1,Left,"[0.800000011920929, 0.0, -0.5399999618530273]",4.692051955301757e-11,1.0,true,false,0.17740221321582794,0.0,0.051816344261169434,-23.78256607055664,41997,true,true,false,false,50.52279920000001,8.358004800014896,"[0.7983404397964478, 0.2660980224609375, -0.5056193470954895]","[0.800000011920929, 0.0, -0.5399999618530273]",,
459,Minecart,minecart,13,6,2,Right,4,Brake,"[0.800000011920929, 0.0, -0.5199999809265137]",6.885007841628266e-11,1.0,true,false,0.13142986595630646,0.19966959953308105,0.050373077392578125,0.004337310791015625,41997,true,true,true,true,48.1557371999952,7.28988080000272,"[0.800000011920929, 0.19714480638504028, -0.5199999809265137]","[0.500495970249176, 0.0, -0.5810351371765137]",,
460,Minecart,minecart,13,6,2,Right,1,Left,"[0.800000011920929, 0.0, -0.5199999809265137]",1.636202349823701e-12,1.0,true,true,0.0389317087829113,0.1194402351975441,0.05010354518890381,0.14812934398651123,41997,true,true,false,true,48.670671600004425,9.659612399991602,"[0.7856461405754089, 0.055155470967292786, -2.2176623344421387]","[0.6208406686782837, 0.0, -0.5999560356140137]",,
461,Minecart,minecart,13,7,4,Brake,2,Right,"[0.800000011920929, 0.0, -0.4999999701976776]",3.6146986985841068e-06,0.9999964237213135,true,true,0.050412364304065704,0.13598115742206573,0.0503082275390625,24.21541976928711,41997,true,true,false,false,47.28898839998874,8.760649000003468,"[0.800000011920929, 0.0756177008152008, -0.4524688422679901]","[1.003969669342041, 0.0, -0.3774718940258026]",,
462,Minecart,minecart,13,7,4,Brake,1,Left,"[0.800000011920929, 0.0, -0.4999999701976776]",3.733988893908288e-14,0.9999964237213135,true,false,0.12922798097133636,0.20980806648731232,0.050049543380737305,0.03984665870666504,41997,true,true,false,true,48.04238150001038,9.62812069998472,"[0.7857818603515625, 0.019672365859150887, -26.14217185974121]","[1.114697813987732, 0.0001649884507060051, -0.8997650146484375]",,
463,Minecart,minecart,13,8,2,Right,0,Mine,"[0.800000011920929, 0.0, -0.47999995946884155]",0.002480071969330311,0.9975199103355408,true,false,0.06638778746128082,0.0,0.05001556873321533,-5.996984481811523,41997,true,true,true,true,48.887012399995,9.748569299990777,"[0.8083800673484802, 0.09849093109369278, -2.0900943279266357]","[0.800000011920929, 0.0, -0.47999995946884155]",,
464,Minecart,minecart,13,8,2,Right,5,None,"[0.800000011920929, 0.0, -0.47999995946884155]",8.871103851504358e-10,0.9975199103355408,true,false,0.20517662167549133,0.0,0.05007946491241455,-20.84056854248047,41997,true,true,false,false,52.520227500004694,9.631873400008772,"[1.0799636840820312, 0.12780171632766724, -0.8150248527526855]","[0.800000011920929, 0.0, -0.47999995946884155]",,
465,Minecart,minecart,13,9,2,Right,0,Mine,"[0.800000011920929, 0.0, -0.4599999487400055]",0.005286723375320435,0.9947130084037781,true,false,0.008513388223946095,0.0,0.05029582977294922,-5.237255573272705,41997,true,true,true,true,51.14596059999894,8.544124100008048,"[0.800000011920929, 0.0, -2.162677526473999]","[0.800000011920929, 0.0, -0.4599999487400055]",,
466,Minecart,minecart,13,9,2,Right,3,Accelerate,"[0.800000011920929, 0.0, -0.4599999487400055]",2.835485304331087e-07,0.9947130084037781,true,false,0.05510689318180084,0.035290759056806564,0.0501859188079834,0.03546488285064697,41997,true,true,false,true,51.787084599985974,10.65697569999611,"[0.8820903301239014, 0.008911161683499813, -0.9677621126174927]","[0.7471603155136108, 0.0, -0.8858574628829956]",,
467,Minecart,minecart,15,0,3,Accelerate,2,Right,"[0.8500000238418579, 0.6499999761581421, -1.1999998092651367]",9.016918920679018e-05,0.9997997879981995,true,true,0.0022942412178963423,0.046058278530836105,0.05322742462158203,55.9810905456543,41997,true,true,false,true,49.78072209999664,8.34544510001433,"[0.8500000238418579, 0.6499999761581421, -0.7411515712738037]","[0.898871123790741, 0.6985313892364502, -0.4771757125854492]",,
468,Minecart,minecart,15,0,3,Accelerate,1,Left,"[0.8500000238418579, 0.6499999761581421, -1.1999998092651367]",8.035239443415776e-05,0.9997997879981995,true,false,0.6616273522377014,0.0,0.05068552494049072,-9.428888320922852,41997,true,true,true,true,47.122395199985476,9.435716100007994,"[0.037840425968170166, 0.07965409755706787, -0.3386272192001343]","[0.8500000238418579, 0.6499999761581421, -1.1999998092651367]",,
469,Minecart,minecart,15,1,5,None,2,Right,"[0.8500000238418579, 0.6499999761581421, -1.0799998044967651]",0.007672679610550404,0.9907832145690918,true,true,0.028546789661049843,0.0122502027079463,0.050081729888916016,1.374470591545105,41997,true,true,false,true,53.866030899982434,13.167472900007851,"[0.880278468132019, 0.619721531867981, -1.0799998044967651]","[0.8663827180862427, 0.6416916847229004, -1.0158518552780151]",,
470,Minecart,minecart,15,1,5,None,1,Left,"[0.8500000238418579, 0.6499999761581421, -1.0799998044967651]",0.0013241368578746915,0.9907832145690918,true,false,0.012163467705249786,0.0,0.0500483512878418,-6.617734909057617,41997,true,true,true,true,60.475258399994345,12.217512900009751,"[0.8500000238418579, 0.6499999761581421, -3.512693405151367]","[0.8500000238418579, 0.6499999761581421, -1.0799998044967651]",,
471,Minecart,minecart,15,2,2,Right,5,None,"[0.8500000238418579, 0.6499999761581421, -1.0599998235702515]",0.016766604036092758,0.9818885922431946,true,true,0.06211521103978157,0.02465975284576416,0.0501023530960083,0.206312894821167,41997,true,true,true,true,58.31293889999506,6.603037699998822,"[0.8500000238418579, 0.7431697845458984, -0.9602519869804382]","[0.8510347008705139, 0.613046407699585, -1.228441596031189]",,
472,Minecart,minecart,15,2,2,Right,1,Left,"[0.8500000238418579, 0.6499999761581421, -1.0599998235702515]",0.0012457011034712195,0.9818885922431946,true,true,0.1015750914812088,0.1847972720861435,0.050104379653930664,0.25732553005218506,41997,true,true,true,true,40.684731199988164,7.575343599979533,"[0.7864699959754944, 0.7884844541549683, -0.9802683591842651]","[0.5745569467544556, 0.6208762526512146, -2.523561954498291]",,
473,Minecart,minecart,15,3,5,None,1,Left,"[0.8500000238418579, 0.6499999761581421, -1.0399998426437378]",0.006135858129709959,0.9936338663101196,true,true,0.06383208930492401,0.05020744726061821,0.050011515617370605,0.07474827766418457,41997,true,true,true,true,44.676393200003076,10.820816800027387,"[0.7706330418586731, 0.5964407920837402, -1.0399998426437378]","[0.885419487953186, 0.5835400223731995, -1.1140354871749878]",,
474,Minecart,minecart,15,3,5,None,2,Right,"[0.8500000238418579, 0.6499999761581421, -1.0399998426437378]",0.0001682739530224353,0.9936338663101196,true,false,0.0019768185447901487,0.0,0.050748348236083984,-8.683530807495117,41997,true,true,false,false,52.33385920000728,8.69189919999917,"[0.8500000238418579, 0.6499999761581421, -0.6446361541748047]","[0.8500000238418579, 0.6499999761581421, -1.0399998426437378]",,
475,Minecart,minecart,15,4,1,Left,5,None,"[0.8500000238418579, 0.6499999761581421, -1.0199998617172241]",4.3103584175696597e-05,0.9999555349349976,true,true,0.23045286536216736,0.24771930277347565,0.050805091857910156,3.056180477142334,41997,true,true,true,true,51.91466979999677,9.91485040000407,"[0.970665693283081, 0.3260648250579834, -1.0199998617172241]","[0.9897979497909546, 0.30572187900543213, -1.0521348714828491]",,
476,Minecart,minecart,15,4,1,Left,2,Right,"[0.8500000238418579, 0.6499999761581421, -1.0199998617172241]",8.036751637519046e-07,0.9999555349349976,true,true,0.0030140390153974295,0.38529595732688904,0.05082595348358154,8.670524597167969,41997,true,true,false,false,52.287858699972276,9.74359669999103,"[0.8500000238418579, 0.6499999761581421, -0.4171920418739319]","[1.2352879047393799, 0.2192351222038269, -0.5202897787094116]",,
477,Minecart,minecart,15,5,2,Right,5,None,"[0.8500000238418579, 0.6499999761581421, -0.9999998807907104]",0.004714506678283215,0.994983434677124,true,true,0.01786399818956852,0.03271320462226868,0.050084710121154785,3.0363214015960693,41997,true,true,true,true,51.9536307999806,10.464286500005983,"[0.8275765776634216, 0.6646701693534851, -0.9999998807907104]","[0.8221227526664734, 0.6903819441795349, -1.0022886991500854]",,
478,Minecart,minecart,15,5,2,Right,3,Accelerate,"[0.8500000238418579, 0.6499999761581421, -0.9999998807907104]",0.00025484547950327396,0.994983434677124,false,false,0.5738381743431091,0.0,-0.3358490467071533,-8.269824028015137,41981,false,false,false,false,50.55410409998149,8.97084240001277,"[0.0, 0.7840865850448608, -3.7449560165405273]","[0.8500000238418579, 0.6499999761581421, -0.9999998807907104]",,
479,Minecart,minecart,15,6,1,Left,2,Right,"[0.8500000238418579, 0.6499999761581421, -0.9799998998641968]",6.067912545404397e-05,0.9999327659606934,true,true,0.023721015080809593,0.15958409011363983,0.05069470405578613,25.551197052001953,41997,true,true,true,true,50.34398289999808,9.020094299979974,"[0.8500000238418579, 0.614564836025238, -0.5501060485839844]","[1.019553542137146, 0.48108214139938354, -0.3942760229110718]",,
480,Minecart,minecart,15,6,1,Left,5,None,"[0.8500000238418579, 0.6499999761581421, -0.9799998998641968]",6.434472652472323e-06,0.9999327659606934,true,false,0.284625768661499,0.0,0.051010191440582275,-11.953773498535156,41997,true,true,true,true,52.33067339999252,10.743086200003745,"[0.8624975085258484, 0.22324427962303162, -0.9799998998641968]","[0.8500000238418579, 0.6499999761581421, -0.9799998998641968]",,
481,Minecart,minecart,15,7,5,None,1,Left,"[0.8500000238418579, 0.6499999761581421, -0.9599999189376831]",0.004949737805873156,0.9939723610877991,true,true,0.01014452800154686,0.03922071307897568,0.05025780200958252,0.8635022640228271,41997,true,true,true,true,54.36941569999908,8.574025300011272,"[0.8500000238418579, 0.6651980876922607, -0.8594969511032104]","[0.897858202457428, 0.6841878294944763, -0.7771691083908081]",,
482,Minecart,minecart,15,7,5,None,2,Right,"[0.8500000238418579, 0.6499999761581421, -0.9599999189376831]",0.0007076886831782758,0.9939723610877991,true,true,0.031969666481018066,0.03276417776942253,0.05015158653259277,1.2094759941101074,41997,true,true,true,false,49.95960600001854,6.2997610999736935,"[0.8500000238418579, 0.602045476436615, -0.9599999189376831]","[0.8921158313751221, 0.6246731281280518, -0.9058007001876831]",,
483,Minecart,minecart,15,8,4,Brake,5,None,"[0.8500000238418579, 0.6499999761581421, -0.9399999380111694]",0.00028344878228381276,0.9994077682495117,true,false,0.048118509352207184,0.0,0.05000579357147217,-8.167886734008789,41997,false,true,false,false,52.566079500014894,9.410442299995339,"[0.8499999642372131, 0.6499999165534973, -10.563701629638672]","[0.8500000238418579, 0.6499999761581421, -0.9399999380111694]",,
484,Minecart,minecart,15,8,4,Brake,1,Left,"[0.8500000238418579, 0.6499999761581421, -0.9399999380111694]",0.0001934712054207921,0.9994077682495117,true,true,0.007453614380210638,0.013200979679822922,0.05020195245742798,1.5968133211135864,41997,true,true,true,true,52.833299000019906,7.607270000007702,"[0.8500000238418579, 0.6388300061225891, -0.8755576014518738]","[0.8696825504302979, 0.6479248404502869, -0.8567174673080444]",,
485,Minecart,minecart,15,9,0,Mine,1,Left,"[0.8500000238418579, 0.6499999761581421, -0.9199999570846558]",0.000487200595671311,0.9993728995323181,true,false,0.13155607879161835,0.0,0.05000960826873779,-7.62620735168457,41997,true,true,true,true,51.884270199981984,8.75960550000309,"[0.8500000238418579, 0.45266586542129517, -0.9144797921180725]","[0.8500000238418579, 0.6499999761581421, -0.9199999570846558]",,
486,Minecart,minecart,15,9,0,Mine,5,None,"[0.8500000238418579, 0.6499999761581421, -0.9199999570846558]",0.0001295115944230929,0.9993728995323181,false,false,0.4413091838359833,0.0,-0.1040794849395752,-8.951112747192383,41981,false,false,false,false,53.98686849998194,7.146404400002211,"[1.5, 0.6492946147918701, -17.624263763427734]","[0.8500000238418579, 0.6499999761581421, -0.9199999570846558]",,
487,Minecart,minecart,17,0,3,Accelerate,5,None,"[1.0800000429153442, 0.41999998688697815, -1.1999998092651367]",4.5715616579400375e-05,0.9999141693115234,false,false,0.7200782895088196,0.0,-2.2178187370300293,-9.992984771728516,41981,false,false,false,false,26.185220200015465,8.065886199998204,"[0.0, 0.43524160981178284, -0.5847686529159546]","[1.0800000429153442, 0.41999998688697815, -1.1999998092651367]",,
488,Minecart,minecart,17,0,3,Accelerate,1,Left,"[1.0800000429153442, 0.41999998688697815, -1.1999998092651367]",3.2546959118917584e-05,0.9999141693115234,true,false,0.7487272620201111,0.0,0.05078125,-10.332740783691406,41997,true,true,true,true,25.619634400005452,7.695233300008113,"[9.882450103759766e-05, 0.11161038279533386, -0.3326936364173889]","[1.0800000429153442, 0.41999998688697815, -1.1999998092651367]",,
489,Minecart,minecart,17,1,2,Right,5,None,"[1.0800000429153442, 0.41999998688697815, -1.0799998044967651]",0.006736275274306536,0.9927762746810913,true,true,0.18236273527145386,0.005044066812843084,0.05012321472167969,0.41550230979919434,41997,true,true,true,true,25.918336500006262,7.169429200002924,"[0.8190815448760986, 0.5021457076072693, -1.0799998044967651]","[1.0860674381256104, 0.4154936969280243, -1.0326822996139526]",,
490,Minecart,minecart,17,1,2,Right,1,Left,"[1.0800000429153442, 0.41999998688697815, -1.0799998044967651]",0.00044820428593084216,0.9927762746810913,true,false,0.026397651061415672,0.0,0.05001509189605713,-7.703011512756348,41997,true,true,true,true,26.53426230000332,7.612894099991536,"[1.0800000429153442, 0.41999998688697815, -6.359529972076416]","[1.0800000429153442, 0.41999998688697815, -1.0799998044967651]",,
491,Minecart,minecart,17,2,2,Right,5,None,"[1.0800000429153442, 0.41999998688697815, -1.0599998235702515]",0.011920556426048279,0.9877241849899292,true,true,0.0007641949341632426,0.008078807964920998,0.05044078826904297,1.4597262144088745,41997,true,true,true,true,25.60322280001128,7.800923100003274,"[1.081121563911438, 0.41999998688697815, -1.028397560119629]","[1.0698057413101196, 0.4135916531085968, -1.241869330406189]",,
492,Minecart,minecart,17,2,2,Right,1,Left,"[1.0800000429153442, 0.41999998688697815, -1.0599998235702515]",0.00035522764665074646,0.9877241849899292,true,true,0.32415804266929626,0.02724086493253708,0.050230979919433594,2.1492409706115723,41997,true,true,true,false,25.663472799991723,7.144283399975393,"[0.7287123799324036, 0.7561885714530945, -0.9483490586280823]","[1.1071579456329346, 0.3894704580307007, -1.0327781438827515]",,
493,Minecart,minecart,17,3,1,Left,2,Right,"[1.0800000429153442, 0.41999998688697815, -1.0399998426437378]",8.430584585994438e-08,0.9999998807907104,true,true,0.0026964680291712284,0.15256735682487488,0.051264286041259766,130.8982696533203,41997,true,true,true,false,25.36514700000407,7.642895500001032,"[1.0800000429153442, 0.41999998688697815, -0.5007062554359436]","[0.8581026196479797, 0.3645482659339905, -0.012106776237487793]",,
494,Minecart,minecart,17,3,1,Left,5,None,"[1.0800000429153442, 0.41999998688697815, -1.0399998426437378]",5.380354551508737e-15,0.9999998807907104,false,false,0.7890239357948303,0.0,-1.3847928047180176,-32.856021881103516,41981,false,false,false,false,41.670367799990345,10.593234300002223,"[0.0, 0.9040859937667847, -1.605654001235962]","[1.0800000429153442, 0.41999998688697815, -1.0399998426437378]",,
495,Minecart,minecart,17,4,1,Left,5,None,"[1.0800000429153442, 0.41999998688697815, -1.0199998617172241]",3.0457296840841197e-12,1.0,true,true,0.13788719475269318,0.04616088792681694,0.050359368324279785,0.3878316879272461,41997,true,true,true,true,50.267418400006136,7.315980000013951,"[1.0952364206314087, 0.21373115479946136, -1.0199998617172241]","[1.081071376800537, 0.48923054337501526, -0.9417680501937866]",,
496,Minecart,minecart,17,4,1,Left,2,Right,"[1.0800000429153442, 0.41999998688697815, -1.0199998617172241]",6.370423665576913e-14,1.0,true,true,0.0013934415765106678,0.041790880262851715,0.05157047510147095,1.2047250270843506,41997,true,true,false,false,52.969195999990916,7.181856500013964,"[1.0800000429153442, 0.41999998688697815, -0.7413115501403809]","[1.086593747138977, 0.48230719566345215, -0.7563585042953491]",,
497,Minecart,minecart,17,5,2,Right,5,None,"[1.0800000429153442, 0.41999998688697815, -0.9999998807907104]",0.00034424354089424014,0.9992629885673523,true,false,0.00880594551563263,0.008137236349284649,0.05008113384246826,0.04037207365036011,41997,true,true,true,true,50.97620769997593,7.660925000003772,"[1.0931977033615112, 0.41999998688697815, -0.927300751209259]","[1.0881869792938232, 0.4290245771408081, -0.904434084892273]",,
498,Minecart,minecart,17,5,2,Right,1,Left,"[1.0800000429153442, 0.41999998688697815, -0.9999998807907104]",0.00030536818667314947,0.9992629885673523,true,true,0.06092756614089012,0.004369473084807396,0.05015134811401367,1.33785080909729,41997,true,true,true,true,51.58298959999229,10.807216099987272,"[1.0475742816925049, 0.3345786929130554, -0.7283660769462585]","[1.0837870836257935, 0.42534297704696655, -0.9651182889938354]",,
499,Minecart,minecart,17,6,1,Left,5,None,"[1.0800000429153442, 0.41999998688697815, -0.9799998998641968]",3.7802994938829215e-06,0.9999961853027344,false,true,0.2800000011920929,0.028370732441544533,-0.21343541145324707,0.24342387914657593,41981,false,false,false,false,52.84549540001899,10.259292200003983,"[1.0800000429153442, 0.0, -0.9799998998641968]","[1.0538861751556396, 0.3865548074245453, -1.4122051000595093]",,
500,Minecart,minecart,17,6,1,Left,2,Right,"[1.0800000429153442, 0.41999998688697815, -0.9799998998641968]",2.7449255313172216e-08,0.9999961853027344,true,false,0.002846868708729744,0.0,0.05024528503417969,-17.41092300415039,41997,true,true,false,false,51.491176199982874,9.295057600014843,"[1.0800000429153442, 0.41999998688697815, -0.4106261730194092]","[1.0800000429153442, 0.41999998688697815, -0.9799998998641968]",,
501,Minecart,minecart,17,7,4,Brake,1,Left,"[1.0800000429153442, 0.41999998688697815, -0.9599999189376831]",0.0005598002462647855,0.9994401335716248,true,true,0.07733277231454849,0.014503412880003452,0.05008220672607422,7.596090316772461,41997,true,true,false,false,53.81982280002558,9.941767600015737,"[0.9640008807182312, 0.41999998688697815, -0.9599999189376831]","[1.099556565284729, 0.4292612075805664, -0.6601494550704956]",,
502,Minecart,minecart,17,7,4,Brake,2,Right,"[1.0800000429153442, 0.41999998688697815, -0.9599999189376831]",6.096210114492351e-08,0.9994401335716248,false,true,0.7259243726730347,0.10579346865415573,-1.327345371246338,1.118661642074585,41981,false,false,false,false,53.433968500001356,9.143306400015717,"[0.0, 0.5588306188583374, -0.9555383324623108]","[1.0525500774383545, 0.2637064754962921, -1.118660807609558]",,
503,Minecart,minecart,17,8,0,Mine,2,Right,"[1.0800000429153442, 0.41999998688697815, -0.9399999380111694]",4.1503171814838424e-06,0.9999948740005493,true,true,0.07079680263996124,0.035054001957178116,0.05014610290527344,3.30802059173584,41997,true,true,true,false,53.92587119998643,8.388275400007842,"[1.0800000429153442, 0.5261938571929932, -0.8692378997802734]","[1.0751162767410278, 0.4723373353481293, -0.7655156850814819]",,
504,Minecart,minecart,17,8,0,Mine,3,Accelerate,"[1.0800000429153442, 0.41999998688697815, -0.9399999380111694]",5.092618948765448e-07,0.9999948740005493,true,false,0.031364597380161285,0.0,0.05001115798950195,-14.4902982711792,41997,true,true,true,true,54.39760830000159,10.064400499977637,"[1.0800000429153442, 0.41999998688697815, -7.21291971206665]","[1.0800000429153442, 0.41999998688697815, -0.9399999380111694]",,
505,Minecart,minecart,17,9,3,Accelerate,1,Left,"[1.0800000429153442, 0.41999998688697815, -0.7199999094009399]",4.279349013813771e-06,0.9999932050704956,true,true,0.0005917951348237693,0.11435206979513168,0.051220715045928955,0.31548142433166504,41997,true,true,true,true,50.044843199983006,8.693637699994724,"[1.0800000429153442, 0.41999998688697815, -0.6016408801078796]","[1.1148566007614136, 0.2520510256290436, -0.6881395578384399]",,
506,Minecart,minecart,17,9,3,Accelerate,5,None,"[1.0800000429153442, 0.41999998688697815, -0.7199999094009399]",2.1265500436129514e-06,0.9999932050704956,true,false,0.22855645418167114,0.0,0.05024755001068115,-13.061002731323242,41997,true,true,true,true,52.235534500010544,10.11409069999354,"[0.7395356297492981, 0.3797859251499176, -0.5121065974235535]","[1.0800000429153442, 0.41999998688697815, -0.7199999094009399]",,
507,Minecart,minecart,19,0,3,Accelerate,2,Right,"[1.149999976158142, 0.3499999940395355, -1.2199997901916504]",2.221973772975616e-06,0.9999960660934448,true,false,0.0015924656763672829,0.0,0.05512237548828125,-13.017110824584961,41997,true,true,true,false,56.13627830002224,11.519514099985827,"[1.149999976158142, 0.3499999940395355, -0.9015066623687744]","[1.149999976158142, 0.3499999940395355, -1.2199997901916504]",,
508,Minecart,minecart,19,0,3,Accelerate,1,Left,"[1.149999976158142, 0.3499999940395355, -1.2199997901916504]",9.726793450681726e-07,0.9999960660934448,true,false,0.7828629016876221,0.0,0.05127406120300293,-13.843207359313965,41997,true,true,true,true,53.33090679999441,10.094797700003255,"[0.0003509521484375, 0.11077237129211426, -0.332197368144989]","[1.149999976158142, 0.3499999940395355, -1.2199997901916504]",,
509,Minecart,minecart,19,1,2,Right,5,None,"[1.149999976158142, 0.3499999940395355, -1.0999997854232788]",8.570251520723104e-05,0.9998553991317749,true,true,0.02564082108438015,0.03657775744795799,0.05009818077087402,0.23944330215454102,41997,true,true,true,true,52.51570600000559,7.48256949998904,"[1.149999976158142, 0.3884606659412384, -1.0723665952682495]","[1.1318721771240234, 0.4017847776412964, -1.0655149221420288]",,
510,Minecart,minecart,19,1,2,Right,1,Left,"[1.149999976158142, 0.3499999940395355, -1.0999997854232788]",5.891949331271462e-05,0.9998553991317749,true,false,0.042096469551324844,0.0,0.050005555152893066,-9.7391939163208,41997,true,true,true,true,54.1894018999883,13.72853930000565,"[1.149999976158142, 0.36167678236961365, -9.374089241027832]","[1.149999976158142, 0.3499999940395355, -1.0999997854232788]",,
511,Minecart,minecart,19,2,2,Right,5,None,"[1.149999976158142, 0.3499999940395355, -1.0799998044967651]",0.004259465727955103,0.9937421679496765,true,true,0.0019429413368925452,0.0028944220393896103,0.05000638961791992,1.7184147834777832,41997,true,true,true,true,54.096872399997665,10.030966299993452,"[1.1529033184051514, 0.3499999940395355, -1.0461633205413818]","[1.1536363363265991, 0.34767624735832214, -1.0164927244186401]",,
512,Minecart,minecart,19,2,2,Right,1,Left,"[1.149999976158142, 0.3499999940395355, -1.0799998044967651]",0.0019983393140137196,0.9937421679496765,true,true,0.01418362744152546,0.0024249909911304712,0.05025959014892578,0.13042593002319336,41997,true,true,true,true,47.034630200010724,7.617529599985573,"[1.149999976158142, 0.37127506732940674, -1.0633326768875122]","[1.1527338027954102, 0.35237401723861694, -1.0335215330123901]",,
513,Minecart,minecart,19,3,1,Left,2,Right,"[1.149999976158142, 0.3499999940395355, -1.0599998235702515]",7.25194340342461e-12,1.0,true,false,0.0028823434840887785,0.0,0.050177574157714844,-25.649751663208008,41997,true,true,false,false,47.63167010000325,9.91729640000267,"[1.149999976158142, 0.3499999940395355, -0.48353111743927]","[1.149999976158142, 0.3499999940395355, -1.0599998235702515]",,
514,Minecart,minecart,19,3,1,Left,5,None,"[1.149999976158142, 0.3499999940395355, -1.0599998235702515]",7.885726192066052e-18,1.0,false,false,0.7790658473968506,0.0,-0.92330402135849,-39.38147735595703,41981,false,false,false,false,48.09999630000675,7.410971800010884,"[0.0, 0.557636022567749, -0.627772331237793]","[1.149999976158142, 0.3499999940395355, -1.0599998235702515]",,
515,Minecart,minecart,19,4,1,Left,5,None,"[1.149999976158142, 0.3499999940395355, -1.0399998426437378]",8.05051717563815e-13,1.0,true,true,0.09023378044366837,0.0753486379981041,0.05059170722961426,0.5620680451393127,41997,true,true,true,false,48.54894899998908,9.747468400018988,"[1.149999976158142, 0.21464931964874268, -1.0399998426437378]","[1.1854594945907593, 0.24268463253974915, -1.1031101942062378]",,
516,Minecart,minecart,19,4,1,Left,3,Accelerate,"[1.149999976158142, 0.3499999940395355, -1.0399998426437378]",1.495469465493185e-13,1.0,false,true,0.7671411037445068,0.0708487331867218,-0.8224773406982422,0.5898604393005371,41981,false,false,false,false,46.91999460000079,7.544470699998783,"[0.0, 0.3903091549873352, -0.5676450133323669]","[1.0523556470870972, 0.3080543875694275, -1.0865696668624878]",,
517,Minecart,minecart,19,5,2,Right,5,None,"[1.149999976158142, 0.3499999940395355, -1.0199998617172241]",8.731737034395337e-05,0.9999117851257324,true,true,0.0003518342855386436,0.005788370501250029,0.05023151636123657,2.9598915576934814,41997,true,true,true,true,48.240811499999836,6.1448595999972895,"[1.149999976158142, 0.3499999940395355, -0.949633002281189]","[1.1584467887878418, 0.35189735889434814, -0.9317430257797241]",,
518,Minecart,minecart,19,5,2,Right,1,Left,"[1.149999976158142, 0.3499999940395355, -1.0199998617172241]",6.504427005893376e-07,0.9999117851257324,true,true,0.02418350987136364,0.02893100492656231,0.050055503845214844,18.213294982910156,41997,true,true,true,false,48.44464439997682,8.6603031999839,"[1.149999976158142, 0.31377774477005005, -0.7586055994033813]","[1.1745659112930298, 0.3855922818183899, -0.5399888753890991]",,
519,Minecart,minecart,19,6,1,Left,5,None,"[1.149999976158142, 0.3499999940395355, -0.9999998807907104]",7.626110800629249e-06,0.9999877214431763,false,false,0.24612854421138763,0.0,-0.44838595390319824,-11.783920288085938,41981,false,false,false,false,48.735637600009795,9.789019399991957,"[1.267478585243225, 0.0, -0.8058508634567261]","[1.149999976158142, 0.3499999940395355, -0.9999998807907104]",,
520,Minecart,minecart,19,6,1,Left,2,Right,"[1.149999976158142, 0.3499999940395355, -0.9999998807907104]",4.624420398613438e-06,0.9999877214431763,true,false,0.0028873439878225327,0.0,0.05306434631347656,-12.284147262573242,41997,true,true,false,false,48.41787289999775,9.69542299999739,"[1.149999976158142, 0.3499999940395355, -0.4225310683250427]","[1.149999976158142, 0.3499999940395355, -0.9999998807907104]",,
521,Minecart,minecart,19,7,4,Brake,1,Left,"[1.149999976158142, 0.3499999940395355, -0.9799998998641968]",3.07223126583267e-05,0.9999672174453735,true,true,0.13821475207805634,0.012647813186049461,0.050158679485321045,0.05846512317657471,41997,true,true,true,true,48.53813929998432,7.7398165999911726,"[0.9426778554916382, 0.3499999940395355, -0.9790207743644714]","[1.1327638626098633, 0.3574461042881012, -1.3426555395126343]",,
522,Minecart,minecart,19,7,4,Brake,2,Right,"[1.149999976158142, 0.3499999940395355, -0.9799998998641968]",1.7077500160667114e-06,0.9999672174453735,false,false,0.7666666507720947,0.0,-1.2291455268859863,-13.280301094055176,41981,false,false,false,false,47.60184649997973,10.031360699998913,"[0.0, 0.3499999940395355, -0.9799998998641968]","[1.149999976158142, 0.3499999940395355, -0.9799998998641968]",,
523,Minecart,minecart,19,8,0,Mine,3,Accelerate,"[1.149999976158142, 0.3499999940395355, -0.9599999189376831]",3.4770971524267225e-06,0.9999908208847046,true,false,0.10242705792188644,0.04273166134953499,0.051209449768066406,0.031123995780944824,41997,true,true,true,true,48.06397429999197,8.705653400014853,"[1.00028395652771, 0.3845042288303375, -0.9593271017074585]","[1.1190369129180908, 0.2940783202648163, -1.5930718183517456]",,
524,Minecart,minecart,19,8,0,Mine,5,None,"[1.149999976158142, 0.3499999940395355, -0.9599999189376831]",2.516847644074005e-06,0.9999908208847046,false,true,0.8836907148361206,0.03245564550161362,-1.4408037662506104,0.3024691343307495,41981,false,false,false,false,49.371550199983176,10.13063400000101,"[0.0, 1.009200930595398, -0.9571249485015869]","[1.1260085105895996, 0.3077884018421173, -1.4346245527267456]",,
525,Minecart,minecart,19,9,3,Accelerate,1,Left,"[1.149999976158142, 0.3499999940395355, -0.7399998903274536]",7.365083001786843e-05,0.9999257326126099,true,true,0.0004986697458662093,0.09259713441133499,0.05035805702209473,1.835266351699829,41997,true,true,true,false,48.6677672000078,10.014122399996268,"[1.149999976158142, 0.3499999940395355, -0.640265941619873]","[1.2302535772323608, 0.23663614690303802, -0.7237645387649536]",,
526,Minecart,minecart,19,9,3,Accelerate,5,None,"[1.149999976158142, 0.3499999940395355, -0.7399998903274536]",5.832936835759028e-07,0.9999257326126099,true,false,0.25685667991638184,0.0,0.050409555435180664,-14.354500770568848,41997,true,true,true,true,48.268133899982786,7.91913540000678,"[0.7647184729576111, 0.3499999940395355, -0.5200820565223694]","[1.149999976158142, 0.3499999940395355, -0.7399998903274536]",,
527,Minecart,minecart,21,0,3,Accelerate,5,None,"[1.5, 0.0, -0.9599997997283936]",1.6958574988734654e-08,1.0,false,false,1.019394040107727,0.0,-0.03266465663909912,-17.892492294311523,41981,false,false,false,false,48.25100509999902,6.711590299993986,"[1.2049236297607422, 1.5, -5.278922080993652]","[1.5, 0.0, -0.9599997997283936]",,
528,Minecart,minecart,21,0,3,Accelerate,1,Left,"[1.5, 0.0, -0.9599997997283936]",6.638900540423265e-11,1.0,true,false,0.9973928332328796,0.0,0.05194282531738281,-23.435489654541016,41997,true,true,true,false,48.42090980001376,7.70891680000932,"[0.003922820091247559, 0.0, -0.157443106174469]","[1.5, 0.0, -0.9599997997283936]",,
529,Minecart,minecart,21,1,2,Right,5,None,"[1.5, 0.0, -0.839999794960022]",0.029800646007061005,0.9701976180076599,true,false,0.364441841840744,0.0,0.050098419189453125,-3.4829697608947754,41997,true,true,false,true,46.57698460001848,9.680053299991414,"[1.1134521961212158, 0.38654786348342896, -1.013946533203125]","[1.5, 0.0, -0.839999794960022]",,
530,Minecart,minecart,21,1,2,Right,1,Left,"[1.5, 0.0, -0.839999794960022]",1.7512953718323843e-06,0.9701976180076599,true,false,0.07683127373456955,0.0,0.050012826919555664,-13.224899291992188,41997,true,true,true,true,47.89599770001951,8.326770299987402,"[1.4985015392303467, 0.0, -16.2049560546875]","[1.5, 0.0, -0.839999794960022]",,
531,Minecart,minecart,21,2,5,None,1,Left,"[1.5, 0.0, -0.8199998140335083]",0.06879369169473648,0.9311492443084717,true,false,0.07849257439374924,0.0,0.05019176006317139,-2.6053075790405273,41997,true,true,true,true,52.06788519999827,7.865851200011093,"[1.5, 0.0, -16.51851463317871]","[1.5, 0.0, -0.8199998140335083]",,
532,Minecart,minecart,21,2,5,None,2,Right,"[1.5, 0.0, -0.8199998140335083]",5.708602839149535e-05,0.9311492443084717,true,false,0.13295555114746094,0.0,0.05010366439819336,-9.699615478515625,41997,true,true,false,true,61.266125699999975,10.41626900000847,"[1.4626901149749756, 0.0005931909545324743, -26.941516876220703]","[1.5, 0.0, -0.8199998140335083]",,
533,Minecart,minecart,21,3,5,None,1,Left,"[1.5, 0.0, -0.7999998331069946]",0.06072559952735901,0.9392676949501038,true,false,0.060955800116062164,0.0,0.050063252449035645,-2.7387351989746094,41997,true,true,false,true,48.180838900007075,6.669450299988966,"[1.4948972463607788, 0.004874936304986477, -12.954792976379395]","[1.5, 0.0, -0.7999998331069946]",,
534,Minecart,minecart,21,3,5,None,2,Right,"[1.5, 0.0, -0.7999998331069946]",6.7210621637059376e-06,0.9392676949501038,true,false,0.7703851461410522,0.0,0.05003762245178223,-11.847609519958496,41997,true,true,true,false,48.14432130000205,6.506019799999194,"[0.3473109006881714, 0.0, -11.687551498413086]","[1.5, 0.0, -0.7999998331069946]",,
535,Minecart,minecart,21,4,1,Left,2,Right,"[1.5, 0.0, -0.779999852180481]",2.0650456917792326e-06,0.9999966621398926,true,false,0.1227695643901825,0.0,0.050072669982910156,-13.090354919433594,41997,true,true,false,true,49.66636269999435,7.951434899994638,"[1.3697839975357056, 0.1302160620689392, -0.8637102246284485]","[1.5, 0.0, -0.779999852180481]",,
536,Minecart,minecart,21,4,1,Left,5,None,"[1.5, 0.0, -0.779999852180481]",1.2980653991689906e-06,0.9999966621398926,false,false,1.0226683616638184,0.007365322671830654,-1.2689909934997559,0.036261558532714844,41981,false,false,false,false,47.6773511999927,8.224670499999775,"[1.1814767122268677, 1.5, -6.288070201873779]","[1.4999560117721558, 0.0, -2.2530527114868164]",,
537,Minecart,minecart,21,5,2,Right,1,Left,"[1.5, 0.0, -0.7599998712539673]",1.6999872798351134e-07,0.9999998807907104,true,false,0.2074681520462036,0.0,0.05055415630340576,-15.587474822998047,41997,true,true,true,true,48.482925599993905,8.840327699988848,"[1.5, 0.3112000823020935, -0.6058160662651062]","[1.5, 0.0, -0.7599998712539673]",,
538,Minecart,minecart,21,5,2,Right,5,None,"[1.5, 0.0, -0.7599998712539673]",2.226947071193308e-09,0.9999998807907104,true,true,0.24403274059295654,0.0023838472552597523,0.0513228178024292,0.12571173906326294,41997,true,true,true,false,48.355876799992984,8.743026700016344,"[1.226150393486023, 0.24289575219154358, -0.7599998712539673]","[1.4999642372131348, 0.0, -1.2367454767227173]",,
539,Minecart,minecart,21,6,2,Right,1,Left,"[1.5, 0.0, -0.7399998903274536]",3.8918247422491115e-13,1.0,true,true,0.024871965870261192,0.030540114268660545,0.05013573169708252,0.11819422245025635,41997,true,true,true,true,47.83458840000094,8.28175750002265,"[1.5, 0.007302277721464634, -5.61817741394043]","[1.4998786449432373, 0.0, -6.848001480102539]",,
540,Minecart,minecart,21,6,2,Right,4,Brake,"[1.5, 0.0, -0.7399998903274536]",1.356776832810852e-13,1.0,true,false,0.4615939259529114,0.0,0.050756096839904785,-29.628494262695312,41997,true,true,true,true,49.14814550001756,6.398672699986491,"[1.3618228435516357, 0.6784631013870239, -0.7399998903274536]","[1.5, 0.0, -0.7399998903274536]",,
541,Minecart,minecart,21,7,4,Brake,2,Right,"[1.5, 0.0, -0.7199999094009399]",3.915691593192605e-08,1.0,true,true,0.05072080343961716,0.0026596214156597853,0.05036354064941406,42.546791076660156,41997,true,true,false,true,47.80869770000572,7.15729360000114,"[1.486424446105957, 0.074836865067482, -0.4706398844718933]","[1.4995646476745605, 0.0, -0.19125235080718994]",,
542,Minecart,minecart,21,7,4,Brake,1,Left,"[1.5, 0.0, -0.7199999094009399]",1.0837307457107982e-16,1.0,true,true,0.3906685709953308,0.00119611038826406,0.050289154052734375,0.33589768409729004,41997,true,true,true,true,46.49297110000043,6.952368300000671,"[0.9624493718147278, 0.23332089185714722, -0.7199999094009399]","[1.4999738931655884, 0.0, -0.9591966867446899]",,
543,Minecart,minecart,21,8,2,Right,0,Mine,"[1.5, 0.0, -0.6999999284744263]",3.047446625714656e-06,0.9999969005584717,true,false,0.12739768624305725,0.0,0.050020813941955566,-12.701203346252441,41997,true,true,true,true,48.4893960999907,8.541413799975999,"[1.4064438343048096, 0.16578131914138794, -2.937798023223877]","[1.5, 0.0, -0.6999999284744263]",,
544,Minecart,minecart,21,8,2,Right,5,None,"[1.5, 0.0, -0.6999999284744263]",3.668131878971359e-13,0.9999969005584717,true,false,0.6305503845214844,0.0,0.0501093864440918,-28.633920669555664,41997,true,true,true,true,48.07579169998644,8.068467300006887,"[1.3438076972961426, 0.9321946501731873, -5.324732303619385]","[1.5, 0.0, -0.6999999284744263]",,
545,Minecart,minecart,21,9,2,Right,0,Mine,"[1.5, 0.0, -0.6799999475479126]",0.03659145534038544,0.9634085297584534,true,true,0.023381853476166725,0.0014698473969474435,0.05008673667907715,0.45351338386535645,41997,true,true,true,true,48.088310599996476,8.661862599983579,"[1.5, 0.0, -5.356370449066162]","[1.4999828338623047, 0.0, -0.9739605188369751]",,
546,Minecart,minecart,21,9,2,Right,5,None,"[1.5, 0.0, -0.6799999475479126]",1.0861681332130502e-08,0.9634085297584534,false,false,1.0166343450546265,0.0,-0.19353461265563965,-18.30074691772461,41981,false,false,false,false,46.75349430000642,10.135694600001443,"[1.2256401777267456, 1.5, -2.583981990814209]","[1.5, 0.0, -0.6799999475479126]",,
547,reward_line,reward-line,0,0,0,right,1,up,"[0.0, 1.0]",0.485047847032547,0.5149507522583008,true,false,0.07071201503276825,0.05769500881433487,0.05000162124633789,0.021843671798706055,41997,true,true,true,true,44.69475580001017,7.006065099994885,"[0.06543375551700592, 0.9731930494308472]","[0.05530615150928497, 0.9835700392723083]",,
548,reward_line,reward-line,0,0,0,right,2,left,"[0.0, 1.0]",1.4163892956275959e-06,0.5149507522583008,true,true,0.9331281185150146,1.4142135381698608,0.050073862075805664,6.264768123626709,41997,true,true,false,false,44.09420400002273,7.458628699998371,"[0.566284716129303, 0.2583466172218323]","[1.0, 0.0]",,
549,reward_line,reward-line,0,1,0,right,1,up,"[0.0, 1.0]",0.16465729475021362,0.8353413343429565,true,true,0.2548966109752655,0.33550041913986206,0.05003643035888672,0.9178805947303772,41997,true,true,true,false,43.903916100010974,8.275139100005617,"[0.23727090656757355, 0.9068613648414612]","[0.334283709526062, 0.971453070640564]",,
550,reward_line,reward-line,0,1,0,right,2,left,"[0.0, 1.0]",1.407869604008738e-06,0.8353413343429565,true,true,0.9116019606590271,1.15731942653656,0.050026655197143555,1.67160964012146,41997,true,true,false,false,43.55974570001126,10.521765299985418,"[0.542707622051239, 0.267547607421875]","[1.0, 0.41742968559265137]",,
551,reward_line,reward-line,0,2,0,right,1,up,"[0.0, 1.0]",0.2784956693649292,0.7214969396591187,true,false,0.2834217846393585,0.0,0.05001974105834961,-0.9519255757331848,41997,true,true,false,false,44.27516620000824,8.571492699993541,"[0.2641906440258026, 0.8973782658576965]","[0.0, 1.0]",,
552,reward_line,reward-line,0,2,0,right,2,left,"[0.0, 1.0]",7.374716915364843e-06,0.7214969396591187,true,true,0.9259728789329529,1.3866760730743408,0.0501103401184082,6.3963727951049805,41997,true,true,false,false,43.54602169999271,9.453125900006853,"[0.5535157322883606, 0.2576751708984375]","[1.0, 0.03933858871459961]",,
553,reward_line,reward-line,0,3,1,up,0,right,"[0.0, 1.0]",0.011775937862694263,0.9882169365882874,false,false,0.141421377658844,0.0,-4.348392009735107,-4.429843902587891,41889,false,false,false,false,43.293387399986386,8.448772100004135,"[0.10000000149011612, 0.8999999761581421]","[0.0, 1.0]",,
554,reward_line,reward-line,0,3,1,up,2,left,"[0.0, 1.0]",7.028545496723382e-06,0.9882169365882874,true,true,1.0115339756011963,1.4106405973434448,0.0501328706741333,7.707812309265137,41997,true,true,false,false,45.4503556000127,9.506879799999297,"[0.4407818615436554, 0.0895538330078125]","[0.9949406385421753, 0.0]",,
555,reward_line,reward-line,0,4,1,up,0,right,"[0.0, 1.0]",0.27411529421806335,0.7258807420730591,false,false,0.0,0.0,-0.9738368988037109,-0.9738368988037109,41889,false,false,false,false,43.77634099998977,9.100180600013118,"[0.0, 1.0]","[0.0, 1.0]",,
556,reward_line,reward-line,0,4,1,up,2,left,"[0.0, 1.0]",4.012531462649349e-06,0.7258807420730591,true,true,1.0149585008621216,1.4142135381698608,0.05014908313751221,10.256367683410645,41997,true,true,false,false,44.57756309999968,9.085932799993316,"[0.4422741234302521, 0.0864715576171875]","[1.0, 0.0]",,
557,reward_line,reward-line,0,5,0,right,1,up,"[0.0, 1.0]",0.3342572748661041,0.6657301187515259,true,true,0.13668207824230194,0.1873367577791214,0.0500340461730957,1.5866382122039795,41997,true,true,true,true,45.26977490002173,9.785916200024076,"[0.1299266219139099, 0.9575610756874084]","[0.18704573810100555, 0.9895620942115784]",,
558,reward_line,reward-line,0,5,0,right,2,left,"[0.0, 1.0]",1.261285251530353e-05,0.6657301187515259,true,true,0.7855246663093567,1.011063575744629,0.05023026466369629,3.230802059173584,41997,true,true,false,false,44.264781299978495,7.963962000008905,"[0.5882415175437927, 0.4794033169746399]","[1.0, 0.8508371710777283]",,
559,reward_line,reward-line,0,6,1,up,0,right,"[0.0, 1.0]",0.0024925253819674253,0.9966442584991455,false,false,1.0,0.0,-0.8402950167655945,-5.991097450256348,41889,false,false,false,false,44.25832240001182,9.168118300003698,"[0.0, 0.0]","[0.0, 1.0]",,
560,reward_line,reward-line,0,6,1,up,2,left,"[0.0, 1.0]",0.0008632996468804777,0.9966442584991455,true,true,0.4776720106601715,0.8264600038528442,0.05035591125488281,10.88050651550293,41997,true,true,false,false,43.36096059999545,8.066289200010942,"[0.3986510932445526, 0.7368501424789429]","[0.826314389705658, 0.984485924243927]",,
561,reward_line,reward-line,0,7,0,right,2,left,"[0.0, 1.0]",0.008873926475644112,0.9911209940910339,true,true,0.16930122673511505,0.21637043356895447,0.0500941276550293,1.2560440301895142,41997,true,true,false,false,42.92207819997566,7.810935899993638,"[0.1584625244140625, 0.9403968453407288]","[0.21617768704891205, 0.9908691644668579]",,
562,reward_line,reward-line,0,7,0,right,3,down,"[0.0, 1.0]",5.131455054652179e-06,0.9911209940910339,false,false,0.141421377658844,0.0,-10.177955627441406,-12.171202659606934,41889,false,false,false,false,43.86951869999757,9.131976899981964,"[0.10000000149011612, 0.8999999761581421]","[0.0, 1.0]",,
563,reward_line,reward-line,0,8,1,up,2,left,"[0.0, 1.0]",0.17333941161632538,0.8266604542732239,true,false,0.0499635748565197,0.0,0.050073862075805664,-1.5621423721313477,41997,true,true,false,false,43.43862349999836,10.180673099996056,"[0.048248291015625, 0.98702073097229]","[0.0, 1.0]",,
564,reward_line,reward-line,0,8,1,up,3,down,"[0.0, 1.0]",8.24083485895244e-08,0.8266604542732239,false,false,0.0,0.0,-16.121217727661133,-16.121217727661133,41889,false,false,false,false,43.984941199974855,10.752720699994825,"[0.0, 1.0]","[0.0, 1.0]",,
565,reward_line,reward-line,1,0,1,up,0,right,"[0.10000002384185791, 0.8999999761581421]",0.44567927718162537,0.5543190836906433,true,false,0.1289568990468979,0.09029612690210342,0.05000114440917969,0.0022935867309570312,41997,true,true,false,false,44.269613999989815,7.329753600002732,"[6.109476089477539e-06, 0.9814315438270569]","[0.022475942969322205, 0.9462969303131104]",,
566,reward_line,reward-line,1,0,1,up,2,left,"[0.10000002384185791, 0.8999999761581421]",1.6306266843457706e-06,0.5543190836906433,true,true,0.7929493188858032,0.9356766939163208,0.050028085708618164,0.6579265594482422,41997,true,true,false,false,44.254644200002076,7.453700699988985,"[0.5832152366638184, 0.27129364013671875]","[0.35591208934783936, 0.0]",,
567,reward_line,reward-line,1,1,0,right,1,up,"[0.10000002384185791, 0.8999999761581421]",0.23291809856891632,0.7670795917510986,true,false,0.0934796929359436,0.09241674095392227,0.0500178337097168,0.026342391967773438,41997,true,true,true,true,43.63112040000851,9.076270999998087,"[0.18588760495185852, 0.8630977272987366]","[0.18854361772537231, 0.8735257387161255]",,
568,reward_line,reward-line,1,1,0,right,2,left,"[0.10000002384185791, 0.8999999761581421]",2.2784520297136623e-06,0.7670795917510986,true,true,0.7524667382240295,0.9288255572319031,0.050138235092163086,1.7108826637268066,41997,true,true,false,false,44.18950130001758,6.916216199984774,"[0.5675989389419556, 0.3104599118232727]","[0.32960185408592224, 0.0]",,
569,reward_line,reward-line,1,2,0,right,1,up,"[0.10000002384185791, 0.8999999761581421]",0.4437209665775299,0.5562778115272522,true,false,0.0179339237511158,0.015126208774745464,0.05000162124633789,0.0009515285491943359,41997,true,true,false,false,43.716697199997725,5.728005299984943,"[0.11712495982646942, 0.8946743607521057]","[0.11455606669187546, 0.8958861231803894]",,
570,reward_line,reward-line,1,2,0,right,2,left,"[0.10000002384185791, 0.8999999761581421]",1.2007179748252383e-06,0.5562778115272522,true,false,0.8908048868179321,0.0,0.05028223991394043,-13.046103477478027,41997,true,true,false,false,43.99826970000868,6.8825670999940485,"[0.48817354440689087, 0.09821778535842896]","[0.10000002384185791, 0.8999999761581421]",,
571,reward_line,reward-line,1,3,1,up,0,right,"[0.10000002384185791, 0.8999999761581421]",0.48677539825439453,0.5132228136062622,true,false,0.009395287372171879,0.0059738848358392715,0.0500028133392334,0.012924909591674805,41997,true,true,false,false,44.689345999999205,8.935212700016564,"[0.09094393253326416, 0.9025017023086548]","[0.09427555650472641, 0.9017081260681152]",,
572,reward_line,reward-line,1,3,1,up,2,left,"[0.10000002384185791, 0.8999999761581421]",1.7595447161511402e-06,0.5132228136062622,true,false,0.8984430432319641,0.0,0.050039052963256836,-12.583410263061523,41997,true,true,false,false,43.389909399993485,8.26722979999613,"[0.45773112773895264, 0.0758468508720398]","[0.10000002384185791, 0.8999999761581421]",,
573,reward_line,reward-line,1,4,0,right,1,up,"[0.10000002384185791, 0.8999999761581421]",0.2344900518655777,0.7655077576637268,true,true,0.053939539939165115,0.06232600286602974,0.050020694732666016,0.2521681785583496,41997,true,true,false,false,43.44598479999695,8.890376499999547,"[0.15127870440483093, 0.8832676410675049]","[0.16035842895507812, 0.8844631314277649]",,
574,reward_line,reward-line,1,4,0,right,2,left,"[0.10000002384185791, 0.8999999761581421]",2.206800445492263e-06,0.7655077576637268,true,false,0.8069695234298706,0.0,0.05017733573913574,-12.75675106048584,41997,true,true,false,false,44.3123695999966,6.786970099987229,"[0.5737238526344299, 0.24671173095703125]","[0.10000002384185791, 0.8999999761581421]",,
575,reward_line,reward-line,1,5,0,right,1,up,"[0.10000002384185791, 0.8999999761581421]",0.47744837403297424,0.5224800705909729,true,false,0.012520521879196167,0.009234397672116756,0.05000424385070801,0.010384798049926758,41905,true,true,true,true,44.342413900012616,7.784334600000875,"[0.11252054572105408, 0.8999999761581421]","[0.10882864892482758, 0.8972926735877991]",,
576,reward_line,reward-line,1,5,0,right,2,left,"[0.10000002384185791, 0.8999999761581421]",7.150594319682568e-05,0.5224800705909729,true,true,0.6443695425987244,1.260419249534607,0.05042397975921631,13.119553565979004,41997,true,true,false,false,44.32824500001152,10.8541124999756,"[0.5830413699150085, 0.4735223650932312]","[1.0, 0.017584681510925293]",,
577,reward_line,reward-line,1,6,1,up,2,left,"[0.10000002384185791, 0.8999999761581421]",0.003797865239903331,0.9958803653717041,true,true,0.33920738101005554,0.3638799488544464,0.05033421516418457,0.3292456865310669,41997,true,true,false,false,45.22426829999313,6.789459299994633,"[0.38442230224609375, 0.7151605486869812]","[0.45219719409942627, 0.8085353970527649]",,
578,reward_line,reward-line,1,6,1,up,0,right,"[0.10000002384185791, 0.8999999761581421]",0.00032175410888157785,0.9958803653717041,false,false,0.1414213925600052,0.0,-5.991097450256348,-8.03759479522705,41889,false,false,false,false,42.9424333999923,8.144405999977607,"[0.0, 1.0]","[0.10000002384185791, 0.8999999761581421]",,
579,reward_line,reward-line,1,7,1,up,0,right,"[0.10000002384185791, 0.8999999761581421]",0.3250850439071655,0.5303716659545898,true,true,0.013640133664011955,0.01480635441839695,0.050005555152893066,0.11523061990737915,41997,true,true,false,false,44.1876894000161,6.821708300005412,"[0.08684389293193817, 0.9036012887954712]","[0.08561374992132187, 0.9035018682479858]",,
580,reward_line,reward-line,1,7,1,up,2,left,"[0.10000002384185791, 0.8999999761581421]",0.14452306926250458,0.5303716659545898,true,true,0.04088273271918297,0.04635988920927048,0.05003786087036133,0.24636471271514893,41997,true,true,false,false,43.706081599986646,7.9593613000179175,"[0.13809511065483093, 0.8851621150970459]","[0.14113518595695496, 0.8786191940307617]",,
581,reward_line,reward-line,2,0,1,up,0,right,"[0.19999998807907104, 0.800000011920929]",0.1787794977426529,0.8212198615074158,true,false,0.2700287997722626,0.22589386999607086,0.05000114440917969,0.00045871734619140625,41997,true,true,false,false,43.93586420000065,8.268369299999904,"[9.149312973022461e-06, 0.981436550617218]","[0.014686629176139832, 0.9291781783103943]",,
582,reward_line,reward-line,2,0,1,up,2,left,"[0.19999998807907104, 0.800000011920929]",6.966704404476332e-07,0.8212198615074158,true,true,0.6528007388114929,0.8345204591751099,0.0500180721282959,1.7107336521148682,41997,true,true,false,false,42.63726729998598,7.228750700014643,"[0.5951868295669556, 0.28040772676467896]","[0.4375379681587219, 0.0]",,
583,reward_line,reward-line,2,1,1,up,0,right,"[0.19999998807907104, 0.800000011920929]",0.3386501669883728,0.6613474488258362,true,false,0.04174983873963356,0.04045407846570015,0.05000662803649902,0.029052257537841797,41997,true,true,true,false,43.207814399997005,5.696439799998188,"[0.16100993752479553, 0.814927339553833]","[0.16245684027671814, 0.8150680065155029]",,
584,reward_line,reward-line,2,1,1,up,2,left,"[0.19999998807907104, 0.800000011920929]",2.3905415673652897e-06,0.6613474488258362,true,true,0.6119061708450317,0.8055921792984009,0.050058603286743164,0.9905965328216553,41997,true,true,false,false,44.19154620001791,6.857577099988703,"[0.5854506492614746, 0.32475587725639343]","[0.2947561740875244, 0.0]",,
585,reward_line,reward-line,2,2,1,up,0,right,"[0.19999998807907104, 0.800000011920929]",0.29744353890419006,0.7022040486335754,true,true,0.015417631715536118,0.026070840656757355,0.050022125244140625,1.1914207935333252,41997,true,true,false,false,42.47778980000294,5.72114939999301,"[0.1855316013097763, 0.8053262829780579]","[0.17553667724132538, 0.8090130686759949]",,
586,reward_line,reward-line,2,2,1,up,3,down,"[0.19999998807907104, 0.800000011920929]",0.00035184729495085776,0.7022040486335754,false,false,1.4901161193847656e-08,0.0,-7.598781585693359,-7.598782062530518,41889,false,false,false,false,43.9471998999943,7.038502200011862,"[0.20000000298023224, 0.800000011920929]","[0.19999998807907104, 0.800000011920929]",,
587,reward_line,reward-line,2,3,0,right,3,down,"[0.19999998807907104, 0.800000011920929]",4.2202500480925664e-05,0.999956488609314,true,true,0.31221380829811096,0.3178904354572296,0.05000269412994385,0.21267962455749512,41905,false,true,false,true,44.836367600015365,7.998497399996268,"[0.46292194724082947, 0.6316269040107727]","[0.47590601444244385, 0.6421070098876953]",,
588,reward_line,reward-line,2,3,0,right,2,left,"[0.19999998807907104, 0.800000011920929]",1.2646999039134244e-06,0.999956488609314,true,true,0.5168094635009766,0.5430082082748413,0.0500258207321167,0.10746747255325317,41997,true,true,false,false,44.366032399993856,6.819696499995189,"[0.5615259408950806, 0.4306884706020355]","[0.6749178767204285, 0.5367303490638733]",,
589,reward_line,reward-line,2,4,0,right,3,down,"[0.19999998807907104, 0.800000011920929]",0.00031155929900705814,0.9995808005332947,true,true,0.33417192101478577,0.336263507604599,0.05001521110534668,0.06744384765625,41905,false,true,false,false,45.58494120000978,6.890245899994625,"[0.46746888756752014, 0.5996721386909485]","[0.48799604177474976, 0.6264159679412842]",,
590,reward_line,reward-line,2,4,0,right,2,left,"[0.19999998807907104, 0.800000011920929]",0.00010754260438261554,0.9995808005332947,true,true,0.37922403216362,0.4564567804336548,0.05007219314575195,0.9937373399734497,41997,true,true,false,false,43.43951070000185,6.872071699996013,"[0.48597410321235657, 0.5509424209594727]","[0.5895774960517883, 0.5621299743652344]",,
591,reward_line,reward-line,2,5,0,right,2,left,"[0.19999998807907104, 0.800000011920929]",0.07639920711517334,0.9154919385910034,true,true,0.16527453064918518,0.2090538889169693,0.05014455318450928,1.5262640714645386,41997,true,true,false,false,44.24625319999177,6.734291400003713,"[0.3389037847518921, 0.7104377150535583]","[0.39386308193206787, 0.7217655777931213]",,
592,reward_line,reward-line,2,5,0,right,3,down,"[0.19999998807907104, 0.800000011920929]",0.008108836598694324,0.9154919385910034,false,false,0.1414213925600052,0.0,-2.418121337890625,-4.726507186889648,41889,false,false,false,false,43.46741299997666,8.020356900000479,"[0.30000001192092896, 0.699999988079071]","[0.19999998807907104, 0.800000011920929]",,
593,reward_line,reward-line,2,6,1,up,2,left,"[0.19999998807907104, 0.800000011920929]",0.27179402112960815,0.5177932381629944,true,true,0.028016382828354836,0.034285832196474075,0.05000787973403931,0.7230932712554932,41997,true,true,false,false,44.074342299980344,8.855323600000702,"[0.22445067763328552, 0.7863222360610962]","[0.22609910368919373, 0.7777659296989441]",,
594,reward_line,reward-line,2,6,1,up,0,right,"[0.19999998807907104, 0.800000011920929]",0.20823495090007782,0.5177932381629944,true,true,0.029384886845946312,0.036727555096149445,0.05002319812774658,0.31670039892196655,41997,true,true,false,false,43.31210179999471,6.901392500003567,"[0.1724243015050888, 0.8101515173912048]","[0.1636950522661209, 0.8055556416511536]",,
595,reward_line,reward-line,3,0,1,up,0,right,"[0.30000001192092896, 0.699999988079071]",0.012571826577186584,0.9874279499053955,true,false,0.41133832931518555,0.3666606843471527,0.0500025749206543,0.003106832504272461,41997,true,true,false,false,27.68543369998224,6.849794499983545,"[0.0, 0.981423556804657]","[0.010030418634414673, 0.9244052171707153]",,
596,reward_line,reward-line,3,0,1,up,2,left,"[0.30000001192092896, 0.699999988079071]",2.5672682113508927e-07,0.9874279499053955,true,true,0.5127083659172058,0.8818357586860657,0.05000162124633789,5.4564528465271,41997,true,true,false,false,23.54521639997256,6.424755599990021,"[0.6092698574066162, 0.2910720705986023]","[0.8363154530525208, 0.0]",,
597,reward_line,reward-line,3,1,1,up,0,right,"[0.30000001192092896, 0.699999988079071]",0.05361787974834442,0.9463791251182556,true,true,0.17092014849185944,0.1991143673658371,0.05000710487365723,0.42218995094299316,41997,true,true,false,false,23.498417700000573,5.961699000006774,"[0.14044189453125, 0.7612772583961487]","[0.12610125541687012, 0.7969832420349121]",,
598,reward_line,reward-line,3,1,1,up,2,left,"[0.30000001192092896, 0.699999988079071]",3.0487638014164986e-06,0.9463791251182556,true,false,0.4712120294570923,0.47305989265441895,0.05007338523864746,0.027545690536499023,41997,true,true,false,false,23.44236610000371,6.571720599982655,"[0.6016885042190552, 0.3380264639854431]","[0.6473771333694458, 0.37888506054878235]",,
599,reward_line,reward-line,3,2,1,up,0,right,"[0.30000001192092896, 0.699999988079071]",0.015750305727124214,0.9842144250869751,true,true,0.14366528391838074,0.16269543766975403,0.05013132095336914,2.102386951446533,41997,true,true,false,false,23.58992600001511,6.014323400013382,"[0.16496430337429047, 0.7490414977073669]","[0.154866561293602, 0.7735260725021362]",,
600,reward_line,reward-line,3,2,1,up,3,down,"[0.30000001192092896, 0.699999988079071]",3.513764386298135e-05,0.9842144250869751,false,false,0.30234959721565247,0.0,-7.333095550537109,-10.240325927734375,41889,false,false,false,false,23.50542579998728,6.642593399999896,"[0.2623799443244934, 1.0]","[0.30000001192092896, 0.699999988079071]",,
601,reward_line,reward-line,3,3,0,right,3,down,"[0.30000001192092896, 0.699999988079071]",0.0009384040022268891,0.9990078806877136,true,true,0.17351610958576202,0.17621774971485138,0.05017900466918945,0.14743685722351074,41905,false,true,false,true,23.650595200015232,5.990214200021001,"[0.4445647597312927, 0.6040371060371399]","[0.4470653533935547, 0.6029202342033386]",,
602,reward_line,reward-line,3,3,0,right,2,left,"[0.30000001192092896, 0.699999988079071]",5.369040809455328e-05,0.9990078806877136,true,true,0.3753989338874817,0.5252260565757751,0.050010085105895996,2.9596171379089355,41997,true,true,false,false,23.49690030000056,6.018519999983255,"[0.5613574385643005, 0.4305252134799957]","[0.7073855996131897, 0.36848923563957214]",,
603,reward_line,reward-line,3,4,0,right,3,down,"[0.30000001192092896, 0.699999988079071]",0.00947402324527502,0.9870041012763977,true,true,0.19439765810966492,0.1953812539577484,0.05010390281677246,0.09089255332946777,41905,false,true,false,true,23.77609920001123,6.047904400009429,"[0.45819729566574097, 0.5870218276977539]","[0.46406814455986023, 0.5939081311225891]",,
604,reward_line,reward-line,3,4,0,right,2,left,"[0.30000001192092896, 0.699999988079071]",0.003521932056173682,0.9870041012763977,true,true,0.23814575374126434,0.24293340742588043,0.05005168914794922,0.07036447525024414,41997,true,true,false,false,23.45877019999898,6.573436800012132,"[0.4796890318393707, 0.543714165687561]","[0.5059153437614441, 0.571098804473877]",,
605,reward_line,reward-line,3,5,1,up,2,left,"[0.30000001192092896, 0.699999988079071]",0.23662103712558746,0.48426663875579834,true,true,0.026954393833875656,0.028002241626381874,0.05000340938568115,0.12827640771865845,41997,true,true,false,true,46.079538000019966,11.061384300002828,"[0.322899729013443, 0.6857823133468628]","[0.322164386510849, 0.6828866600990295]",,
606,reward_line,reward-line,3,5,1,up,0,right,"[0.30000001192092896, 0.699999988079071]",0.23596954345703125,0.48426663875579834,true,true,0.025461645796895027,0.027094487100839615,0.05001473426818848,0.18561190366744995,41997,true,true,false,false,56.27161060000071,10.497192799986806,"[0.27747344970703125, 0.7118679881095886]","[0.2741333246231079, 0.7080638408660889]",,
607,reward_line,reward-line,4,0,1,up,0,right,"[0.3999999761581421, 0.6000000238418579]",8.862853064783849e-06,0.9999898672103882,true,false,0.5527157783508301,0.5039917826652527,0.05000567436218262,4.935264587402344e-05,41997,true,true,false,false,57.401230799994664,12.507245099986903,"[1.2218952178955078e-05, 0.9814505577087402]","[0.008642613887786865, 0.9175643920898438]",,
608,reward_line,reward-line,4,0,1,up,2,left,"[0.3999999761581421, 0.6000000238418579]",1.3536207461584127e-06,0.9999898672103882,true,true,0.37297695875167847,0.3982708156108856,0.050000667572021484,0.23256516456604004,41997,true,true,false,false,55.720270699996036,9.263215600018157,"[0.6154972314834595, 0.2955780327320099]","[0.6917712092399597, 0.3289111256599426]",,
609,reward_line,reward-line,4,1,1,up,0,right,"[0.3999999761581421, 0.6000000238418579]",0.0007942630327306688,0.9991711378097534,true,true,0.3000548779964447,0.3250054121017456,0.05001115798950195,0.31772303581237793,41997,true,true,false,false,55.752024500019616,12.33376040001167,"[0.11962890625, 0.7068877816200256]","[0.12474435567855835, 0.7728087902069092]",,
610,reward_line,reward-line,4,1,1,up,2,left,"[0.3999999761581421, 0.6000000238418579]",3.4702421544352546e-05,0.9991711378097534,true,true,0.33036547899246216,0.4285246431827545,0.050004005432128906,1.5833081007003784,41997,true,true,true,false,56.767802700022,8.905634700000519,"[0.6164073348045349, 0.35038191080093384]","[0.7190923094749451, 0.31396952271461487]",,
611,reward_line,reward-line,4,2,1,up,0,right,"[0.3999999761581421, 0.6000000238418579]",4.586581053445116e-05,0.9999439716339111,true,true,0.2714417278766632,0.28011149168014526,0.050168752670288086,0.4354456663131714,41997,true,true,false,false,55.86129390000133,7.4326814000087325,"[0.1438232660293579, 0.6897446513175964]","[0.1566811054944992, 0.7387745976448059]",,
612,reward_line,reward-line,4,2,1,up,3,down,"[0.3999999761581421, 0.6000000238418579]",9.608239452063572e-06,0.9999439716339111,false,false,0.4230104684829712,0.0,-7.3332929611206055,-11.552833557128906,41889,false,false,false,false,57.125044899992645,11.700150400021812,"[0.2623850107192993, 1.0]","[0.3999999761581421, 0.6000000238418579]",,
613,reward_line,reward-line,4,3,0,right,3,down,"[0.3999999761581421, 0.6000000238418579]",0.2388741672039032,0.7538124918937683,true,true,0.034963738173246384,0.05395256727933884,0.05002701282501221,0.733863353729248,41905,false,true,false,true,54.25746180000715,11.237484199984465,"[0.4299144148826599, 0.5819005966186523]","[0.44504934549331665, 0.5703110694885254]",,
614,reward_line,reward-line,4,3,0,right,2,left,"[0.3999999761581421, 0.6000000238418579]",0.007313269656151533,0.7538124918937683,true,false,0.2339867800474167,0.0,0.050009310245513916,-4.635453224182129,41997,true,true,false,false,53.59668590000365,12.201121299993247,"[0.5634235143661499, 0.4325408935546875]","[0.3999999761581421, 0.6000000238418579]",,
615,reward_line,reward-line,4,4,1,up,3,down,"[0.3999999761581421, 0.6000000238418579]",0.1559217870235443,0.6240139007568359,true,true,0.054624300450086594,0.08274639397859573,0.05009639263153076,0.25180792808532715,41905,false,true,false,true,55.62810969998827,9.078644299996085,"[0.4442412555217743, 0.5679606199264526]","[0.43032950162887573, 0.5230124592781067]",,
616,reward_line,reward-line,4,4,1,up,0,right,"[0.3999999761581421, 0.6000000238418579]",0.1532956212759018,0.6240139007568359,true,true,0.022553078830242157,0.02899761311709881,0.050000905990600586,0.5943300127983093,41997,true,true,false,false,54.44752929999959,9.610315199999604,"[0.38096311688423157, 0.6120929718017578]","[0.3742915987968445, 0.6134142279624939]",,
617,reward_line,reward-line,5,0,1,up,2,left,"[0.5, 0.5]",0.0006570452242158353,0.9993423819541931,true,false,0.23385624587535858,0.2369024157524109,0.050003767013549805,0.0312807559967041,41997,true,true,false,false,56.016978800005745,9.731804999988526,"[0.6297202110290527, 0.305419921875]","[0.6706762313842773, 0.3357064127922058]",,
618,reward_line,reward-line,5,0,1,up,0,right,"[0.5, 0.5]",6.543428980876342e-07,0.9993423819541931,true,false,0.6941190958023071,0.6381442546844482,0.05000925064086914,-0.004041910171508789,41997,true,true,false,false,56.90298240000266,11.637663400004385,"[3.0517578125e-05, 0.9814891815185547]","[0.0, 0.8965199589729309]",,
619,reward_line,reward-line,5,1,1,up,2,left,"[0.5, 0.5]",0.00403241440653801,0.9959442019462585,true,true,0.18929144740104675,0.19584988057613373,0.050063371658325195,0.17302703857421875,41997,true,true,false,false,53.15761619998375,11.482322700001532,"[0.6236839294433594, 0.3567047119140625]","[0.6412146687507629, 0.36429592967033386]",,
620,reward_line,reward-line,5,1,1,up,0,right,"[0.5, 0.5]",2.3408749257214367e-05,0.9959442019462585,true,true,0.4291486442089081,0.4706595540046692,0.05004429817199707,0.49143052101135254,41997,true,true,false,false,56.16792720000376,9.285678999993252,"[0.09966278076171875, 0.6545919179916382]","[0.10535520315170288, 0.7564681172370911]",,
621,reward_line,reward-line,5,2,1,up,2,left,"[0.5, 0.5]",4.4182816054672e-05,0.9999459981918335,true,true,0.3950209617614746,0.4628971517086029,0.050015807151794434,1.0997354984283447,41997,true,true,false,false,54.46994450001512,9.823777299985522,"[0.6409698724746704, 0.13098907470703125]","[0.8185968995094299, 0.16418784856796265]",,
622,reward_line,reward-line,5,2,1,up,3,down,"[0.5, 0.5]",8.179096766980365e-06,0.9999459981918335,false,false,0.5535869598388672,0.0,-7.333491325378418,-11.713874816894531,41889,false,false,false,false,55.93478109998978,10.667924199980916,"[0.26238998770713806, 1.0]","[0.5, 0.5]",,
623,reward_line,reward-line,5,3,1,up,3,down,"[0.5, 0.5]",0.18807843327522278,0.7743125557899475,true,true,0.04316601902246475,0.0446266233921051,0.050044476985931396,0.1921290159225464,41905,false,true,false,true,55.7743877999892,9.034817299980205,"[0.4674777090549469, 0.528383195400238]","[0.469920814037323, 0.5329663157463074]",,
624,reward_line,reward-line,5,3,1,up,0,right,"[0.5, 0.5]",0.021170534193515778,0.7743125557899475,true,true,0.10628951340913773,0.10710632801055908,0.05005991458892822,0.07505834102630615,41997,true,true,false,false,54.12400510002044,12.430045000015525,"[0.4109039306640625, 0.5579599142074585]","[0.4138546288013458, 0.5636454224586487]",,
625,reward_line,reward-line,6,0,1,up,2,left,"[0.6000000238418579, 0.4000000059604645]",0.16180256009101868,0.8381965160369873,true,true,0.09487476199865341,0.10509835928678513,0.05000042915344238,0.16067099571228027,41997,true,true,true,false,55.46802510000998,11.720200099982321,"[0.6538899540901184, 0.3219161033630371]","[0.6701310276985168, 0.3217228949069977]",,
626,reward_line,reward-line,6,0,1,up,0,right,"[0.6000000238418579, 0.4000000059604645]",9.16651288207504e-07,0.8381965160369873,true,false,0.8355158567428589,0.0,0.050003767013549805,-13.726036071777344,41997,true,true,false,false,54.63958019998972,10.47439819999272,"[3.6597251892089844e-05, 0.9814900159835815]","[0.6000000238418579, 0.4000000059604645]",,
627,reward_line,reward-line,6,1,1,up,2,left,"[0.6000000238418579, 0.4000000059604645]",0.24953484535217285,0.7504510879516602,true,true,0.04816287383437157,0.05024600028991699,0.05002021789550781,0.09355664253234863,41997,true,true,false,false,55.116599300003145,10.990573099988978,"[0.6318308115005493, 0.3638549745082855]","[0.6346226930618286, 0.3635866641998291]",,
628,reward_line,reward-line,6,1,1,up,0,right,"[0.6000000238418579, 0.4000000059604645]",1.4077015293878503e-05,0.7504510879516602,true,false,0.5587601065635681,0.0,0.05000162124633789,-10.883886337280273,41997,true,true,false,false,53.8645441000117,10.811545800010208,"[0.0796966552734375, 0.6037088632583618]","[0.6000000238418579, 0.4000000059604645]",,
629,reward_line,reward-line,6,2,1,up,2,left,"[0.6000000238418579, 0.4000000059604645]",0.0017801072681322694,0.9982183575630188,true,true,0.26712700724601746,0.32356759905815125,0.05002093315124512,1.697277307510376,41997,true,true,false,false,53.17090309999185,10.716826699994272,"[0.6852591037750244, 0.14684447646141052]","[0.8014130592346191, 0.1467633843421936]",,
630,reward_line,reward-line,6,2,1,up,3,down,"[0.6000000238418579, 0.4000000059604645]",1.2279839438633644e-06,0.9982183575630188,false,false,0.6000000238418579,0.0,-6.871362686157227,-13.608353614807129,41889,false,false,false,false,53.654767800006084,8.114716299984138,"[0.0, 0.4000000059604645]","[0.6000000238418579, 0.4000000059604645]",,
631,reward_line,reward-line,6,3,2,left,3,down,"[0.6000000238418579, 0.4000000059604645]",0.2617586553096771,0.7252158522605896,true,false,0.05340266227722168,0.05158756300806999,0.050035834312438965,0.010479927062988281,41905,false,true,false,true,53.721960300026694,12.495589600002859,"[0.563677191734314, 0.43914711475372314]","[0.5645202994346619, 0.43744951486587524]",,
632,reward_line,reward-line,6,3,2,left,0,right,"[0.6000000238418579, 0.4000000059604645]",0.01297867950052023,0.7252158522605896,true,false,0.24467523396015167,0.0,0.050107479095458984,-4.0231614112854,41997,true,true,false,false,50.07551230001263,9.081609199987724,"[0.39490360021591187, 0.5334219932556152]","[0.6000000238418579, 0.4000000059604645]",,
633,reward_line,reward-line,6,4,1,up,2,left,"[0.6000000238418579, 0.4000000059604645]",0.14931954443454742,0.7651636004447937,true,true,0.06014103814959526,0.07138682156801224,0.05002927780151367,1.3137547969818115,41997,true,true,false,true,53.208236000005854,10.574810399994021,"[0.6351127624511719, 0.35117337107658386]","[0.6468832492828369, 0.34616655111312866]",,
634,reward_line,reward-line,6,4,1,up,3,down,"[0.6000000238418579, 0.4000000059604645]",0.07143544405698776,0.7651636004447937,true,true,0.08365220576524734,0.11481675505638123,0.05000317096710205,1.2536675930023193,41905,true,true,true,true,55.20574080001097,10.153278400015552,"[0.5421753525733948, 0.46044832468032837]","[0.5153021216392517, 0.4775187373161316]",,
635,reward_line,reward-line,7,0,2,left,1,up,"[0.699999988079071, 0.30000001192092896]",0.3726249635219574,0.6273737549781799,true,false,0.05296746641397476,0.050440870225429535,0.05000638961791992,0.018512248992919922,41997,true,true,false,false,54.112485499994364,9.962715900008334,"[0.6683886647224426, 0.34250032901763916]","[0.672520101070404, 0.3422982096672058]",,
636,reward_line,reward-line,7,0,2,left,0,right,"[0.699999988079071, 0.30000001192092896]",1.2989791002837592e-06,0.6273737549781799,true,false,0.9769226312637329,0.0,0.05000185966491699,-13.087718963623047,41997,true,true,false,false,51.4757901999983,11.471560200006934,"[4.273653030395508e-05, 0.9814966320991516]","[0.699999988079071, 0.30000001192092896]",,
637,reward_line,reward-line,7,1,1,up,2,left,"[0.699999988079071, 0.30000001192092896]",0.2802983224391937,0.7196984887123108,true,false,0.279532253742218,0.0,0.05001235008239746,-0.9429779052734375,41997,true,true,false,false,54.5688925999857,10.26390389999142,"[0.7733153700828552, 0.030253589153289795]","[0.699999988079071, 0.30000001192092896]",,
638,reward_line,reward-line,7,1,1,up,0,right,"[0.699999988079071, 0.30000001192092896]",3.1741137718199752e-06,0.7196984887123108,false,false,0.9899494647979736,0.0,-0.8205787539482117,-12.331559181213379,41889,false,false,false,false,53.307114700000966,12.943078799988143,"[0.0, 1.0]","[0.699999988079071, 0.30000001192092896]",,
639,reward_line,reward-line,7,2,2,left,1,up,"[0.699999988079071, 0.30000001192092896]",0.29245713353157043,0.7075406908988953,true,false,0.07061570882797241,0.07015389949083328,0.050029754638671875,0.03667044639587402,41997,true,true,false,false,53.941439299989725,9.412724900001194,"[0.6559065580368042, 0.3551574945449829]","[0.6624734401702881, 0.35927334427833557]",,
640,reward_line,reward-line,7,2,2,left,0,right,"[0.699999988079071, 0.30000001192092896]",2.1818759705638513e-06,0.7075406908988953,true,false,0.8293775916099548,0.0,0.0500032901763916,-12.68936538696289,41997,true,true,true,false,45.577484800014645,8.012139499973273,"[0.0, 0.7448226809501648]","[0.699999988079071, 0.30000001192092896]",,
641,reward_line,reward-line,7,3,1,up,2,left,"[0.699999988079071, 0.30000001192092896]",0.05835042521357536,0.941634476184845,true,true,0.30019643902778625,0.3204007148742676,0.050002336502075195,0.1727616786956787,41997,true,true,false,false,47.44694960000925,8.983065699983854,"[0.7787036895751953, 0.010304272174835205]","[0.8489696383476257, 0.016337066888809204]",,
642,reward_line,reward-line,7,3,1,up,0,right,"[0.699999988079071, 0.30000001192092896]",1.5152011656027753e-05,0.941634476184845,true,false,0.7245447635650635,0.0,0.05006670951843262,-11.037239074707031,41997,true,true,false,false,44.996030200010864,7.284843999979785,"[0.0364227294921875, 0.590912938117981]","[0.699999988079071, 0.30000001192092896]",,
643,reward_line,reward-line,7,4,1,up,2,left,"[0.699999988079071, 0.30000001192092896]",0.05716908350586891,0.9427979588508606,true,true,0.11532451957464218,0.11951114237308502,0.05002737045288086,0.11454033851623535,41997,true,true,false,false,53.698913899977924,8.521035799989477,"[0.7402968406677246, 0.1919448971748352]","[0.7559068202972412, 0.19437170028686523]",,
644,reward_line,reward-line,7,4,1,up,0,right,"[0.699999988079071, 0.30000001192092896]",2.572706580394879e-05,0.9427979588508606,true,false,0.4183741807937622,0.0,0.05034559965133667,-10.509063720703125,41997,true,true,false,false,54.73870759998681,11.129948300018441,"[0.341348260641098, 0.5154203176498413]","[0.699999988079071, 0.30000001192092896]",,
645,reward_line,reward-line,7,5,1,up,2,left,"[0.699999988079071, 0.30000001192092896]",0.16375255584716797,0.6696367859840393,true,true,0.05380282178521156,0.13147523999214172,0.05001956224441528,1.4710490703582764,41997,true,true,false,false,54.7711469999922,9.92712420001044,"[0.7195620536804199, 0.24987946450710297]","[0.8236530423164368, 0.2553271949291229]",,
646,reward_line,reward-line,7,5,1,up,0,right,"[0.699999988079071, 0.30000001192092896]",0.15369103848934174,0.6696367859840393,true,true,0.06934770196676254,0.07425245642662048,0.050003767013549805,0.26298385858535767,41997,true,true,false,false,55.18639690001146,9.655979300005129,"[0.6613394618034363, 0.35757142305374146]","[0.6691046357154846, 0.36751967668533325]",,
647,reward_line,reward-line,8,0,2,left,1,up,"[0.800000011920929, 0.20000000298023224]",0.1765178143978119,0.8234804272651672,true,true,0.19301946461200714,0.21730946004390717,0.050022125244140625,0.23158740997314453,41997,true,true,false,false,54.02890760000446,12.141281399992295,"[0.6826146245002747, 0.35322266817092896]","[0.7201909422874451, 0.40212351083755493]",,
648,reward_line,reward-line,8,0,2,left,0,right,"[0.800000011920929, 0.20000000298023224]",1.7897333464134135e-06,0.8234804272651672,true,false,1.1183242797851562,0.0,0.050002098083496094,-13.039228439331055,41997,true,true,false,false,54.80559830000857,11.051079500000924,"[2.4437904357910156e-05, 0.9814653992652893]","[0.800000011920929, 0.20000000298023224]",,
649,reward_line,reward-line,8,1,1,up,2,left,"[0.800000011920929, 0.20000000298023224]",0.41289281845092773,0.5871014595031738,true,false,0.15767161548137665,0.0,0.0500028133392334,-0.35200953483581543,41997,true,true,false,false,55.60475610001595,9.896489900012966,"[0.8388129472732544, 0.047180190682411194]","[0.800000011920929, 0.20000000298023224]",,
650,reward_line,reward-line,8,1,1,up,0,right,"[0.800000011920929, 0.20000000298023224]",5.754029643867398e-06,0.5871014595031738,false,false,1.1313709020614624,0.0,-0.8205787539482117,-11.533052444458008,41889,false,false,false,false,54.35027620001347,10.414626599987969,"[0.0, 1.0]","[0.800000011920929, 0.20000000298023224]",,
651,reward_line,reward-line,8,2,2,left,1,up,"[0.800000011920929, 0.20000000298023224]",0.1495177000761032,0.8504791855812073,true,true,0.21125482022762299,0.30580049753189087,0.05002856254577637,1.6269135475158691,41997,true,true,false,false,53.35901160002686,10.82383460001438,"[0.6673054099082947, 0.3643798828125]","[0.6691719889640808, 0.47640180587768555]",,
652,reward_line,reward-line,8,2,2,left,0,right,"[0.800000011920929, 0.20000000298023224]",3.129834340143134e-06,0.8504791855812073,true,false,0.9679010510444641,0.0,0.05001401901245117,-12.512575149536133,41997,true,true,true,false,53.6960848000017,10.474727199994959,"[0.0, 0.7448232769966125]","[0.800000011920929, 0.20000000298023224]",,
653,reward_line,reward-line,8,3,1,up,2,left,"[0.800000011920929, 0.20000000298023224]",0.21301168203353882,0.7869652509689331,true,false,0.17815299332141876,0.17906717956066132,0.0500035285949707,0.028258323669433594,41997,true,true,false,false,54.037928100005956,10.210093400004553,"[0.8435630798339844, 0.02725525200366974]","[0.8744975328445435, 0.03716519474983215]",,
654,reward_line,reward-line,8,3,1,up,0,right,"[0.800000011920929, 0.20000000298023224]",2.3102093109628186e-05,0.7869652509689331,true,false,0.8567012548446655,0.0,0.050069570541381836,-10.436016082763672,41997,true,true,false,false,55.68512959999498,9.028472400008468,"[0.022326648235321045, 0.5593900680541992]","[0.800000011920929, 0.20000000298023224]",,
655,reward_line,reward-line,8,4,2,left,1,up,"[0.800000011920929, 0.20000000298023224]",0.4301377534866333,0.5698184967041016,true,true,0.01889638788998127,0.023287242278456688,0.05000424385070801,0.13849091529846191,41997,true,true,false,true,55.63770950000617,11.753505100001348,"[0.7965395450592041, 0.2185768336057663]","[0.7925124764442444, 0.22205068171024323]",,
656,reward_line,reward-line,8,4,2,left,0,right,"[0.800000011920929, 0.20000000298023224]",2.227894037787337e-05,0.5698184967041016,true,false,0.55575031042099,0.0,0.05011165142059326,-10.149431228637695,41997,true,true,false,false,54.794492900022306,12.149417900014669,"[0.3243774473667145, 0.4874745011329651]","[0.800000011920929, 0.20000000298023224]",,
657,reward_line,reward-line,8,5,1,up,2,left,"[0.800000011920929, 0.20000000298023224]",0.0028057193849235773,0.9966378211975098,true,true,0.24462270736694336,0.2471516728401184,0.050016164779663086,0.06441307067871094,41997,true,true,false,false,54.288137900002766,9.159868499991717,"[0.9408684968948364, 9.149312973022461e-06]","[0.9452331066131592, 2.1755695343017578e-05]",,
658,reward_line,reward-line,8,5,1,up,0,right,"[0.800000011920929, 0.20000000298023224]",0.0005541781429201365,0.9966378211975098,true,false,0.4212435483932495,0.0,0.05009037256240845,-7.494656562805176,41997,true,true,false,false,55.64555099999416,8.76048489997629,"[0.4975341856479645, 0.49319028854370117]","[0.800000011920929, 0.20000000298023224]",,
659,reward_line,reward-line,8,6,1,up,0,right,"[0.800000011920929, 0.20000000298023224]",0.17441941797733307,0.6483779549598694,true,false,0.06965072453022003,0.0,0.050128936767578125,-1.3130109310150146,41997,true,true,false,false,55.74263079999946,9.6805457000155,"[0.7761886119842529, 0.26545411348342896]","[0.800000011920929, 0.20000000298023224]",,
660,reward_line,reward-line,8,6,1,up,2,left,"[0.800000011920929, 0.20000000298023224]",0.16044320166110992,0.6483779549598694,true,true,0.03523211553692818,0.039666201919317245,0.05005347728729248,0.438568651676178,41997,true,true,false,false,53.82870830001775,9.966884699999355,"[0.8082358837127686, 0.16574402153491974]","[0.8107179999351501, 0.1618092656135559]",,
661,reward_line,reward-line,9,0,2,left,1,up,"[0.8999999761581421, 0.10000000149011612]",0.06273159384727478,0.9372667074203491,true,true,0.3334338366985321,0.39774999022483826,0.05002880096435547,0.09038734436035156,41997,true,true,false,false,54.33240320000914,13.767689600004815,"[0.6947029829025269, 0.3627380132675171]","[0.8508392572402954, 0.49470022320747375]",,
662,reward_line,reward-line,9,0,2,left,0,right,"[0.8999999761581421, 0.10000000149011612]",1.7708218820189359e-06,0.9372667074203491,true,false,1.259743571281433,0.0,0.050000667572021484,-13.179279327392578,41997,true,true,false,false,51.290282100002514,10.656132900010562,"[4.118680953979492e-05, 0.9814919829368591]","[0.8999999761581421, 0.10000000149011612]",,
663,reward_line,reward-line,9,1,1,up,2,left,"[0.8999999761581421, 0.10000000149011612]",0.4474320113658905,0.5525608658790588,true,false,0.03692047670483589,0.031693655997514725,0.050000905990600586,0.0061872005462646484,41997,true,true,false,false,54.03077310000663,10.56667249999009,"[0.9085272550582886, 0.06407776474952698]","[0.909043550491333, 0.06962399929761887]",,
664,reward_line,reward-line,9,1,1,up,0,right,"[0.8999999761581421, 0.10000000149011612]",7.0854703153599985e-06,0.5525608658790588,false,false,1.2727922201156616,0.0,-0.8205787539482117,-11.264272689819336,41889,false,false,false,false,56.39770099997986,8.788775199995143,"[0.0, 1.0]","[0.8999999761581421, 0.10000000149011612]",,
665,reward_line,reward-line,9,2,2,left,1,up,"[0.8999999761581421, 0.10000000149011612]",0.07832971215248108,0.9216667413711548,true,false,0.35199102759361267,0.4132572412490845,0.05002427101135254,0.0281524658203125,41997,true,true,true,false,44.95249769999646,8.618891699996311,"[0.6754339933395386, 0.3710494339466095]","[0.8439726829528809, 0.5094416737556458]",,
666,reward_line,reward-line,9,2,2,left,0,right,"[0.8999999761581421, 0.10000000149011612]",3.509350563035696e-06,0.9216667413711548,true,false,1.1071568727493286,0.0,0.05000448226928711,-12.478507995605469,41997,true,true,true,false,50.014593600004446,9.42046609998215,"[0.0, 0.7448227405548096]","[0.8999999761581421, 0.10000000149011612]",,
667,reward_line,reward-line,9,3,1,up,2,left,"[0.8999999761581421, 0.10000000149011612]",0.412201851606369,0.5877819061279297,true,false,0.057346194982528687,0.05572681128978729,0.05000424385070801,0.030181169509887695,41997,true,true,false,false,46.1510156999866,7.931373500003247,"[0.9127482175827026, 0.04408874735236168]","[0.9178924560546875, 0.047223713248968124]",,
668,reward_line,reward-line,9,3,1,up,0,right,"[0.8999999761581421, 0.10000000149011612]",1.6218864402617328e-05,0.5877819061279297,true,false,0.9899020791053772,0.0,0.05038583278656006,-10.497936248779297,41997,true,true,false,false,52.63891490001697,8.542852699989453,"[0.01006627082824707, 0.5335021615028381]","[0.8999999761581421, 0.10000000149011612]",,
669,reward_line,reward-line,9,4,2,left,1,up,"[0.8999999761581421, 0.10000000149011612]",0.0672575905919075,0.932733416557312,true,true,0.1465783715248108,0.188661590218544,0.05007648468017578,0.7107102870941162,41997,true,true,true,true,48.877580500004115,6.760989999980666,"[0.8498478531837463, 0.23773154616355896]","[0.8744984269142151, 0.286930114030838]",,
670,reward_line,reward-line,9,4,2,left,0,right,"[0.8999999761581421, 0.10000000149011612]",8.071197953540832e-06,0.932733416557312,true,false,0.6935243010520935,0.0,0.05019581317901611,-11.657572746276855,41997,true,true,false,false,44.23969059999217,8.694836200011196,"[0.31549984216690063, 0.47327670454978943]","[0.8999999761581421, 0.10000000149011612]",,
671,reward_line,reward-line,9,5,1,up,2,left,"[0.8999999761581421, 0.10000000149011612]",0.12222202867269516,0.8774572610855103,true,false,0.10801234841346741,0.10725997388362885,0.0500035285949707,0.011641263961791992,41997,true,true,false,false,44.807842599984724,7.763908900000388,"[0.9408248066902161, 0.0]","[0.9486224055290222, 0.004393719136714935]",,
672,reward_line,reward-line,9,5,1,up,0,right,"[0.8999999761581421, 0.10000000149011612]",0.0003003859310410917,0.8774572610855103,true,false,0.5626426339149475,0.0,0.05014079809188843,-7.979715347290039,41997,true,true,false,false,46.288876800012076,8.79378869998618,"[0.49600523710250854, 0.49160563945770264]","[0.8999999761581421, 0.10000000149011612]",,
673,reward_line,reward-line,9,6,2,left,0,right,"[0.8999999761581421, 0.10000000149011612]",0.08481334894895554,0.912474513053894,true,true,0.19778093695640564,0.23412001132965088,0.050008416175842285,2.006582736968994,41997,true,true,false,false,47.869892599992454,6.474690899980487,"[0.8328694105148315, 0.2860397398471832]","[0.8700157403945923, 0.33219200372695923]",,
674,reward_line,reward-line,9,6,2,left,3,down,"[0.8999999761581421, 0.10000000149011612]",0.0027039526030421257,0.912474513053894,false,false,0.2828426957130432,0.0,-2.9262642860412598,-5.821445465087891,41889,false,false,false,false,46.99673620000249,6.698118400003295,"[0.699999988079071, 0.30000001192092896]","[0.8999999761581421, 0.10000000149011612]",,
675,reward_line,reward-line,9,7,1,up,2,left,"[0.8999999761581421, 0.10000000149011612]",0.1813471019268036,0.6564190983772278,true,true,0.026124192401766777,0.03426812216639519,0.05000901222229004,0.8159643411636353,41997,true,true,false,false,49.69273660000181,5.825143699999899,"[0.9049940705299377, 0.07435760647058487]","[0.9072946310043335, 0.06651728600263596]",,
676,reward_line,reward-line,9,7,1,up,0,right,"[0.8999999761581421, 0.10000000149011612]",0.14294318854808807,0.6564190983772278,true,false,0.06505443155765533,0.06550811231136322,0.05008506774902344,0.035093486309051514,41997,true,true,false,false,48.909260400017956,9.342270199995255,"[0.8861173987388611, 0.16355590522289276]","[0.8953320384025574, 0.1653415858745575]",,
677,reward_line,reward-line,10,0,2,left,1,up,"[1.0, 0.0]",0.0018985394854098558,0.9980995059013367,true,true,0.47385960817337036,0.6413482427597046,0.05003213882446289,0.42660021781921387,41997,true,true,true,false,48.45143290000851,7.548457099997904,"[0.7068611979484558, 0.37230706214904785]","[0.9883449077606201, 0.6412423253059387]",,
678,reward_line,reward-line,10,0,2,left,0,right,"[1.0, 0.0]",1.9829121811199e-06,0.9980995059013367,true,false,1.4011975526809692,0.0,0.050017595291137695,-13.12904167175293,41997,true,true,false,false,49.05628160000197,7.432868700008839,"[7.62939453125e-05, 0.9815840721130371]","[1.0, 0.0]",,
679,reward_line,reward-line,10,1,2,left,1,up,"[1.0, 0.0]",0.3433508574962616,0.6566426157951355,true,false,0.09771160036325455,0.09718536585569382,0.0500035285949707,0.037297964096069336,41997,true,true,false,false,48.518265300022904,8.483591600001091,"[0.9768307209014893, 0.0949249267578125]","[0.9928560256958008, 0.09692243486642838]",,
680,reward_line,reward-line,10,1,2,left,0,right,"[1.0, 0.0]",6.501046755147399e-06,0.6566426157951355,false,false,1.4142135381698608,0.0,-0.8205787539482117,-11.522932052612305,41889,false,false,false,false,51.82606729998952,10.700554499984719,"[0.0, 1.0]","[1.0, 0.0]",,
681,reward_line,reward-line,10,2,1,up,2,left,"[1.0, 0.0]",0.05548974871635437,0.9445090293884277,false,false,0.0,0.0,-2.8344669342041016,-2.8344669342041016,41889,false,false,false,false,47.35872639997979,9.503880299977027,"[1.0, 0.0]","[1.0, 0.0]",,
682,reward_line,reward-line,10,2,1,up,0,right,"[1.0, 0.0]",1.1924018963327399e-06,0.9445090293884277,false,false,1.4142134189605713,0.0,-1.3544907569885254,-13.582450866699219,41889,false,false,false,false,48.985886899987236,8.642607100016903,"[5.960464477539063e-08, 0.9999999403953552]","[1.0, 0.0]",,
683,reward_line,reward-line,10,3,2,left,1,up,"[1.0, 0.0]",0.34838247299194336,0.6516025066375732,true,true,0.07221552729606628,0.16485311090946198,0.05000758171081543,0.5936018824577332,41997,true,true,false,false,47.542407900007674,6.919409800000722,"[0.983993649482727, 0.0704193115234375]","[0.9919193983078003, 0.164654940366745]",,
684,reward_line,reward-line,10,3,2,left,0,right,"[1.0, 0.0]",1.4979038496676367e-05,0.6516025066375732,true,false,1.1242620944976807,0.0,0.05000174045562744,-10.680538177490234,41997,true,true,true,false,48.06466410000576,8.097816099994816,"[0.0020458102226257324, 0.5177379250526428]","[1.0, 0.0]",,
685,reward_line,reward-line,10,4,1,up,2,left,"[1.0, 0.0]",0.22883351147174835,0.7711631059646606,false,false,0.0,0.0,-1.2149052619934082,-1.2149052619934082,41889,false,false,false,false,49.42856710002525,10.756206599995494,"[1.0, 0.0]","[1.0, 0.0]",,
686,reward_line,reward-line,10,4,1,up,0,right,"[1.0, 0.0]",3.4070017136400566e-06,0.7711631059646606,false,false,1.4142135381698608,0.0,-0.2604103088378906,-12.329822540283203,41889,false,false,false,false,46.77745289998711,12.076159400021425,"[0.0, 1.0]","[1.0, 0.0]",,
687,reward_line,reward-line,10,5,2,left,1,up,"[1.0, 0.0]",0.4359751045703888,0.5639492273330688,true,false,0.018520303070545197,0.016725895926356316,0.05000472068786621,0.02238917350769043,41997,true,true,false,false,54.38112609999371,9.328389000002062,"[0.9993505477905273, 0.0185089111328125]","[0.9982157945632935, 0.01663045957684517]",,
688,reward_line,reward-line,10,5,2,left,0,right,"[1.0, 0.0]",7.469474076060578e-05,0.5639492273330688,true,true,0.7040393352508545,1.0013089179992676,0.05011594295501709,0.2724384665489197,41997,true,true,false,false,54.66520700001274,12.193320399994263,"[0.49407958984375, 0.48960793018341064]","[0.9488179087638855, 1.0]",,
689,reward_line,reward-line,10,6,1,up,2,left,"[1.0, 0.0]",0.3487730920314789,0.6511945128440857,false,false,0.0,0.0,-0.6243868470191956,-0.6243868470191956,41889,false,false,false,false,55.578110799979186,11.246500499983085,"[1.0, 0.0]","[1.0, 0.0]",,
690,reward_line,reward-line,10,6,1,up,0,right,"[1.0, 0.0]",3.238652789150365e-05,0.6511945128440857,true,false,0.8408702611923218,0.0,0.050942301750183105,-9.908821105957031,41997,true,true,false,false,37.65223909998895,11.563453299982939,"[0.2999573349952698, 0.46583589911460876]","[1.0, 0.0]",,
691,reward_line,reward-line,10,7,2,left,0,right,"[1.0, 0.0]",0.03090539760887623,0.9689770936965942,true,true,0.18401730060577393,0.1962202787399292,0.05004382133483887,1.2713879346847534,41997,true,true,false,false,32.8265028000169,8.176021299994318,"[0.9630398154258728, 0.180267333984375]","[0.9937156438827515, 0.19611962139606476]",,
692,reward_line,reward-line,10,7,2,left,3,down,"[1.0, 0.0]",0.00011526281741680577,0.9689770936965942,false,false,1.0,0.0,-2.1625070571899414,-9.036781311035156,41889,false,false,false,false,29.950364100019215,10.668011900008423,"[0.0, 0.0]","[1.0, 0.0]",,
693,reward_line,reward-line,10,8,1,up,0,right,"[1.0, 0.0]",0.04347623139619827,0.9565237164497375,true,true,0.05607252195477486,0.07043836265802383,0.050159573554992676,1.8139011859893799,41997,true,true,false,true,55.09395370000857,13.259485100017628,"[0.99061119556427, 0.055280901491642]","[0.9967401027679443, 0.070362888276577]",,
694,reward_line,reward-line,10,8,1,up,3,down,"[1.0, 0.0]",2.1756831003472143e-08,0.9565237164497375,false,false,1.0,0.0,-9.546821594238281,-17.598888397216797,41889,false,false,false,false,55.8221240999992,11.39760810000007,"[0.0, 0.0]","[1.0, 0.0]",,
695,ft,fruit-tree-v0,0,0,0,left,1,right,"[0.008881770074367523, 0.18279963731765747, 6.913948059082031, 2.7997679710388184, 1.5072212219238281, 6.484860420227051]",3.15627781960711e-18,1.0,true,true,0.16164708137512207,0.13614968955516815,0.051570892333984375,3.2145309448242188,41997,true,true,true,true,63.723795800004154,14.420892699999968,"[1.488584280014038, 0.18279963731765747, 6.551723480224609, 2.811309814453125, 1.5658223628997803, 6.484860420227051]","[0.00890500470995903, 0.16695329546928406, 6.656461715698242, 2.380236864089966, 2.6550064086914062, 6.616714954376221]",,
696,ft,fruit-tree-v0,0,1,1,right,0,left,"[0.008881770074367523, 0.18279963731765747, 6.913948059082031, 2.7997679710388184, 1.5072212219238281, 6.484860420227051]",1.7055045375968803e-08,1.0,true,true,0.06651121377944946,0.06683041900396347,0.050243377685546875,3.8499526977539062,41997,true,true,true,false,66.73413769999752,10.500448999984656,"[0.008881770074367523, 0.7667589783668518, 6.913948059082031, 2.7997679710388184, 1.5072212219238281, 6.484860420227051]","[0.00885593518614769, 0.1970873326063156, 6.903321266174316, 2.9562439918518066, 1.0903053283691406, 6.052918434143066]",,
697,ft,fruit-tree-v0,0,2,0,left,1,right,"[0.008881770074367523, 0.18279963731765747, 6.913948059082031, 2.7997679710388184, 1.5072212219238281, 6.484860420227051]",4.533686137619952e-08,1.0,true,true,0.06044083088636398,0.12715783715248108,0.05027008056640625,16.945388793945312,41997,true,true,false,true,52.25791740001296,8.495595100015635,"[0.5829060673713684, 0.18279963731765747, 6.913948059082031, 2.7997679710388184, 1.5072212219238281, 6.484860420227051]","[0.009111208841204643, 0.1560809314250946, 6.88393497467041, 3.589277982711792, 2.3591020107269287, 6.337593078613281]",,
698,ft,fruit-tree-v0,0,3,1,right,0,left,"[0.008881770074367523, 0.18279963731765747, 6.913948059082031, 2.7997679710388184, 1.5072212219238281, 6.484860420227051]",7.69622538442094e-14,1.0,true,true,0.15149052441120148,0.13160227239131927,0.0508880615234375,18.603551864624023,41997,true,true,true,true,34.249207100016065,8.912749799987068,"[0.008881770074367523, 1.073468804359436, 6.913948059082031, 2.7997679710388184, 1.4469865560531616, 5.438287258148193]","[0.008893659338355064, 0.1874268651008606, 7.092304229736328, 3.3859658241271973, 0.970529317855835, 5.5806732177734375]",,
699,ft,fruit-tree-v0,0,4,0,left,1,right,"[0.008881770074367523, 0.18279963731765747, 6.913948059082031, 2.7997679710388184, 1.5072212219238281, 6.484860420227051]",3.3222056115003417e-25,1.0,true,true,0.17957495152950287,0.18994590640068054,0.0512237548828125,11.016393661499023,41997,true,true,false,true,33.908165299973916,10.874597499991069,"[1.714357852935791, 0.18279963731765747, 6.913948059082031, 2.7997679710388184, 1.5072212219238281, 6.484860420227051]","[0.008963434025645256, 0.1574965864419937, 6.454404354095459, 4.146542549133301, 2.4609341621398926, 6.758265972137451]",,
700,ft,fruit-tree-v0,0,5,1,right,0,left,"[0.008881770074367523, 0.18279963731765747, 6.913948059082031, 2.7997679710388184, 1.5072212219238281, 6.484860420227051]",3.099252490625303e-22,1.0,true,true,0.13311704993247986,0.15486359596252441,0.050533294677734375,11.1165771484375,41997,true,true,false,true,67.77298700000392,16.47778180000023,"[0.008881770074367523, 1.3515491485595703, 6.913948059082031, 2.7997679710388184, 1.5072212219238281, 6.484860420227051]","[0.008428210392594337, 0.27007222175598145, 6.841066837310791, 3.4209632873535156, 0.570879340171814, 5.600850582122803]",,
701,ft,fruit-tree-v0,0,6,1,right,0,left,"[0.008881770074367523, 0.18279963731765747, 6.913948059082031, 2.7997679710388184, 1.5072212219238281, 6.484860420227051]",1.0102899088632326e-25,1.0,true,false,0.634186327457428,0.3259798288345337,0.050445556640625,1.52587890625e-05,41997,true,true,true,true,45.954756500024814,8.98310979999951,"[4.173863410949707, 4.192666530609131, 6.913948059082031, 2.4722819328308105, 1.5072212219238281, 6.473685264587402]","[0.007906883955001831, 0.20554746687412262, 7.085573673248291, 2.6952292919158936, 4.061981201171875, 8.095315933227539]",,
702,ft,fruit-tree-v0,9,0,1,right,0,left,"[0.9579449892044067, 1.7319272756576538, 5.521538257598877, 3.2793688774108887, 7.2008819580078125, 1.728704571723938]",4.309005495192885e-18,1.0,true,true,0.12593495845794678,0.2436753809452057,0.050609588623046875,16.95718765258789,41997,true,true,true,true,47.091645200009225,12.583711599989329,"[1.9814895391464233, 1.7319272756576538, 5.521538257598877, 3.2793688774108887, 6.596495628356934, 1.728704571723938]","[1.9263373613357544, 0.990027666091919, 6.817073822021484, 4.497763633728027, 7.232659816741943, 2.000108480453491]",,
703,ft,fruit-tree-v0,9,1,0,left,1,right,"[0.9579449892044067, 1.7319272756576538, 5.521538257598877, 3.2793688774108887, 7.2008819580078125, 1.728704571723938]",1.2244221636592556e-07,0.9999998807907104,true,true,0.0685979500412941,0.030179159715771675,0.050090789794921875,2.440185546875,41997,true,true,true,true,63.082302800001344,11.336276799993357,"[0.9176958799362183, 1.7319272756576538, 4.939222812652588, 3.2793688774108887, 7.2008819580078125, 1.728704571723938]","[0.8721170425415039, 1.6464766263961792, 5.386318206787109, 3.281130790710449, 7.3996100425720215, 1.6843541860580444]",,
704,ft,fruit-tree-v0,9,2,1,right,0,left,"[0.9579449892044067, 1.7319272756576538, 5.521538257598877, 3.2793688774108887, 7.2008819580078125, 1.728704571723938]",7.810902966087774e-12,1.0,true,true,0.036125749349594116,0.05463290214538574,0.050518035888671875,10.218986511230469,41997,true,true,true,true,40.23049479999463,7.551542800007155,"[1.2131417989730835, 1.7592456340789795, 5.494246006011963, 3.2793688774108887, 6.980757236480713, 1.728704571723938]","[1.1854153871536255, 1.9288272857666016, 5.652668476104736, 3.262423276901245, 6.824595928192139, 1.7720630168914795]",,
705,ft,fruit-tree-v0,9,3,1,right,0,left,"[0.9579449892044067, 1.7319272756576538, 5.521538257598877, 3.2793688774108887, 7.2008819580078125, 1.728704571723938]",6.652050329840342e-13,1.0,true,true,0.03772656247019768,0.0626637190580368,0.05001068115234375,16.875823974609375,41997,true,true,true,true,34.93603859998984,9.125044100015657,"[1.2204537391662598, 1.7319272756576538, 5.521538257598877, 3.2793688774108887, 6.962687969207764, 1.728704571723938]","[1.1187959909439087, 1.7384189367294312, 5.850887298583984, 3.474682569503784, 6.82111120223999, 1.7040412425994873]",,
706,ft,fruit-tree-v0,9,4,1,right,0,left,"[0.9579449892044067, 1.7319272756576538, 5.521538257598877, 3.2793688774108887, 7.2008819580078125, 1.728704571723938]",7.680788449704323e-09,1.0,true,true,0.03175659105181694,0.05907515436410904,0.05023193359375,15.207000732421875,41997,true,true,true,true,63.68723859998863,8.630877499992494,"[1.1952719688415527, 1.7925255298614502, 5.517499923706055, 3.3497397899627686, 7.046525001525879, 1.728704571723938]","[1.1173715591430664, 1.802871584892273, 5.763628959655762, 3.512855291366577, 6.821056365966797, 1.7455530166625977]",,
707,ft,fruit-tree-v0,9,5,0,left,1,right,"[0.9579449892044067, 1.7319272756576538, 5.521538257598877, 3.2793688774108887, 7.2008819580078125, 1.728704571723938]",2.688956549076142e-18,1.0,true,true,0.13138146698474884,0.07451080530881882,0.05037689208984375,8.049232482910156,41997,true,true,true,true,38.084832099993946,9.905067299987422,"[0.9579449892044067, 1.7319272756576538, 4.895466327667236, 3.2793688774108887, 7.2008819580078125, 2.7426743507385254]","[0.7801061868667603, 1.7509191036224365, 5.194236755371094, 2.9118897914886475, 7.593551158905029, 1.89187490940094]",,
708,ft,fruit-tree-v0,9,6,0,left,1,right,"[0.9579449892044067, 1.7319272756576538, 5.521538257598877, 3.2793688774108887, 7.2008819580078125, 1.728704571723938]",8.027391549874849e-14,1.0,true,true,0.24797183275222778,0.08035339415073395,0.050922393798828125,5.453159332275391,41997,true,true,true,true,65.38081139998394,11.262722899991786,"[0.9579449892044067, 1.7158106565475464, 4.18026065826416, 3.6742300987243652, 7.2008819580078125, 3.4656128883361816]","[0.6864553689956665, 1.4794743061065674, 5.214336395263672, 3.0927679538726807, 7.712353706359863, 1.662062644958496]",,
709,ft,fruit-tree-v0,17,0,1,right,0,left,"[1.4780547618865967, 0.5676522850990295, 7.377028942108154, 0.0927114263176918, 4.3638458251953125, 4.90110445022583]",4.871493075597755e-08,1.0,true,true,0.04001089185476303,0.09554590284824371,0.050201416015625,5.103450775146484,41997,true,true,true,true,62.35090220000711,11.774870599998394,"[1.4780547618865967, 0.6579699516296387, 7.377028942108154, 0.4460279941558838, 4.3638458251953125, 4.897822856903076]","[1.3705956935882568, 0.6001454591751099, 7.5121331214904785, 0.09665235131978989, 4.433780193328857, 4.033117294311523]",,
710,ft,fruit-tree-v0,17,1,0,left,1,right,"[1.4780547618865967, 0.5676522850990295, 7.377028942108154, 0.0927114263176918, 4.3638458251953125, 4.90110445022583]",4.3997969182870606e-41,1.0,true,true,0.48178747296333313,0.33066055178642273,0.051166534423828125,11.323997497558594,41997,true,true,true,true,66.0321470000199,12.923910700017586,"[1.4780547618865967, 0.5676522850990295, 3.300048351287842, 0.0927114263176918, 4.3638458251953125, 4.4509687423706055]","[3.146303415298462, 0.29567238688468933, 5.621128559112549, 0.07781843841075897, 5.938043594360352, 5.628812789916992]",,
711,ft,fruit-tree-v0,17,2,0,left,1,right,"[1.4780547618865967, 0.5676522850990295, 7.377028942108154, 0.0927114263176918, 4.3638458251953125, 4.90110445022583]",3.675967950172998e-12,1.0,true,true,0.10475431382656097,0.129762202501297,0.050060272216796875,8.014755249023438,41997,true,true,true,true,67.43100560002495,12.221564100007527,"[1.4780547618865967, 0.5676522850990295, 6.559987545013428, 0.0927114263176918, 4.3638458251953125, 5.290322780609131]","[1.5779438018798828, 0.5244441032409668, 7.230494499206543, 0.08961644768714905, 4.800680160522461, 6.010995388031006]",,
712,ft,fruit-tree-v0,17,3,0,left,1,right,"[1.4780547618865967, 0.5676522850990295, 7.377028942108154, 0.0927114263176918, 4.3638458251953125, 4.90110445022583]",3.8704574267800496e-11,1.0,true,true,0.07984807342290878,0.106775663793087,0.0500030517578125,11.126335144042969,41997,true,true,true,true,66.25059400001192,13.959923399990657,"[2.030756711959839, 0.5676522850990295, 6.927921295166016, 0.0927114263176918, 4.2972540855407715, 5.014878749847412]","[2.2134156227111816, 0.32210126519203186, 6.8329010009765625, 0.08488190174102783, 4.351480484008789, 5.115233898162842]",,
713,ft,fruit-tree-v0,17,4,1,right,0,left,"[1.4780547618865967, 0.5676522850990295, 7.377028942108154, 0.0927114263176918, 4.3638458251953125, 4.90110445022583]",2.916088259752314e-09,1.0,true,true,0.04287823662161827,0.08657839149236679,0.050434112548828125,5.53997802734375,41997,true,true,false,false,65.3127225000062,15.107300899981055,"[1.5031087398529053, 0.8008917570114136, 7.363576889038086, 0.39332130551338196, 4.383103370666504, 4.844518184661865]","[1.3716000318527222, 0.6277015209197998, 7.419895648956299, 0.09503986686468124, 4.741072177886963, 4.201082706451416]",,
714,ft,fruit-tree-v0,17,5,1,right,0,left,"[1.4780547618865967, 0.5676522850990295, 7.377028942108154, 0.0927114263176918, 4.3638458251953125, 4.90110445022583]",7.303475857943498e-14,1.0,true,true,0.0598248690366745,0.13284820318222046,0.05080413818359375,10.019271850585938,41997,true,true,false,true,61.71592869999586,10.110671600006754,"[1.5141247510910034, 0.6976677179336548, 7.376023292541504, 0.6142293810844421, 4.353466987609863, 4.8142242431640625]","[1.3626569509506226, 0.6042864918708801, 7.550784587860107, 0.0967123955488205, 3.8775064945220947, 3.786198139190674]",,
715,ft,fruit-tree-v0,17,6,1,right,0,left,"[1.4780547618865967, 0.5676522850990295, 7.377028942108154, 0.0927114263176918, 4.3638458251953125, 4.90110445022583]",7.66670689607285e-13,1.0,true,true,0.0634080097079277,0.14426660537719727,0.050502777099609375,0.8677215576171875,41997,true,true,false,true,67.37644399999408,11.606287500006147,"[1.6261403560638428, 0.7245438098907471, 7.352679252624512, 0.6081728935241699, 4.300858974456787, 4.762290000915527]","[1.517018437385559, 0.6024212837219238, 7.504997253417969, 0.09591297805309296, 3.9755659103393555, 3.623471975326538]",,
716,ft,fruit-tree-v0,26,0,0,left,1,right,"[2.0656259059906006, 5.1109843254089355, 6.2903218269348145, 4.600985050201416, 0.3856895864009857, 2.9538216590881348]",7.967143660517369e-28,1.0,true,true,0.06096690148115158,0.13191260397434235,0.051036834716796875,33.73680877685547,41997,true,true,false,true,63.144478399975924,10.137784899998223,"[2.0949642658233643, 5.040801525115967, 6.095341682434082, 4.675512790679932, 0.8913843631744385, 3.0370426177978516]","[2.053586721420288, 4.786247253417969, 5.518073558807373, 5.303192138671875, 0.4365958869457245, 3.3547799587249756]",,
717,ft,fruit-tree-v0,26,1,0,left,1,right,"[2.0656259059906006, 5.1109843254089355, 6.2903218269348145, 4.600985050201416, 0.3856895864009857, 2.9538216590881348]",1.054532217705786e-14,1.0,true,true,0.03430543839931488,0.056898050010204315,0.0507354736328125,4.887451171875,41997,true,true,false,true,65.853360899986,10.511438899993664,"[2.097106695175171, 5.091869354248047, 6.174662113189697, 4.655369281768799, 0.6691068410873413, 2.9791135787963867]","[2.0886151790618896, 4.942458629608154, 5.95767068862915, 4.890610694885254, 0.40894612669944763, 3.121154308319092]",,
718,ft,fruit-tree-v0,26,2,0,left,1,right,"[2.0656259059906006, 5.1109843254089355, 6.2903218269348145, 4.600985050201416, 0.3856895864009857, 2.9538216590881348]",2.0999459116044505e-10,1.0,true,true,0.027491291984915733,0.05026989057660103,0.05019378662109375,10.157585144042969,41997,true,true,false,true,66.99358489998849,12.203230899991468,"[2.09244704246521, 5.108707904815674, 6.171842098236084, 4.595742702484131, 0.5975713729858398, 3.0062432289123535]","[2.0892534255981445, 5.069202423095703, 5.948362827301025, 4.765644073486328, 0.40415382385253906, 3.1729371547698975]",,
719,ft,fruit-tree-v0,26,3,0,left,1,right,"[2.0656259059906006, 5.1109843254089355, 6.2903218269348145, 4.600985050201416, 0.3856895864009857, 2.9538216590881348]",4.0731890749157174e-08,1.0,true,true,0.021868491545319557,0.05257081612944603,0.050018310546875,12.948707580566406,41997,true,true,true,true,64.48289040001691,12.128138000000035,"[2.0600061416625977, 5.098707675933838, 6.216038227081299, 4.635914325714111, 0.5677167773246765, 2.9538216590881348]","[2.095912218093872, 4.9091691970825195, 6.022078514099121, 4.90982723236084, 0.40507227182388306, 3.039121627807617]",,
720,ft,fruit-tree-v0,26,4,1,right,0,left,"[2.0656259059906006, 5.1109843254089355, 6.2903218269348145, 4.600985050201416, 0.3856895864009857, 2.9538216590881348]",1.690339014592812e-11,1.0,true,true,0.14307662844657898,0.06142570078372955,0.05023193359375,7.406105041503906,41997,true,true,true,true,65.99882619999698,11.672336200019345,"[3.3160746097564697, 5.009435653686523, 6.2903218269348145, 4.100321292877197, 0.3856895864009857, 2.9538216590881348]","[2.1117630004882812, 5.0086565017700195, 6.68247127532959, 4.343502044677734, 0.36192575097084045, 2.7095558643341064]",,
721,ft,fruit-tree-v0,26,5,1,right,0,left,"[2.0656259059906006, 5.1109843254089355, 6.2903218269348145, 4.600985050201416, 0.3856895864009857, 2.9538216590881348]",4.2539198096298226e-24,1.0,true,true,0.15968747437000275,0.11787635087966919,0.05096435546875,14.160835266113281,41997,true,true,true,true,66.31224719999591,10.476936599996407,"[3.2943854331970215, 5.1109843254089355, 6.2903218269348145, 3.7456648349761963, 0.3856895864009857, 2.9538216590881348]","[2.087254285812378, 5.449122428894043, 6.852146148681641, 3.8512613773345947, 0.3473881483078003, 2.618579387664795]",,
722,ft,fruit-tree-v0,26,6,1,right,0,left,"[2.0656259059906006, 5.1109843254089355, 6.2903218269348145, 4.600985050201416, 0.3856895864009857, 2.9538216590881348]",7.378211777165408e-15,1.0,true,true,0.09055804461240768,0.05890843644738197,0.0504608154296875,2.3390846252441406,41997,true,true,true,true,65.58492439999827,10.007560099998955,"[2.0656259059906006, 5.350488185882568, 6.2903218269348145, 3.8119280338287354, 0.3856895864009857, 2.946732521057129]","[2.0489132404327393, 5.335090637207031, 6.564371585845947, 4.249807357788086, 0.3674755394458771, 2.793355941772461]",,
723,ft,fruit-tree-v0,35,0,1,right,0,left,"[2.4858407974243164, 5.075314044952393, 4.434077739715576, 4.518851280212402, 3.7052879333496094, 3.7751243114471436]",3.027432203565439e-24,1.0,true,true,0.31737467646598816,0.32467320561408997,0.056308746337890625,9.8104248046875,41997,true,true,true,true,64.98247170000104,13.80379120001453,"[5.051191806793213, 5.0741801261901855, 4.434077739715576, 2.996187448501587, 3.7052879333496094, 3.7751243114471436]","[3.9422390460968018, 4.630112171173096, 5.210604190826416, 5.155941963195801, 5.5246477127075195, 2.2253594398498535]",,
724,ft,fruit-tree-v0,35,1,1,right,0,left,"[2.4858407974243164, 5.075314044952393, 4.434077739715576, 4.518851280212402, 3.7052879333496094, 3.7751243114471436]",1.809812566477831e-08,1.0,true,true,0.04449693113565445,0.033402908593416214,0.05004119873046875,4.029182434082031,41997,true,true,false,true,65.22717729999567,8.334702499996638,"[2.4858407974243164, 4.684637069702148, 4.434077739715576, 4.518851280212402, 3.7052879333496094, 3.7751243114471436]","[2.438451051712036, 4.887005805969238, 4.587596416473389, 4.546180725097656, 3.8300232887268066, 3.675077199935913]",,
725,ft,fruit-tree-v0,35,2,1,right,0,left,"[2.4858407974243164, 5.075314044952393, 4.434077739715576, 4.518851280212402, 3.7052879333496094, 3.7751243114471436]",3.972693354836743e-11,1.0,true,true,0.06820718944072723,0.09556002169847488,0.05013275146484375,19.444412231445312,41997,true,true,false,true,65.5643895000103,13.251005600002827,"[2.4858407974243164, 4.47646427154541, 4.434077739715576, 4.518851280212402, 3.7052879333496094, 3.7751243114471436]","[2.4739303588867188, 4.7934064865112305, 4.266698837280273, 4.727278709411621, 4.4879560470581055, 3.6953423023223877]",,
726,ft,fruit-tree-v0,35,3,0,left,1,right,"[2.4858407974243164, 5.075314044952393, 4.434077739715576, 4.518851280212402, 3.7052879333496094, 3.7751243114471436]",1.8380919388906284e-27,1.0,true,true,0.2167140394449234,0.1744435578584671,0.051235198974609375,0.92303466796875,41997,true,true,true,true,65.61971869997797,11.51281210000161,"[2.4858407974243164, 5.075314044952393, 3.510254383087158, 5.251211643218994, 2.410585403442383, 2.8782742023468018]","[3.0973970890045166, 5.153593063354492, 3.8697497844696045, 5.150590419769287, 2.507335662841797, 3.9485199451446533]",,
727,ft,fruit-tree-v0,35,4,0,left,1,right,"[2.4858407974243164, 5.075314044952393, 4.434077739715576, 4.518851280212402, 3.7052879333496094, 3.7751243114471436]",2.9936627178941966e-13,1.0,true,true,0.05598026141524315,0.06788511574268341,0.05062103271484375,7.981910705566406,41997,true,true,true,true,64.99721500001033,14.255904299992835,"[2.4858407974243164, 5.075314044952393, 4.288922309875488, 4.750630855560303, 3.2702598571777344, 3.7751243114471436]","[2.5548484325408936, 5.291727542877197, 4.248050212860107, 4.657181262969971, 3.195662021636963, 3.914083480834961]",,
728,ft,fruit-tree-v0,35,5,0,left,1,right,"[2.4858407974243164, 5.075314044952393, 4.434077739715576, 4.518851280212402, 3.7052879333496094, 3.7751243114471436]",1.5891787885635722e-10,1.0,true,true,0.08358459174633026,0.06134755536913872,0.05030059814453125,7.505012512207031,41997,true,true,true,false,65.34033450001152,14.470830599981127,"[2.4858407974243164, 5.075314044952393, 3.7231855392456055, 4.518851280212402, 3.7052879333496094, 3.7751243114471436]","[2.594334840774536, 5.426469802856445, 4.11993932723999, 4.458482265472412, 3.52528715133667, 3.9221529960632324]",,
729,ft,fruit-tree-v0,35,6,1,right,0,left,"[2.4858407974243164, 5.075314044952393, 4.434077739715576, 4.518851280212402, 3.7052879333496094, 3.7751243114471436]",9.371131182536108e-28,1.0,true,true,0.1770613193511963,0.14169903099536896,0.05072021484375,37.91748809814453,41997,true,true,true,true,64.27353589999257,12.326131599984365,"[3.692866086959839, 5.075314044952393, 4.434077739715576, 3.3922924995422363, 3.7052879333496094, 3.7751243114471436]","[2.3372979164123535, 4.741988182067871, 4.718683242797852, 4.24647331237793, 4.854981422424316, 3.4768805503845215]",,
730,ft,fruit-tree-v0,43,0,1,right,0,left,"[2.8735103607177734, 0.5534063577651978, 5.416048526763916, 3.5534000396728516, 1.912075400352478, 6.769077777862549]",2.8216938241214527e-39,1.0,true,true,0.16760969161987305,0.27020514011383057,0.051509857177734375,11.163932800292969,41997,true,true,true,true,48.53175929997815,11.614090599992778,"[3.6518492698669434, 1.6936365365982056, 5.416048526763916, 2.9396729469299316, 1.912075400352478, 6.769077777862549]","[2.254138231277466, 0.5763876438140869, 6.631890296936035, 1.7122828960418701, 1.7720630168914795, 7.575663089752197]",,
731,ft,fruit-tree-v0,43,1,1,right,0,left,"[2.8735103607177734, 0.5534063577651978, 5.416048526763916, 3.5534000396728516, 1.912075400352478, 6.769077777862549]",5.377250866800409e-10,1.0,true,true,0.04996686801314354,0.03539399057626724,0.050079345703125,4.589256286621094,41997,true,true,true,true,51.66158600000199,12.228332600003341,"[2.8735103607177734, 0.9815566539764404, 5.416048526763916, 3.4538581371307373, 1.912075400352478, 6.769077777862549]","[2.8068723678588867, 0.5589737892150879, 5.60435676574707, 3.3145315647125244, 1.8726214170455933, 6.737475395202637]",,
732,ft,fruit-tree-v0,43,2,0,left,1,right,"[2.8735103607177734, 0.5534063577651978, 5.416048526763916, 3.5534000396728516, 1.912075400352478, 6.769077777862549]",3.1853465427908055e-16,1.0,true,true,0.09156065434217453,0.1258101463317871,0.05065155029296875,12.549640655517578,41997,true,true,true,true,54.69846590000088,13.858692500012694,"[2.8641905784606934, 0.5557487607002258, 5.003348350524902, 4.2628326416015625, 1.9051741361618042, 6.769077777862549]","[2.7608487606048584, 0.5614461302757263, 4.636297225952148, 4.277547836303711, 2.040170669555664, 7.034389019012451]",,
733,ft,fruit-tree-v0,43,3,0,left,1,right,"[2.8735103607177734, 0.5534063577651978, 5.416048526763916, 3.5534000396728516, 1.912075400352478, 6.769077777862549]",1.8057488837541769e-10,1.0,true,true,0.05121767893433571,0.06829752027988434,0.05062103271484375,6.309257507324219,41997,true,true,true,true,62.393039400019916,11.719410899997456,"[2.8735103607177734, 0.5534063577651978, 5.1001996994018555, 3.788358688354492, 2.1360650062561035, 6.769077777862549]","[2.9555177688598633, 0.548674464225769, 5.034442901611328, 4.007494926452637, 1.959793210029602, 6.852798938751221]",,
734,ft,fruit-tree-v0,43,4,1,right,0,left,"[2.8735103607177734, 0.5534063577651978, 5.416048526763916, 3.5534000396728516, 1.912075400352478, 6.769077777862549]",3.171060983242491e-11,1.0,true,true,0.059741728007793427,0.06260856240987778,0.05035400390625,14.648311614990234,41997,true,true,false,true,51.516374800004996,8.022452500008512,"[2.8735103607177734, 1.0779305696487427, 5.416048526763916, 3.5534000396728516, 1.912075400352478, 6.769077777862549]","[2.65762996673584, 0.5705034136772156, 5.699557304382324, 3.1193833351135254, 1.8617329597473145, 6.753159046173096]",,
735,ft,fruit-tree-v0,43,5,1,right,0,left,"[2.8735103607177734, 0.5534063577651978, 5.416048526763916, 3.5534000396728516, 1.912075400352478, 6.769077777862549]",6.580598804522458e-28,1.0,true,true,0.12795688211917877,0.24048617482185364,0.050182342529296875,5.864383697509766,41997,true,true,true,true,59.51827600001707,9.613286800013157,"[3.336589813232422, 1.5057013034820557, 5.415882587432861, 3.1219265460968018, 1.904430627822876, 6.7596025466918945]","[2.8835020065307617, 0.5610511302947998, 6.691603183746338, 1.925118327140808, 1.6539061069488525, 6.274813175201416]",,
736,ft,fruit-tree-v0,43,6,0,left,1,right,"[2.8735103607177734, 0.5534063577651978, 5.416048526763916, 3.5534000396728516, 1.912075400352478, 6.769077777862549]",7.415020680801021e-11,1.0,true,true,0.05082334205508232,0.07406845688819885,0.0501708984375,9.317153930664062,41997,true,true,false,true,58.54130450001685,9.623463600000832,"[2.8683691024780273, 0.5533194541931152, 5.188385009765625, 3.9478249549865723, 1.9267387390136719, 6.761502265930176]","[3.0767905712127686, 0.5403420925140381, 5.099423885345459, 4.104583740234375, 1.9175549745559692, 6.77990198135376]",,
737,ft,fruit-tree-v0,52,0,1,right,0,left,"[3.4315340518951416, 0.0934949666261673, 5.550422191619873, 0.7685859799385071, 6.173673629760742, 4.324774742126465]",7.891261949444228e-11,1.0,true,true,0.33338892459869385,0.12541452050209045,0.05450439453125,5.337455749511719,41997,true,true,true,true,53.48867330001667,7.170278200006578,"[4.0623779296875, 2.9619193077087402, 5.550422191619873, 0.7685859799385071, 6.173673629760742, 4.324774742126465]","[3.7422268390655518, 0.09256714582443237, 5.615811824798584, 1.2422372102737427, 7.157248497009277, 4.083417892456055]",,
738,ft,fruit-tree-v0,52,1,0,left,1,right,"[3.4315340518951416, 0.0934949666261673, 5.550422191619873, 0.7685859799385071, 6.173673629760742, 4.324774742126465]",5.915069323236821e-09,1.0,true,true,0.07878541946411133,0.07111667841672897,0.05010223388671875,7.326972961425781,41997,true,true,true,true,29.20991979999235,7.235540299996501,"[3.4315340518951416, 0.0934949666261673, 4.88034725189209, 0.7685859799385071, 6.173673629760742, 4.324774742126465]","[3.7830810546875, 0.09301770478487015, 5.091917991638184, 0.6424926519393921, 6.230458736419678, 4.543950080871582]",,
739,ft,fruit-tree-v0,52,2,1,right,0,left,"[3.4315340518951416, 0.0934949666261673, 5.550422191619873, 0.7685859799385071, 6.173673629760742, 4.324774742126465]",6.860948786879817e-08,0.9999998807907104,true,true,0.1461791843175888,0.06225404143333435,0.05028533935546875,9.002174377441406,41997,true,true,false,true,29.575919700000668,6.511311600013869,"[3.4315340518951416, 1.3769283294677734, 5.550422191619873, 0.7685859799385071, 6.173673629760742, 4.324774742126465]","[3.2037301063537598, 0.0939694344997406, 5.928354263305664, 0.9181199073791504, 6.164933681488037, 4.021845817565918]",,
740,ft,fruit-tree-v0,52,3,0,left,1,right,"[3.4315340518951416, 0.0934949666261673, 5.550422191619873, 0.7685859799385071, 6.173673629760742, 4.324774742126465]",1.6709131855918713e-08,1.0,true,true,0.07474968582391739,0.06368087232112885,0.050319671630859375,5.315181732177734,41997,true,true,true,true,29.625427199993283,8.061254900007043,"[3.4315340518951416, 0.0934949666261673, 4.914671421051025, 0.7685859799385071, 6.173673629760742, 4.324774742126465]","[3.6736412048339844, 0.09322751313447952, 5.092179775238037, 0.6390722990036011, 6.211228847503662, 4.482132911682129]",,
741,ft,fruit-tree-v0,52,4,1,right,0,left,"[3.4315340518951416, 0.0934949666261673, 5.550422191619873, 0.7685859799385071, 6.173673629760742, 4.324774742126465]",6.188268213830339e-14,1.0,true,true,0.052717678248882294,0.083118736743927,0.0500946044921875,3.338916778564453,41997,true,true,true,true,29.654809400002705,7.296509800013155,"[3.4315340518951416, 0.371029794216156, 5.550422191619873, 1.1541143655776978, 6.173673629760742, 4.324774742126465]","[2.743521213531494, 0.09512074291706085, 5.822801113128662, 0.9009912610054016, 6.307959079742432, 4.461579322814941]",,
742,ft,fruit-tree-v0,52,5,1,right,0,left,"[3.4315340518951416, 0.0934949666261673, 5.550422191619873, 0.7685859799385071, 6.173673629760742, 4.324774742126465]",3.3958712890594263e-31,1.0,true,true,0.38695549964904785,0.16045230627059937,0.0552825927734375,14.145370483398438,41997,true,true,true,true,30.426064600003883,7.236698799999431,"[4.083620071411133, 3.392516851425171, 5.550422191619873, 0.7685859799385071, 5.59932804107666, 4.324774742126465]","[3.0025548934936523, 0.09402922540903091, 6.4584269523620605, 1.1999863386154175, 5.921911716461182, 3.4242050647735596]",,
743,ft,fruit-tree-v0,52,6,0,left,1,right,"[3.4315340518951416, 0.0934949666261673, 5.550422191619873, 0.7685859799385071, 6.173673629760742, 4.324774742126465]",1.7867735286128394e-12,1.0,true,true,0.11112163215875626,0.08747109770774841,0.050628662109375,12.011375427246094,41997,true,true,false,true,30.56494810001459,7.4015904999978375,"[3.4315340518951416, 0.0934949666261673, 5.550422191619873, 0.7685859799385071, 5.142844200134277, 4.324774742126465]","[4.108299255371094, 0.09166315197944641, 5.4445719718933105, 0.6670693159103394, 5.8313140869140625, 4.040167808532715]",,
744,ft,fruit-tree-v0,60,0,1,right,0,left,"[3.9134256839752197, 1.0301706790924072, 1.5415339469909668, 9.003777503967285, 0.12064941227436066, 0.40615585446357727]",2.0679402634726785e-11,1.0,true,true,0.04686281085014343,0.07949680089950562,0.050811767578125,3.665790557861328,41997,true,true,true,true,29.006868399999803,8.355096499988576,"[3.9134256839752197, 1.0301706790924072, 1.5415339469909668, 8.897249221801758, 0.541710615158081, 0.40615585446357727]","[4.648303985595703, 0.8950832486152649, 1.5535861253738403, 9.00222110748291, 0.12479987740516663, 0.3160724937915802]",,
745,ft,fruit-tree-v0,60,1,0,left,1,right,"[3.9134256839752197, 1.0301706790924072, 1.5415339469909668, 9.003777503967285, 0.12064941227436066, 0.40615585446357727]",3.0959227694492275e-13,1.0,true,true,0.07208606600761414,0.07381197065114975,0.050334930419921875,0.30004119873046875,41997,true,true,false,true,29.43923280001036,7.045985400007339,"[3.9134256839752197, 1.0301706790924072, 1.5415339469909668, 9.003777503967285, 0.12064941227436066, 1.0778262615203857]","[4.136434555053711, 1.0228556394577026, 1.4394237995147705, 9.012797355651855, 0.11230725049972534, 1.0483431816101074]",,
746,ft,fruit-tree-v0,60,2,1,right,0,left,"[3.9134256839752197, 1.0301706790924072, 1.5415339469909668, 9.003777503967285, 0.12064941227436066, 0.40615585446357727]",2.9511249000080397e-10,1.0,true,true,0.043525710701942444,0.10222535580396652,0.05016326904296875,24.57953643798828,41997,true,true,true,true,32.6023097000143,6.82262510000146,"[3.9134256839752197, 1.0301706790924072, 1.5415339469909668, 9.003777503967285, 0.5244194269180298, 0.40615585446357727]","[4.837080955505371, 0.8439612984657288, 1.4190895557403564, 9.00006103515625, 0.12914195656776428, 0.23599915206432343]",,
747,ft,fruit-tree-v0,60,3,0,left,1,right,"[3.9134256839752197, 1.0301706790924072, 1.5415339469909668, 9.003777503967285, 0.12064941227436066, 0.40615585446357727]",1.2746348421188713e-09,1.0,true,true,0.0371619313955307,0.06888623535633087,0.050159454345703125,8.334564208984375,41997,true,true,false,true,54.46341029999894,8.406958300009137,"[3.9057118892669678, 1.0296698808670044, 1.6201637983322144, 9.004515647888184, 0.13199539482593536, 0.7412499189376831]","[3.7078065872192383, 1.0291281938552856, 1.3847918510437012, 9.01867961883545, 0.10441990941762924, 0.9903643131256104]",,
748,ft,fruit-tree-v0,60,4,1,right,0,left,"[3.9134256839752197, 1.0301706790924072, 1.5415339469909668, 9.003777503967285, 0.12064941227436066, 0.40615585446357727]",7.889553899076418e-09,1.0,true,true,0.04882919415831566,0.08709955215454102,0.050445556640625,2.108783721923828,41997,true,true,true,true,65.35632049999549,7.367145900003379,"[3.9134256839752197, 1.1261845827102661, 1.5415339469909668, 8.966435432434082, 0.5604811310768127, 0.40615585446357727]","[3.1822338104248047, 1.082959532737732, 1.8605797290802002, 9.00114917755127, 0.12542188167572021, 0.2694478929042816]",,
749,ft,fruit-tree-v0,60,5,0,left,1,right,"[3.9134256839752197, 1.0301706790924072, 1.5415339469909668, 9.003777503967285, 0.12064941227436066, 0.40615585446357727]",4.550949416946073e-21,1.0,true,true,0.14795605838298798,0.1742183417081833,0.05023193359375,4.8675689697265625,41997,true,true,false,true,59.36147990002064,15.033764399995562,"[3.9134256839752197, 1.0301706790924072, 1.5415339469909668, 9.003777503967285, 0.12064941227436066, 1.7847539186477661]","[3.9814438819885254, 1.1181700229644775, 1.5056043863296509, 9.018868446350098, 0.09712159633636475, 2.0246686935424805]",,
750,ft,fruit-tree-v0,60,6,1,right,0,left,"[3.9134256839752197, 1.0301706790924072, 1.5415339469909668, 9.003777503967285, 0.12064941227436066, 0.40615585446357727]",1.9802914210647003e-35,1.0,true,true,0.6309909224510193,0.48091959953308105,0.054149627685546875,2.5574951171875,41997,true,true,true,true,62.07983430000604,12.103982300002826,"[4.7874956130981445, 2.921466827392578, 1.5415339469909668, 7.100873947143555, 2.988121271133423, 4.618348121643066]","[8.236555099487305, 1.1147407293319702, 0.262256383895874, 8.999222755432129, 0.16917462646961212, 0.06562861800193787]",,
751,ft,fruit-tree-v0,69,0,1,right,0,left,"[4.905416011810303, 6.6846208572387695, 3.2935233116149902, 1.2507531642913818, 4.1441874504089355, 1.29103422164917]",1.6941846776445633e-17,1.0,true,true,0.16778331995010376,0.15276828408241272,0.05059051513671875,13.652046203613281,41997,true,true,true,true,64.18017609999515,10.683381799986819,"[6.124335289001465, 6.59694242477417, 2.384263038635254, 1.1388249397277832, 4.1441874504089355, 1.29103422164917]","[5.857152462005615, 6.3936944007873535, 3.417767286300659, 1.6243705749511719, 4.350242614746094, 2.2143447399139404]",,
752,ft,fruit-tree-v0,69,1,1,right,0,left,"[4.905416011810303, 6.6846208572387695, 3.2935233116149902, 1.2507531642913818, 4.1441874504089355, 1.29103422164917]",4.646564910615325e-09,1.0,true,true,0.043479349464178085,0.036553602665662766,0.05035400390625,12.163646697998047,41997,true,true,true,true,59.126166200003354,10.063563000003342,"[5.1359992027282715, 6.6846208572387695, 2.9960875511169434, 1.170059084892273, 4.1441874504089355, 1.29103422164917]","[5.024178981781006, 6.755424499511719, 3.1297309398651123, 1.0905426740646362, 4.055258274078369, 1.4640015363693237]",,
753,ft,fruit-tree-v0,69,2,0,left,1,right,"[4.905416011810303, 6.6846208572387695, 3.2935233116149902, 1.2507531642913818, 4.1441874504089355, 1.29103422164917]",2.1894870638750064e-10,1.0,true,true,0.0374457873404026,0.03683795779943466,0.05004119873046875,0.133514404296875,41997,true,true,true,true,61.26013760000933,11.022092300001532,"[4.890883445739746, 6.6846208572387695, 3.2935233116149902, 1.592649221420288, 4.1441874504089355, 1.29103422164917]","[4.668917179107666, 6.685791015625, 3.410788059234619, 1.4184088706970215, 4.044334888458252, 1.2005287408828735]",,
754,ft,fruit-tree-v0,69,3,0,left,1,right,"[4.905416011810303, 6.6846208572387695, 3.2935233116149902, 1.2507531642913818, 4.1441874504089355, 1.29103422164917]",6.225860715858289e-09,1.0,true,true,0.031926222145557404,0.034783847630023956,0.05045318603515625,5.768913269042969,41997,true,true,false,true,63.82405409999774,11.005378899979405,"[4.905416011810303, 6.6846208572387695, 3.2935233116149902, 1.542496919631958, 4.1441874504089355, 1.29103422164917]","[4.746681213378906, 6.6412224769592285, 3.454909324645996, 1.4194103479385376, 4.14584493637085, 1.1574968099594116]",,
755,ft,fruit-tree-v0,69,4,0,left,1,right,"[4.905416011810303, 6.6846208572387695, 3.2935233116149902, 1.2507531642913818, 4.1441874504089355, 1.29103422164917]",7.863102905710303e-19,1.0,true,true,0.09186918288469315,0.07294489443302155,0.0506134033203125,7.287055969238281,41997,true,true,true,true,55.10826629999792,7.738595200004056,"[4.905416011810303, 6.6846208572387695, 3.2935233116149902, 2.090259313583374, 4.1441874504089355, 1.29103422164917]","[4.87153434753418, 6.454836845397949, 3.659942150115967, 1.5683921575546265, 4.36409854888916, 0.9968360662460327]",,
756,ft,fruit-tree-v0,69,5,0,left,1,right,"[4.905416011810303, 6.6846208572387695, 3.2935233116149902, 1.2507531642913818, 4.1441874504089355, 1.29103422164917]",9.509850684707999e-09,1.0,true,true,0.029058469459414482,0.040871553122997284,0.0501708984375,8.018730163574219,41997,true,true,true,true,58.447588900016854,10.608150699990802,"[4.865536689758301, 6.645722389221191, 3.290407657623291, 1.5094839334487915, 4.122742652893066, 1.29103422164917]","[4.638617992401123, 6.662432670593262, 3.438448905944824, 1.4218177795410156, 4.050265312194824, 1.1841329336166382]",,
757,ft,fruit-tree-v0,69,6,1,right,0,left,"[4.905416011810303, 6.6846208572387695, 3.2935233116149902, 1.2507531642913818, 4.1441874504089355, 1.29103422164917]",1.3827123590865625e-15,1.0,true,true,0.1086118146777153,0.05910108610987663,0.05072021484375,2.0773162841796875,41997,true,true,true,true,57.88927410001634,11.333331000001635,"[5.379020690917969, 6.036339282989502, 2.7789292335510254, 1.1511409282684326, 4.062464237213135, 1.2838096618652344]","[5.185814380645752, 6.728189945220947, 3.004971981048584, 0.9877967834472656, 4.24985933303833, 1.4968222379684448]",,
758,ft,fruit-tree-v0,78,0,0,left,1,right,"[5.736904144287109, 1.6496555805206299, 0.648708701133728, 5.255485534667969, 5.845417499542236, 1.468575119972229]",1.2286750765845133e-15,1.0,true,true,0.05580524355173111,0.08978819847106934,0.05014801025390625,17.646286010742188,41997,true,true,true,false,61.664123700000346,9.977416399982758,"[5.736904144287109, 1.6496555805206299, 0.648708701133728, 5.255485534667969, 5.845417499542236, 1.9885470867156982]","[5.810815334320068, 1.9016993045806885, 0.5922353863716125, 4.890981674194336, 5.341214656829834, 1.9425771236419678]",,
759,ft,fruit-tree-v0,78,1,1,right,0,left,"[5.736904144287109, 1.6496555805206299, 0.648708701133728, 5.255485534667969, 5.845417499542236, 1.468575119972229]",7.174978833290879e-08,0.9999998807907104,true,true,0.023646434769034386,0.02869231253862381,0.0503997802734375,0.1891326904296875,41997,true,true,true,true,63.382107399986126,7.077697100001387,"[5.736904144287109, 1.6496555805206299, 0.648708701133728, 5.255485534667969, 5.845417499542236, 1.248246669769287]","[5.685140609741211, 1.5891872644424438, 0.6842004060745239, 5.381442546844482, 6.01459264755249, 1.3348023891448975]",,
760,ft,fruit-tree-v0,78,2,0,left,1,right,"[5.736904144287109, 1.6496555805206299, 0.648708701133728, 5.255485534667969, 5.845417499542236, 1.468575119972229]",2.7065936297754334e-12,1.0,true,true,0.11132899671792984,0.08883259445428848,0.0500640869140625,10.75185775756836,41997,true,true,true,true,58.679624800017336,9.630590599990683,"[5.736904144287109, 1.5858500003814697, 0.9668881893157959, 5.255485534667969, 4.8750715255737305, 1.4636483192443848]","[5.94419002532959, 1.6566085815429688, 0.6366764903068542, 5.169421195983887, 5.146003723144531, 1.8457990884780884]",,
761,ft,fruit-tree-v0,78,3,0,left,1,right,"[5.736904144287109, 1.6496555805206299, 0.648708701133728, 5.255485534667969, 5.845417499542236, 1.468575119972229]",4.246658491524613e-08,1.0,true,true,0.025877049192786217,0.0429341197013855,0.0503082275390625,10.064788818359375,41997,true,true,true,true,61.43283520001569,6.557892999990145,"[5.736904144287109, 1.6496555805206299, 0.648708701133728, 5.255485534667969, 5.845417499542236, 1.70968759059906]","[5.805058479309082, 1.7196694612503052, 0.6361314654350281, 5.1406636238098145, 5.567631721496582, 1.7100229263305664]",,
762,ft,fruit-tree-v0,78,4,1,right,0,left,"[5.736904144287109, 1.6496555805206299, 0.648708701133728, 5.255485534667969, 5.845417499542236, 1.468575119972229]",2.3554538527981173e-11,1.0,true,true,0.03369302302598953,0.06320010870695114,0.050510406494140625,9.624908447265625,41997,true,true,true,false,60.06632620000164,8.440858199988725,"[5.736904144287109, 1.6496555805206299, 0.648708701133728, 5.255485534667969, 5.845417499542236, 1.1546363830566406]","[5.693115711212158, 1.5083330869674683, 0.6973140835762024, 5.197586536407471, 6.313783645629883, 1.1606764793395996]",,
763,ft,fruit-tree-v0,78,5,0,left,1,right,"[5.736904144287109, 1.6496555805206299, 0.648708701133728, 5.255485534667969, 5.845417499542236, 1.468575119972229]",3.7163712107712854e-08,1.0,true,true,0.027012936770915985,0.04212772473692894,0.05019378662109375,9.058338165283203,41997,true,true,false,true,60.31165959997452,10.511728400015272,"[5.736904144287109, 1.6496555805206299, 0.648708701133728, 5.255485534667969, 5.845417499542236, 1.720271348953247]","[5.758235454559326, 1.7595657110214233, 0.6231971979141235, 5.251082420349121, 5.556338787078857, 1.7029420137405396]",,
764,ft,fruit-tree-v0,78,6,1,right,0,left,"[5.736904144287109, 1.6496555805206299, 0.648708701133728, 5.255485534667969, 5.845417499542236, 1.468575119972229]",7.826797293609982e-28,1.0,true,true,0.21911808848381042,0.2420702874660492,0.051227569580078125,5.504890441894531,41997,true,true,true,true,61.2736732000194,9.424155900022015,"[5.736904144287109, 1.6496555805206299, 2.04196834564209, 5.255485534667969, 5.668132781982422, 2.812770366668701]","[5.972660541534424, 1.6872057914733887, 0.9234257936477661, 6.579860210418701, 4.253413677215576, 2.21769380569458]",,
765,ft,fruit-tree-v0,86,0,0,left,1,right,"[6.880882263183594, 6.0284342765808105, 0.021046549081802368, 4.004815101623535, 0.4811112582683563, 0.20243632793426514]",0.0,1.0,true,true,0.17403768002986908,0.3845122158527374,0.0537567138671875,0.28619384765625,41997,true,true,false,true,64.8568563000008,10.868593799998052,"[5.992268085479736, 6.01072883605957, 0.977776050567627, 4.173576831817627, 0.8989002704620361, 0.954072892665863]","[3.3769075870513916, 6.774190425872803, 0.025783007964491844, 3.420325994491577, 0.655860185623169, 0.2795793414115906]",,
766,ft,fruit-tree-v0,86,1,0,left,1,right,"[6.880882263183594, 6.0284342765808105, 0.021046549081802368, 4.004815101623535, 0.4811112582683563, 0.20243632793426514]",0.0,1.0,true,true,0.14206476509571075,0.34517377614974976,0.05272674560546875,7.326892852783203,41997,true,true,true,true,56.38350500000524,9.253868300002068,"[6.499875068664551, 6.014339923858643, 0.9053682088851929, 4.037553310394287, 0.7556315660476685, 0.9747792482376099]","[3.873812675476074, 7.0879950523376465, 0.023373184725642204, 3.4179296493530273, 0.6086406111717224, 0.24040882289409637]",,
767,ft,fruit-tree-v0,86,2,0,left,1,right,"[6.880882263183594, 6.0284342765808105, 0.021046549081802368, 4.004815101623535, 0.4811112582683563, 0.20243632793426514]",9.82255249359909e-12,1.0,true,true,0.02550950087606907,0.07911735773086548,0.050724029541015625,4.3164215087890625,41997,true,true,true,true,60.63799509999808,8.386627200001385,"[6.880882263183594, 6.0284342765808105, 0.22694970667362213, 4.004815101623535, 0.4811112582683563, 0.27734655141830444]","[6.330079555511475, 6.422691822052002, 0.021580489352345467, 3.7350292205810547, 0.5056139230728149, 0.21177546679973602]",,
768,ft,fruit-tree-v0,86,3,0,left,1,right,"[6.880882263183594, 6.0284342765808105, 0.021046549081802368, 4.004815101623535, 0.4811112582683563, 0.20243632793426514]",0.0,1.0,true,true,0.12737546861171722,0.30339914560317993,0.05153656005859375,7.489917755126953,41997,true,true,true,true,58.76364019999164,10.52880629998981,"[6.539611339569092, 6.0284342765808105, 0.8694335222244263, 4.043542861938477, 0.6058042645454407, 0.8469319343566895]","[4.106667518615723, 6.7208733558654785, 0.023136647418141365, 3.8848953247070312, 0.6495027542114258, 0.21983648836612701]",,
769,ft,fruit-tree-v0,86,4,1,right,0,left,"[6.880882263183594, 6.0284342765808105, 0.021046549081802368, 4.004815101623535, 0.4811112582683563, 0.20243632793426514]",2.460726121564921e-13,1.0,true,true,0.09459330886602402,0.07897090166807175,0.050563812255859375,8.052009582519531,41997,true,true,true,false,60.00610259998939,8.683507699985057,"[6.880882263183594, 5.197917938232422, 0.021046549081802368, 4.004815101623535, 0.4811112582683563, 0.20243632793426514]","[7.349205017089844, 5.517808437347412, 0.020757822319865227, 4.190648555755615, 0.4543232321739197, 0.19605110585689545]",,
770,ft,fruit-tree-v0,86,5,0,left,1,right,"[6.880882263183594, 6.0284342765808105, 0.021046549081802368, 4.004815101623535, 0.4811112582683563, 0.20243632793426514]",0.0,1.0,true,true,0.14691652357578278,0.33107349276542664,0.052646636962890625,1.5095329284667969,41997,true,true,true,true,62.16682420001598,8.7272118999972,"[6.399965286254883, 6.0284342765808105, 0.9697883129119873, 4.004815101623535, 0.4811112582683563, 0.9580760598182678]","[3.7681386470794678, 6.292517185211182, 0.024248188361525536, 4.325131893157959, 0.4603866934776306, 0.26875579357147217]",,
771,ft,fruit-tree-v0,86,6,1,right,0,left,"[6.880882263183594, 6.0284342765808105, 0.021046549081802368, 4.004815101623535, 0.4811112582683563, 0.20243632793426514]",1.3119914522981056e-21,1.0,true,true,0.24739834666252136,0.2255273461341858,0.0507965087890625,0.2222118377685547,41997,true,true,true,true,64.25685899998643,6.322631500021089,"[6.880882263183594, 6.0284342765808105, 0.021046549081802368, 4.004815101623535, 2.1591434478759766, 1.7750205993652344]","[6.159773826599121, 7.744913101196289, 0.019009588286280632, 4.173463344573975, 1.2305673360824585, 0.23025427758693695]",,
772,ft,fruit-tree-v0,95,0,0,left,1,right,"[9.497293472290039, 2.9891040325164795, 0.19374418258666992, 0.48817864060401917, 0.7503450512886047, 0.16672278940677643]",0.0,1.0,true,true,0.22015082836151123,0.30031540989875793,0.052825927734375,80.53020477294922,41997,true,true,true,true,58.53728700001375,7.507033200003207,"[9.497293472290039, 2.9891040325164795, 1.9180305004119873, 0.48817864060401917, 0.7503450512886047, 0.9663195013999939]","[9.497293472290039, 1.8617583513259888, 2.3270578384399414, 0.08160018920898438, 0.02838832139968872, 0.6554298996925354]",,
773,ft,fruit-tree-v0,95,1,0,left,1,right,"[9.497293472290039, 2.9891040325164795, 0.19374418258666992, 0.48817864060401917, 0.7503450512886047, 0.16672278940677643]",0.0,1.0,true,true,0.17334483563899994,0.3170056641101837,0.05291748046875,51.62602233886719,41997,true,true,true,true,64.0835761000053,11.599637600011192,"[9.497293472290039, 2.9891040325164795, 1.5272738933563232, 0.48817864060401917, 0.7503450512886047, 0.8555060625076294]","[9.497210502624512, 5.401594161987305, 1.4187283515930176, 0.2761640250682831, 0.18747830390930176, 0.21474888920783997]",,
774,ft,fruit-tree-v0,95,2,0,left,1,right,"[9.497293472290039, 2.9891040325164795, 0.19374418258666992, 0.48817864060401917, 0.7503450512886047, 0.16672278940677643]",3.240129101236971e-23,1.0,true,true,0.06018904969096184,0.17044422030448914,0.05002593994140625,17.62139129638672,41997,true,true,true,true,60.56362710002577,9.762446100008674,"[9.497293472290039, 2.9891040325164795, 0.6934372186660767, 0.48817864060401917, 0.7503450512886047, 0.28852182626724243]","[9.497279167175293, 4.445598602294922, 0.29016023874282837, 0.3973196744918823, 0.4160009026527405, 0.18805962800979614]",,
775,ft,fruit-tree-v0,95,3,0,left,1,right,"[9.497293472290039, 2.9891040325164795, 0.19374418258666992, 0.48817864060401917, 0.7503450512886047, 0.16672278940677643]",0.0,1.0,true,true,0.12408719211816788,0.1218450516462326,0.0512542724609375,15.126960754394531,41997,true,true,false,true,61.99900690000504,7.748420599993551,"[9.497293472290039, 2.9891040325164795, 1.2491135597229004, 0.48817864060401917, 0.7503450512886047, 0.16672278940677643]","[9.497260093688965, 2.829261064529419, 1.0626829862594604, 0.30353087186813354, 0.1892213225364685, 0.19545359909534454]",,
776,ft,fruit-tree-v0,95,4,0,left,1,right,"[9.497293472290039, 2.9891040325164795, 0.19374418258666992, 0.48817864060401917, 0.7503450512886047, 0.16672278940677643]",5.277023010531749e-27,1.0,true,true,0.09384925663471222,0.18723955750465393,0.0500640869140625,11.340194702148438,41997,true,true,false,true,61.488882700010436,9.67450920000556,"[9.478228569030762, 3.1288976669311523, 0.9458487033843994, 0.4932156503200531, 0.7545955181121826, 0.41842347383499146]","[9.497273445129395, 4.620152473449707, 0.2354891449213028, 0.421083003282547, 0.5499516129493713, 0.1827157735824585]",,
777,ft,fruit-tree-v0,95,5,0,left,1,right,"[9.497293472290039, 2.9891040325164795, 0.19374418258666992, 0.48817864060401917, 0.7503450512886047, 0.16672278940677643]",0.0,1.0,true,true,0.12402799725532532,0.13044705986976624,0.053867340087890625,32.575904846191406,41997,true,true,true,true,61.76038999998127,7.641496900003403,"[9.497293472290039, 2.9891040325164795, 1.1990042924880981, 0.48817864060401917, 0.7503450512886047, 0.51694256067276]","[9.497272491455078, 2.713299512863159, 1.078262448310852, 0.36975058913230896, 0.09589201211929321, 0.2439730316400528]",,
778,ft,fruit-tree-v0,95,6,0,left,1,right,"[9.497293472290039, 2.9891040325164795, 0.19374418258666992, 0.48817864060401917, 0.7503450512886047, 0.16672278940677643]",0.0,1.0,true,true,0.15289831161499023,0.27817973494529724,0.0536346435546875,91.33826446533203,41997,true,true,true,true,62.8566637999902,12.4838027000078,"[9.497293472290039, 2.9891040325164795, 1.476800560951233, 0.48817864060401917, 0.7503450512886047, 0.3986865282058716]","[9.497223854064941, 4.823749542236328, 1.6441590785980225, 0.26999497413635254, 0.16447734832763672, 0.24921642243862152]",,
779,bb,breakable-bottles-v0,0,1,0,move left,1,move right,"[-9.0, 50.0, 0.0]",1.4025777067550038e-12,1.0,true,false,0.05343276634812355,0.0,0.050074100494384766,-27.292709350585938,41997,true,true,false,false,56.80297270001029,8.055221399990842,"[-3.6572265625, 50.0, -0.00080661237007007]","[-9.0, 50.0, 0.0]",,
780,bb,breakable-bottles-v0,0,2,0,move left,1,move right,"[-8.0, 50.0, 0.0]",8.449447738700933e-13,1.0,true,false,0.04473302885890007,0.0,0.05061626434326172,-27.79950523376465,41997,true,true,false,false,55.78720799999428,8.790675099997316,"[-3.5268402099609375, 50.0, -0.00039365849806927145]","[-8.0, 50.0, 0.0]",,
781,bb,breakable-bottles-v0,0,3,0,move left,1,move right,"[-7.0, 50.0, 0.0]",5.854303684452763e-16,1.0,true,false,0.037473734468221664,0.0,0.05249929428100586,-35.07418441772461,41997,true,true,false,false,55.28981570000178,7.697244199982379,"[-3.25274658203125, 50.0, -0.0003297754155937582]","[-7.0, 50.0, 0.0]",,
782,bb,breakable-bottles-v0,0,4,2,pick up bottle,1,move right,"[-6.0, 50.0, 0.0]",2.7802429412512875e-13,1.0,false,false,0.050000011920928955,0.0,-3.559380054473877,-28.911067962646484,36873,false,false,false,false,51.191856300021755,7.295237099984661,"[-1.0, 50.0, -3.776273661060259e-05]","[-6.0, 50.0, 0.0]",,
783,bb,breakable-bottles-v0,0,5,2,pick up bottle,1,move right,"[-5.0, 50.0, 0.0]",3.0064590140349567e-12,1.0,false,false,0.03999999910593033,0.0,-6.202548503875732,-26.530258178710938,36873,false,false,false,false,48.20392400000128,8.287143199995626,"[-1.0, 50.0, 0.0]","[-5.0, 50.0, 0.0]",,
784,bb,breakable-bottles-v0,0,7,1,move right,0,move left,"[-3.0, 50.0, 0.0]",2.3957202476850405e-15,1.0,true,true,0.010366572998464108,0.011735229752957821,0.050696372985839844,3.7636218070983887,41033,true,true,true,true,52.596345300000394,10.875832599995192,"[-4.036657333374023, 50.0, 0.0]","[-4.17352294921875, 49.99997329711914, 0.0]",,
785,bb,breakable-bottles-v0,0,8,1,move right,0,move left,"[-2.0, 50.0, 0.0]",6.980013626551457e-14,1.0,true,false,0.015487320721149445,0.015459518879652023,0.050283193588256836,0.002634763717651367,41113,true,true,true,true,55.77700289999484,9.098258799989708,"[-3.548732042312622, 50.0, 0.0]","[-3.5459518432617188, 49.99997329711914, 0.0]",,
786,bb,breakable-bottles-v0,0,9,1,move right,0,move left,"[-1.0, 50.0, 0.0]",1.514578799833785e-13,1.0,true,true,0.021483704447746277,0.021687544882297516,0.051253437995910645,0.4670795202255249,41997,true,true,true,true,48.96522109999205,8.305722799996147,"[-3.1483705043792725, 50.0, 0.0]","[-3.1687545776367188, 49.99983215332031, 0.0]",,
787,rsg2,resource-gathering-v0,0,0,0,up,3,right,"[0.0, 1.0, 1.0]",0.23370349407196045,0.7662965059280396,false,false,1.3066349029541016,0.0,-1.1482369899749756,-1.1875159740447998,31583,false,false,false,false,39.59853859999566,11.204316799994558,"[-1.100000023841858, 0.07489097118377686, 1.0]","[0.0, 1.0, 1.0]",,
788,rsg2,resource-gathering-v0,0,0,0,up,2,left,"[0.0, 1.0, 1.0]",1.0174135839369214e-10,0.7662965059280396,false,false,1.3335795402526855,0.0,-18.63987922668457,-22.742401123046875,31583,false,false,false,false,43.6983114000177,11.041253599978518,"[-1.100000023841858, 0.029481828212738037, 1.0]","[0.0, 1.0, 1.0]",,
789,rsg2,resource-gathering-v0,0,1,0,up,3,right,"[0.0, 1.0, 1.0]",0.11780038475990295,0.8821996450424194,true,false,0.7884320020675659,0.0,0.05048775672912598,-2.0134267807006836,41997,true,true,false,false,56.0692379999964,12.083737700013444,"[-0.12222403287887573, 1.0, 0.14138036966323853]","[0.0, 1.0, 1.0]",,
790,rsg2,resource-gathering-v0,0,1,0,up,2,left,"[0.0, 1.0, 1.0]",1.5932568597776253e-09,0.8821996450424194,false,false,1.3790545463562012,0.0,-9.396470069885254,-20.13214874267578,31583,false,false,false,false,21.82969569999841,8.174822500004666,"[0.0, -0.04458963871002197, -0.10000000149011612]","[0.0, 1.0, 1.0]",,
791,rsg2,resource-gathering-v0,0,2,0,up,3,right,"[0.0, 1.0, 1.0]",0.18301019072532654,0.8121160864830017,true,false,1.313351035118103,0.0,0.053537070751190186,-1.4901014566421509,32575,true,true,false,false,42.211771899979794,12.002753200009465,"[0.0, -0.0998992919921875, 0.06333589553833008]","[0.0, 1.0, 1.0]",,
792,rsg2,resource-gathering-v0,0,2,0,up,2,left,"[0.0, 1.0, 1.0]",0.00487373536452651,0.8121160864830017,true,false,1.3449699878692627,0.0,0.0703892707824707,-5.115782737731934,34047,true,true,false,false,43.446195899974555,12.740608599997358,"[0.0, -0.08593451976776123, -0.0047730207443237305]","[0.0, 1.0, 1.0]",,
793,rsg2,resource-gathering-v0,0,3,0,up,3,right,"[0.0, 1.0, 1.0]",4.792987373274446e-30,1.0,true,false,1.2970051765441895,0.0,0.06418228149414062,-67.5103988647461,35007,true,true,true,false,44.4247421999753,10.510945200017886,"[0.0, -0.10000000149011612, 0.09143567085266113]","[0.0, 1.0, 1.0]",,
794,rsg2,resource-gathering-v0,0,3,0,up,1,down,"[0.0, 1.0, 1.0]",0.0,1.0,false,false,1.2972179651260376,0.0,-502.8860168457031,-559.4343872070312,31583,false,false,false,false,39.04372780001722,11.23263099999167,"[0.0, -0.10000000149011612, 0.09106814861297607]","[0.0, 1.0, 1.0]",,
795,rsg2,resource-gathering-v0,0,4,3,right,1,down,"[0.0, 1.0, 1.0]",3.6628652891924845e-20,1.0,false,false,1.361880898475647,0.0,-20.144039154052734,-44.753456115722656,31583,false,false,false,false,41.68725420002011,14.216097500000615,"[-1.100000023841858, -0.01696145534515381, 1.0]","[0.0, 1.0, 1.0]",,
796,rsg2,resource-gathering-v0,0,4,3,right,2,left,"[0.0, 1.0, 1.0]",0.0,1.0,false,false,1.3861559629440308,0.0,-186.1953582763672,-294.1578063964844,31583,false,false,false,false,40.76397870000801,10.514211599976989,"[-1.0999999046325684, -0.05590176582336426, 1.0]","[0.0, 1.0, 1.0]",,
